cluster_id,pcm_id,family,pcm_type,Tm_C,latent_heat_kJ_kg,cycles_tested,supercooling_K,flammable_raw,encapsulated_raw,source,breakeven_kappa,rescuable_by_kappa,calibrated_kappa,calibration_status,c1_melting_window,c2_absolute_band,c3_latent_heat,c4_cycling,c5_supercooling,c6_charging_feasibility,c7_corrosion_veto,c8_safety,survives_all,upstream_cluster_profile_fingerprint,density_kg_m3,TC_W_mK,Cp_kJ_kgK,cost,corrosion_score,any_property_imputed,name,Tm_target_C,L_required_kJ_per_kg,Tm_fitness,latent_heat,vol_latent_heat,thermal_conductivity,cycling,supercooling,corrosion,topsis_score,promethee_flow,vikor_Q,vikor_S,vikor_R,gra_grade,topsis_rank,promethee_rank,vikor_rank,gra_rank,borda_score,copeland_score,consensus_rank,copeland_rank,kendall_w,borda_copeland_agree,weight_Tm_fitness,entropy_weight_Tm_fitness,prior_weight_Tm_fitness,weight_latent_heat,entropy_weight_latent_heat,prior_weight_latent_heat,weight_vol_latent_heat,entropy_weight_vol_latent_heat,prior_weight_vol_latent_heat,weight_thermal_conductivity,entropy_weight_thermal_conductivity,prior_weight_thermal_conductivity,weight_cycling,entropy_weight_cycling,prior_weight_cycling,weight_supercooling,entropy_weight_supercooling,prior_weight_supercooling,weight_corrosion,entropy_weight_corrosion,prior_weight_corrosion,weight_cost,entropy_weight_cost,prior_weight_cost,mc_top3_inclusion_pct,mc_top1_retention_pct,mc_rank_reversal_freq_cluster,mc_mean_spearman_vs_baseline_cluster,top3_inclusion_probability,top1_retention_rate,mean_spearman_rho_vs_baseline,n_draws
0,savE® OM42,Pluss Advanced Technologies,Organic,44.0,199.0,2000.0,1.0,Yes,,manufacturer_datasheet_MICE_RF_PMM_completed,0.6362019257736636,True,0.5,in_band,pass,pass,pass,pass,pass,pass,not_applicable,flag_unverified_toxicity_flammable_raw=Yes,True,2554_3_1788253415.653,903.0,0.429,2.78,,1.0,True,savE® OM42,57.0,312.79377181702625,0.005086069231012701,199.0,179.697,0.429,2000.0,1.0,1.0,0.4137200831226109,0.1488758051211111,0.7063416552848485,0.5236013707145747,0.26509153430115845,0.13622794844122396,6,4,6,2,18.0,0,5,5,0.3875,True,0.26509153430115845,0.30376797426269425,0.22641509433962262,0.09911434468691235,0.00954944409080583,0.18867924528301888,0.05997024848693253,0.006732949804053756,0.11320754716981131,0.07692149502591467,0.03120148061786707,0.12264150943396226,0.05720507975127525,0.010636574596890134,0.10377358490566037,0.3567916373704482,0.6381115766276889,0.07547169811320754,0.056603773584905655,0.0,0.11320754716981131,0.028301886792452827,0.0,0.056603773584905655,25.8,2.7,0.999,0.7411902519178084,25.8,2.7,0.7411902519178084,1000
0,RT47,Rubitherm Technologies,Organic (RT-line),44.5,160.0,1665.0,0.0,No,,manufacturer_datasheet_MICE_RF_PMM_completed,0.511519136300433,True,0.5,in_band,pass,pass,pass,pass,pass,pass,not_applicable,flag_unverified_toxicity_flammable_raw=No,True,2554_3_1788253415.653,880.0,0.2,2.0,,1.0,True,RT47,57.0,312.79377181702625,0.0075756774442599355,160.0,140.8,0.2,1665.0,0.0,1.0,0.5943528770030002,0.0936857604503897,0.7619061841176371,0.5742262862376515,0.2562296626647373,0.1309234658322344,4,7,7,9,9.0,-4,8,7,0.3875,False,0.26509153430115845,0.30376797426269425,0.22641509433962262,0.09911434468691235,0.00954944409080583,0.18867924528301888,0.05997024848693253,0.006732949804053756,0.11320754716981131,0.07692149502591467,0.03120148061786707,0.12264150943396226,0.05720507975127525,0.010636574596890134,0.10377358490566037,0.3567916373704482,0.6381115766276889,0.07547169811320754,0.056603773584905655,0.0,0.11320754716981131,0.028301886792452827,0.0,0.056603773584905655,1.7000000000000002,0.0,0.999,0.7411902519178084,1.7000000000000002,0.0,0.7411902519178084,1000
0,n-Docosane (C22),Literature,Organic n-alkane,44.5,249.0,1440.0,0.2000000000000028,No,,manufacturer_datasheet_MICE_RF_PMM_completed,0.7960516558675489,True,0.5,in_band,pass,pass,pass,pass,pass,pass,not_applicable,flag_unverified_toxicity_flammable_raw=No,True,2554_3_1788253415.653,880.0,0.2,2.06,,1.0,True,n-Docosane (C22),57.0,312.79377181702625,0.0075756774442599355,249.0,219.12,0.2,1440.0,0.2000000000000028,1.0,0.5673546628455335,0.16275158923402744,0.5899424422218948,0.4545777825413418,0.2562296626647373,0.13390264194507823,5,2,4,5,20.0,3,3,3,0.3875,True,0.26509153430115845,0.30376797426269425,0.22641509433962262,0.09911434468691235,0.00954944409080583,0.18867924528301888,0.05997024848693253,0.006732949804053756,0.11320754716981131,0.07692149502591467,0.03120148061786707,0.12264150943396226,0.05720507975127525,0.010636574596890134,0.10377358490566037,0.3567916373704482,0.6381115766276889,0.07547169811320754,0.056603773584905655,0.0,0.11320754716981131,0.028301886792452827,0.0,0.056603773584905655,54.3,13.2,0.999,0.7411902519178084,54.3,13.2,0.7411902519178084,1000
0,Lauric acid (C12),Literature,Organic fatty acid,44.8,184.0,2000.0,0.0,Yes,,manufacturer_datasheet_MICE_RF_PMM_completed,0.588247006745498,True,0.5,in_band,pass,pass,pass,pass,pass,pass,not_applicable,flag_unverified_toxicity_flammable_raw=Yes,True,2554_3_1788253415.653,960.0,0.2,1.6,,1.0,True,Lauric acid (C12),57.0,312.79377181702625,0.00954965739502029,184.0,176.64,0.2,2000.0,0.0,1.0,0.6012497866857964,0.12476045733135682,0.6251860354899728,0.48858588183797447,0.24920319285979936,0.13588438788243948,3,5,5,3,20.0,1,3,4,0.3875,False,0.26509153430115845,0.30376797426269425,0.22641509433962262,0.09911434468691235,0.00954944409080583,0.18867924528301888,0.05997024848693253,0.006732949804053756,0.11320754716981131,0.07692149502591467,0.03120148061786707,0.12264150943396226,0.05720507975127525,0.010636574596890134,0.10377358490566037,0.3567916373704482,0.6381115766276889,0.07547169811320754,0.056603773584905655,0.0,0.11320754716981131,0.028301886792452827,0.0,0.056603773584905655,62.3,9.4,0.999,0.7411902519178084,62.3,9.4,0.7411902519178084,1000
0,RT45HC,Rubitherm Technologies,Organic (RT-line),45.0,240.0,1216.0,0.0,No,,manufacturer_datasheet_MICE_RF_PMM_completed,0.7672787044506495,True,0.5,in_band,pass,pass,pass,pass,pass,pass,not_applicable,flag_unverified_toxicity_flammable_raw=No,True,2554_3_1788253415.653,880.0,0.2,2.0,,1.0,True,RT45HC,57.0,312.79377181702625,0.011108996538242306,240.0,211.2,0.2,1216.0,0.0,1.0,0.6065497726161713,0.15609861447117102,0.5609899988368383,0.451413474643762,0.24365265552972828,0.13280050427371187,2,3,3,6,22.0,4,2,2,0.3875,True,0.26509153430115845,0.30376797426269425,0.22641509433962262,0.09911434468691235,0.00954944409080583,0.18867924528301888,0.05997024848693253,0.006732949804053756,0.11320754716981131,0.07692149502591467,0.03120148061786707,0.12264150943396226,0.05720507975127525,0.010636574596890134,0.10377358490566037,0.3567916373704482,0.6381115766276889,0.07547169811320754,0.056603773584905655,0.0,0.11320754716981131,0.028301886792452827,0.0,0.056603773584905655,60.8,20.8,0.999,0.7411902519178084,60.8,20.8,0.7411902519178084,1000
0,savE® OM46,Pluss Advanced Technologies,Organic,47.0,177.0,2000.0,2.0,No,,manufacturer_datasheet_MICE_RF_PMM_completed,0.5658680445323541,True,0.5,in_band,pass,pass,pass,pass,pass,pass,not_applicable,flag_unverified_toxicity_flammable_raw=No,True,2554_3_1788253415.653,917.0,0.35,2.7,,1.0,True,savE® OM46,57.0,312.79377181702625,0.04393693362340742,177.0,162.309,0.35,2000.0,2.0,1.0,0.29455347821550265,0.09523343427753984,0.8094267828488544,0.564754601770239,0.2877351914277807,0.13520379659029408,7,6,8,4,11.0,-4,7,7,0.3875,True,0.26509153430115845,0.30376797426269425,0.22641509433962262,0.09911434468691235,0.00954944409080583,0.18867924528301888,0.05997024848693253,0.006732949804053756,0.11320754716981131,0.07692149502591467,0.03120148061786707,0.12264150943396226,0.05720507975127525,0.010636574596890134,0.10377358490566037,0.3567916373704482,0.6381115766276889,0.07547169811320754,0.056603773584905655,0.0,0.11320754716981131,0.028301886792452827,0.0,0.056603773584905655,11.2,3.3000000000000003,0.999,0.7411902519178084,11.2,3.3000000000000003,0.7411902519178084,1000
0,n-Tricosane (C23),Literature,Organic n-alkane,47.5,232.0,1216.0,2.6000000000000014,No,,manufacturer_datasheet_MICE_RF_PMM_completed,0.7417027476356279,True,0.5,in_band,pass,pass,pass,pass,pass,pass,not_applicable,flag_unverified_toxicity_flammable_raw=No,True,2554_3_1788253415.653,797.0,0.209,2.39,,1.0,True,n-Tricosane (C23),57.0,312.79377181702625,0.059587318761986086,232.0,184.904,0.209,1216.0,2.6000000000000014,1.0,0.28887072767348604,0.08424131727060098,1.0,0.6041184163557622,0.3567916373704483,0.13168161745851295,8,8,9,7,4.0,-7,9,9,0.3875,True,0.26509153430115845,0.30376797426269425,0.22641509433962262,0.09911434468691235,0.00954944409080583,0.18867924528301888,0.05997024848693253,0.006732949804053756,0.11320754716981131,0.07692149502591467,0.03120148061786707,0.12264150943396226,0.05720507975127525,0.010636574596890134,0.10377358490566037,0.3567916373704482,0.6381115766276889,0.07547169811320754,0.056603773584905655,0.0,0.11320754716981131,0.028301886792452827,0.0,0.056603773584905655,6.800000000000001,1.7000000000000002,0.999,0.7411902519178084,6.800000000000001,1.7000000000000002,0.7411902519178084,1000
0,RT50,Rubitherm Technologies,Organic (RT-line),48.0,160.0,1675.0,-0.5,Yes,,manufacturer_datasheet_MICE_RF_PMM_completed,0.511519136300433,True,0.5,in_band,pass,pass,pass,pass,pass,pass,not_applicable,flag_unverified_toxicity_flammable_raw=Yes,True,2554_3_1788253415.653,880.0,0.2,2.0,,1.0,True,RT50,57.0,312.79377181702625,0.07955950871822769,160.0,140.8,0.2,1675.0,-0.5,1.0,0.9255223577607801,0.19245208785707663,0.005016353584456527,0.25971992865787746,0.09911434468691235,0.13105680565669392,1,1,1,8,25.0,8,1,1,0.3875,True,0.26509153430115845,0.30376797426269425,0.22641509433962262,0.09911434468691235,0.00954944409080583,0.18867924528301888,0.05997024848693253,0.006732949804053756,0.11320754716981131,0.07692149502591467,0.03120148061786707,0.12264150943396226,0.05720507975127525,0.010636574596890134,0.10377358490566037,0.3567916373704482,0.6381115766276889,0.07547169811320754,0.056603773584905655,0.0,0.11320754716981131,0.028301886792452827,0.0,0.056603773584905655,90.8,61.6,0.999,0.7411902519178084,90.8,61.6,0.7411902519178084,1000
0,C22H46 (docosane-class paraffin),Paraffin,Organic,44.5,249.0,,,not_reported,,Singh2025_Table2_literature,0.7960516558675489,True,0.5,in_band,pass,pass,pass,flag_unreported,flag_unknown,pass,not_applicable,flag_unverified_flammability_and_toxicity,True,2554_3_1788253415.653,,,,,1.0,False,C22H46 (docosane-class paraffin),57.0,312.79377181702625,0.0075756774442599355,249.0,,,,,1.0,0.08148257075326436,0.05442936625362743,0.3048683807982738,0.2562296626647373,0.2562296626647373,0.14025366072092862,9,9,2,1,15.0,-1,6,6,0.3875,True,0.26509153430115845,0.30376797426269425,0.22641509433962262,0.09911434468691235,0.00954944409080583,0.18867924528301888,0.05997024848693253,0.006732949804053756,0.11320754716981131,0.07692149502591467,0.03120148061786707,0.12264150943396226,0.05720507975127525,0.010636574596890134,0.10377358490566037,0.3567916373704482,0.6381115766276889,0.07547169811320754,0.056603773584905655,0.0,0.11320754716981131,0.028301886792452827,0.0,0.056603773584905655,4.9,0.6,0.999,0.7411902519178084,4.9,0.6,0.7411902519178084,1000
1,savE® OM42,Pluss Advanced Technologies,Organic,44.0,199.0,2000.0,1.0,Yes,,manufacturer_datasheet_MICE_RF_PMM_completed,0.6543639759468594,True,0.6,in_band,pass,pass,pass,pass,pass,pass,not_applicable,flag_unverified_toxicity_flammable_raw=Yes,True,2554_3_1788253415.653,903.0,0.429,2.78,,1.0,True,savE® OM42,56.99999999999999,304.1120955841871,0.0050860692310127275,199.0,179.697,0.429,2000.0,1.0,1.0,0.3760817770098018,0.152740771949525,0.7483733554162197,0.5415699099434593,0.34167481685652135,0.13609455194322248,11,9,11,2,23.0,-5,8,10,0.6346153846153846,False,0.34167481685652135,0.4537625491373066,0.22958708457573612,0.09919606984709961,0.007069569214419087,0.19132257047978013,0.059076696095881606,0.003359849903895149,0.11479354228786806,0.07765502652396657,0.030950382236076063,0.12435967081185707,0.062028140766530446,0.01882886776918182,0.10522741376387906,0.2812789049655165,0.48602878173912095,0.07652902819191204,0.050391959372516885,2.7293691080603743e-16,0.1007839187450335,0.028698385571967015,0.0,0.05739677114393403,2.2,0.0,1.0,0.7550937965825951,2.2,0.0,0.7550937965825951,1000
1,n-Docosane (C22),Literature,Organic n-alkane,44.5,249.0,1440.0,0.2000000000000028,No,,manufacturer_datasheet_MICE_RF_PMM_completed,0.8187770352299898,True,0.6,in_band,pass,pass,pass,pass,pass,pass,not_applicable,flag_unverified_toxicity_flammable_raw=No,True,2554_3_1788253415.653,880.0,0.2,2.06,,1.0,True,n-Docosane (C22),56.99999999999999,304.1120955841871,0.007575677444259976,249.0,219.12,0.2,1440.0,0.2000000000000028,1.0,0.4468424496894666,0.17622183098309552,0.6811552420869026,0.4926933844030942,0.33979598412947754,0.13328759650872432,10,4,9,8,25.0,-1,7,7,0.6346153846153846,True,0.34167481685652135,0.4537625491373066,0.22958708457573612,0.09919606984709961,0.007069569214419087,0.19132257047978013,0.059076696095881606,0.003359849903895149,0.11479354228786806,0.07765502652396657,0.030950382236076063,0.12435967081185707,0.062028140766530446,0.01882886776918182,0.10522741376387906,0.2812789049655165,0.48602878173912095,0.07652902819191204,0.050391959372516885,2.7293691080603743e-16,0.1007839187450335,0.028698385571967015,0.0,0.05739677114393403,7.000000000000001,1.0,1.0,0.7550937965825951,7.000000000000001,1.0,0.7550937965825951,1000
1,Lauric acid (C12),Literature,Organic fatty acid,44.8,184.0,2000.0,0.0,Yes,,manufacturer_datasheet_MICE_RF_PMM_completed,0.6050400581619202,True,0.6,in_band,pass,pass,pass,pass,pass,pass,not_applicable,flag_unverified_toxicity_flammable_raw=Yes,True,2554_3_1788253415.653,960.0,0.2,1.6,,1.0,True,Lauric acid (C12),56.99999999999999,304.1120955841871,0.00954965739502034,184.0,176.64,0.2,2000.0,0.0,1.0,0.46267001535441793,0.12690925121952307,0.7656813850375241,0.5614493375128071,0.3383062806033234,0.13573994978784742,9,11,12,7,17.0,-7,12,11,0.6346153846153846,False,0.34167481685652135,0.4537625491373066,0.22958708457573612,0.09919606984709961,0.007069569214419087,0.19132257047978013,0.059076696095881606,0.003359849903895149,0.11479354228786806,0.07765502652396657,0.030950382236076063,0.12435967081185707,0.062028140766530446,0.01882886776918182,0.10522741376387906,0.2812789049655165,0.48602878173912095,0.07652902819191204,0.050391959372516885,2.7293691080603743e-16,0.1007839187450335,0.028698385571967015,0.0,0.05739677114393403,3.7,0.0,1.0,0.7550937965825951,3.7,0.0,0.7550937965825951,1000
1,RT45HC,Rubitherm Technologies,Organic (RT-line),45.0,240.0,1216.0,0.0,No,,manufacturer_datasheet_MICE_RF_PMM_completed,0.7891826845590264,True,0.6,in_band,pass,pass,pass,pass,pass,pass,not_applicable,flag_unverified_toxicity_flammable_raw=No,True,2554_3_1788253415.653,880.0,0.2,2.0,,1.0,True,RT45HC,56.99999999999999,304.1120955841871,0.011108996538242365,240.0,211.2,0.2,1216.0,0.0,1.0,0.4636300648847946,0.16534104565300617,0.6988129692579234,0.511516304641667,0.33712949407150816,0.13214294628349488,8,6,10,10,22.0,-3,9,9,0.6346153846153846,True,0.34167481685652135,0.4537625491373066,0.22958708457573612,0.09919606984709961,0.007069569214419087,0.19132257047978013,0.059076696095881606,0.003359849903895149,0.11479354228786806,0.07765502652396657,0.030950382236076063,0.12435967081185707,0.062028140766530446,0.01882886776918182,0.10522741376387906,0.2812789049655165,0.48602878173912095,0.07652902819191204,0.050391959372516885,2.7293691080603743e-16,0.1007839187450335,0.028698385571967015,0.0,0.05739677114393403,5.9,0.4,1.0,0.7550937965825951,5.9,0.4,0.7550937965825951,1000
1,n-Tricosane (C23),Literature,Organic n-alkane,47.5,232.0,1216.0,2.6000000000000014,No,,manufacturer_datasheet_MICE_RF_PMM_completed,0.7628765950737255,True,0.6,in_band,pass,pass,pass,pass,pass,pass,not_applicable,flag_unverified_toxicity_flammable_raw=No,True,2554_3_1788253415.653,797.0,0.209,2.39,,1.0,True,n-Tricosane (C23),56.99999999999999,304.1120955841871,0.05958731876198632,232.0,184.904,0.209,1216.0,2.6000000000000014,1.0,0.18654417804652434,0.06893500648949759,0.8644836070906532,0.7100212069923725,0.30054435675492513,0.13113023506667235,13,13,14,12,4.0,-12,14,14,0.6346153846153846,True,0.34167481685652135,0.4537625491373066,0.22958708457573612,0.09919606984709961,0.007069569214419087,0.19132257047978013,0.059076696095881606,0.003359849903895149,0.11479354228786806,0.07765502652396657,0.030950382236076063,0.12435967081185707,0.062028140766530446,0.01882886776918182,0.10522741376387906,0.2812789049655165,0.48602878173912095,0.07652902819191204,0.050391959372516885,2.7293691080603743e-16,0.1007839187450335,0.028698385571967015,0.0,0.05739677114393403,0.0,0.0,1.0,0.7550937965825951,0.0,0.0,0.7550937965825951,1000
1,savE® OM49,Pluss Advanced Technologies,Organic,49.0,224.0,1200.0,3.5,No,,manufacturer_datasheet_MICE_RF_PMM_completed,0.7365705055884246,True,0.6,in_band,pass,pass,pass,pass,pass,pass,not_applicable,flag_unverified_toxicity_flammable_raw=No,True,2554_3_1788253415.653,816.0,0.208,2.4,,1.0,True,savE® OM49,56.99999999999999,304.1120955841871,0.13533528323661317,224.0,182.784,0.208,1200.0,3.5,1.0,0.20233758586450054,0.08517849837435822,0.8533995237602394,0.73785321328455,0.2812789049655165,0.13072401116472937,12,12,13,13,6.0,-10,13,13,0.6346153846153846,True,0.34167481685652135,0.4537625491373066,0.22958708457573612,0.09919606984709961,0.007069569214419087,0.19132257047978013,0.059076696095881606,0.003359849903895149,0.11479354228786806,0.07765502652396657,0.030950382236076063,0.12435967081185707,0.062028140766530446,0.01882886776918182,0.10522741376387906,0.2812789049655165,0.48602878173912095,0.07652902819191204,0.050391959372516885,2.7293691080603743e-16,0.1007839187450335,0.028698385571967015,0.0,0.05739677114393403,0.1,0.0,1.0,0.7550937965825951,0.1,0.0,0.7550937965825951,1000
1,Paraffin/HDPE PCM3,Literature,Organic blend,49.9,187.0,2000.0,-0.1000000000000014,Yes,,manufacturer_datasheet_MICE_RF_PMM_completed,0.614904841718908,True,0.6,in_band,pass,pass,pass,pass,pass,pass,not_applicable,flag_unverified_toxicity_flammable_raw=Yes,True,2554_3_1788253415.653,952.0,0.206,2.19,,1.0,True,Paraffin/HDPE PCM3,56.99999999999999,304.1120955841871,0.20694287292767813,187.0,178.024,0.206,2000.0,-0.1000000000000014,1.0,0.6358544421095925,0.2100902298193335,0.19351697786751132,0.3971896400963417,0.189339534966093,0.13587528790266273,2,3,3,4,44.0,11,2,2,0.6346153846153846,True,0.34167481685652135,0.4537625491373066,0.22958708457573612,0.09919606984709961,0.007069569214419087,0.19132257047978013,0.059076696095881606,0.003359849903895149,0.11479354228786806,0.07765502652396657,0.030950382236076063,0.12435967081185707,0.062028140766530446,0.01882886776918182,0.10522741376387906,0.2812789049655165,0.48602878173912095,0.07652902819191204,0.050391959372516885,2.7293691080603743e-16,0.1007839187450335,0.028698385571967015,0.0,0.05739677114393403,69.6,27.700000000000003,1.0,0.7550937965825951,69.6,27.700000000000003,0.7550937965825951,1000
1,PlusICE A50,PCM Products Ltd.,Organic PCM,50.0,190.0,1526.0,1.1000000000000014,Yes,,manufacturer_datasheet_MICE_RF_PMM_completed,0.6247696252758959,True,0.6,in_band,pass,pass,pass,pass,pass,pass,not_applicable,flag_unverified_toxicity_flammable_raw=Yes,True,2554_3_1788253415.653,810.0,0.205,2.15,,1.0,True,PlusICE A50,56.99999999999999,304.1120955841871,0.21626516682988797,190.0,153.9,0.205,1526.0,1.1000000000000014,1.0,0.5470434830080511,0.13229009110729162,0.35780549140325024,0.538665088861702,0.18230427906462435,0.1306317802416312,7,10,7,14,18.0,-2,11,8,0.6346153846153846,False,0.34167481685652135,0.4537625491373066,0.22958708457573612,0.09919606984709961,0.007069569214419087,0.19132257047978013,0.059076696095881606,0.003359849903895149,0.11479354228786806,0.07765502652396657,0.030950382236076063,0.12435967081185707,0.062028140766530446,0.01882886776918182,0.10522741376387906,0.2812789049655165,0.48602878173912095,0.07652902819191204,0.050391959372516885,2.7293691080603743e-16,0.1007839187450335,0.028698385571967015,0.0,0.05739677114393403,2.9000000000000004,0.4,1.0,0.7550937965825951,2.9000000000000004,0.4,0.7550937965825951,1000
1,savE® OM50,Pluss Advanced Technologies,Organic,50.0,189.0,2000.0,0.0,Yes,,manufacturer_datasheet_MICE_RF_PMM_completed,0.6214813640902332,True,0.6,in_band,pass,pass,pass,pass,pass,pass,not_applicable,flag_unverified_toxicity_flammable_raw=Yes,True,2554_3_1788253415.653,961.0,0.336,2.78,,1.0,True,savE® OM50,56.99999999999999,304.1120955841871,0.21626516682988797,189.0,181.629,0.336,2000.0,0.0,1.0,0.6455181485797518,0.24504923719960423,0.11315599007689497,0.34782435988993804,0.18230427906462435,0.13598502962301168,1,1,1,3,50.0,13,1,1,0.6346153846153846,True,0.34167481685652135,0.4537625491373066,0.22958708457573612,0.09919606984709961,0.007069569214419087,0.19132257047978013,0.059076696095881606,0.003359849903895149,0.11479354228786806,0.07765502652396657,0.030950382236076063,0.12435967081185707,0.062028140766530446,0.01882886776918182,0.10522741376387906,0.2812789049655165,0.48602878173912095,0.07652902819191204,0.050391959372516885,2.7293691080603743e-16,0.1007839187450335,0.028698385571967015,0.0,0.05739677114393403,83.2,43.6,1.0,0.7550937965825951,83.2,43.6,0.7550937965825951,1000
1,Paraffin/HDPE PCM6,Literature,Organic blend,50.3,187.0,2000.0,1.0,Yes,,manufacturer_datasheet_MICE_RF_PMM_completed,0.614904841718908,True,0.6,in_band,pass,pass,pass,pass,pass,pass,not_applicable,flag_unverified_toxicity_flammable_raw=Yes,True,2554_3_1788253415.653,953.0,0.206,2.19,,1.0,True,Paraffin/HDPE PCM6,56.99999999999999,304.1120955841871,0.2459043843770681,187.0,178.211,0.206,2000.0,1.0,1.0,0.5949945984471469,0.16414696627705305,0.19441498257220852,0.4535635010049777,0.15993644960643894,0.1357730832922024,3,7,4,5,37.0,9,3,3,0.6346153846153846,True,0.34167481685652135,0.4537625491373066,0.22958708457573612,0.09919606984709961,0.007069569214419087,0.19132257047978013,0.059076696095881606,0.003359849903895149,0.11479354228786806,0.07765502652396657,0.030950382236076063,0.12435967081185707,0.062028140766530446,0.01882886776918182,0.10522741376387906,0.2812789049655165,0.48602878173912095,0.07652902819191204,0.050391959372516885,2.7293691080603743e-16,0.1007839187450335,0.028698385571967015,0.0,0.05739677114393403,37.7,7.8,1.0,0.7550937965825951,37.7,7.8,0.7550937965825951,1000
1,Paraffin/HDPE PCM2,Literature,Organic blend,50.6,187.0,2000.0,1.3999999999999986,Yes,,manufacturer_datasheet_MICE_RF_PMM_completed,0.614904841718908,True,0.6,in_band,pass,pass,pass,pass,pass,pass,not_applicable,flag_unverified_toxicity_flammable_raw=Yes,True,2554_3_1788253415.653,954.0,0.205,2.06,,1.0,True,Paraffin/HDPE PCM2,56.99999999999999,304.1120955841871,0.278037300453195,187.0,178.398,0.205,2000.0,1.3999999999999986,1.0,0.5888948213685178,0.1593189188411835,0.14474867934259023,0.4607366827586877,0.13568670058250187,0.13574029870907384,5,8,2,6,35.0,6,5,4,0.6346153846153846,False,0.34167481685652135,0.4537625491373066,0.22958708457573612,0.09919606984709961,0.007069569214419087,0.19132257047978013,0.059076696095881606,0.003359849903895149,0.11479354228786806,0.07765502652396657,0.030950382236076063,0.12435967081185707,0.062028140766530446,0.01882886776918182,0.10522741376387906,0.2812789049655165,0.48602878173912095,0.07652902819191204,0.050391959372516885,2.7293691080603743e-16,0.1007839187450335,0.028698385571967015,0.0,0.05739677114393403,36.6,8.4,1.0,0.7550937965825951,36.6,8.4,0.7550937965825951,1000
1,PlusICE A52,PCM Products Ltd.,Organic PCM,52.0,220.0,1447.0,2.799999999999997,Yes,,manufacturer_datasheet_MICE_RF_PMM_completed,0.7234174608457742,True,0.6,in_band,pass,pass,pass,pass,pass,pass,not_applicable,flag_unverified_toxicity_flammable_raw=Yes,True,2554_3_1788253415.653,810.0,0.205,2.15,,1.0,True,PlusICE A52,56.99999999999999,304.1120955841871,0.45783336177161527,220.0,178.2,0.205,1447.0,2.799999999999997,1.0,0.5848097078841343,0.1693931678952795,0.3277656341662992,0.4313873094135965,0.22658578455555475,0.1313966217025581,6,5,6,11,28.0,2,6,6,0.6346153846153846,True,0.34167481685652135,0.4537625491373066,0.22958708457573612,0.09919606984709961,0.007069569214419087,0.19132257047978013,0.059076696095881606,0.003359849903895149,0.11479354228786806,0.07765502652396657,0.030950382236076063,0.12435967081185707,0.062028140766530446,0.01882886776918182,0.10522741376387906,0.2812789049655165,0.48602878173912095,0.07652902819191204,0.050391959372516885,2.7293691080603743e-16,0.1007839187450335,0.028698385571967015,0.0,0.05739677114393403,18.8,2.6,1.0,0.7550937965825951,18.8,2.6,0.7550937965825951,1000
1,n-Tetracosane (C24),Literature,Organic n-alkane,52.0,255.0,1368.0,2.700000000000003,Yes,,manufacturer_datasheet_MICE_RF_PMM_completed,0.8385066023439655,True,0.6,in_band,pass,pass,pass,pass,pass,pass,not_applicable,flag_unverified_toxicity_flammable_raw=Yes,True,2554_3_1788253415.653,799.0,0.209,2.39,,1.0,True,n-Tetracosane (C24),56.99999999999999,304.1120955841871,0.45783336177161527,255.0,203.745,0.209,1368.0,2.700000000000003,1.0,0.5946122898501663,0.22492934546612314,0.2125474102594856,0.3563045691291471,0.21877248163984642,0.13273296107721907,4,2,5,9,36.0,6,4,4,0.6346153846153846,True,0.34167481685652135,0.4537625491373066,0.22958708457573612,0.09919606984709961,0.007069569214419087,0.19132257047978013,0.059076696095881606,0.003359849903895149,0.11479354228786806,0.07765502652396657,0.030950382236076063,0.12435967081185707,0.062028140766530446,0.01882886776918182,0.10522741376387906,0.2812789049655165,0.48602878173912095,0.07652902819191204,0.050391959372516885,2.7293691080603743e-16,0.1007839187450335,0.028698385571967015,0.0,0.05739677114393403,43.8,16.400000000000002,1.0,0.7550937965825951,43.8,16.400000000000002,0.7550937965825951,1000
1,C22H46 (docosane-class paraffin),Paraffin,Organic,44.5,249.0,,,not_reported,,Singh2025_Table2_literature,0.8187770352299898,True,0.6,in_band,pass,pass,pass,flag_unreported,flag_unknown,pass,not_applicable,flag_unverified_flammability_and_toxicity,True,2554_3_1788253415.653,,,,,1.0,False,C22H46 (docosane-class paraffin),56.99999999999999,304.1120955841871,0.007575677444259976,249.0,,,,,1.0,0.042464343108447454,0.0537356824740518,0.49589377674929624,0.34817875059542963,0.33979598412947754,0.16313757415540925,14,14,8,1,19.0,-7,10,11,0.6346153846153846,False,0.34167481685652135,0.4537625491373066,0.22958708457573612,0.09919606984709961,0.007069569214419087,0.19132257047978013,0.059076696095881606,0.003359849903895149,0.11479354228786806,0.07765502652396657,0.030950382236076063,0.12435967081185707,0.062028140766530446,0.01882886776918182,0.10522741376387906,0.2812789049655165,0.48602878173912095,0.07652902819191204,0.050391959372516885,2.7293691080603743e-16,0.1007839187450335,0.028698385571967015,0.0,0.05739677114393403,0.0,0.0,1.0,0.7550937965825951,0.0,0.0,0.7550937965825951,1000
2,RT47,Rubitherm Technologies,Organic (RT-line),44.5,160.0,1665.0,0.0,No,,manufacturer_datasheet_MICE_RF_PMM_completed,0.500117413274263,True,0.5,in_band,pass,pass,pass,pass,pass,pass,not_applicable,flag_unverified_toxicity_flammable_raw=No,True,2554_3_1788253415.653,880.0,0.2,2.0,,1.0,True,RT47,57.00000000000001,319.92487314625146,0.007575677444259896,160.0,140.8,0.2,1665.0,0.0,1.0,0.5345841311680662,0.1010764139797392,0.8740638630531354,0.6192698551760688,0.3099949299888477,0.13016630797488465,9,12,15,16,12.0,-10,14,14,0.6341911764705882,True,0.3099949299888477,0.3799898599776954,0.24,0.10542958513358532,0.01085917026717061,0.2,0.06335965094951451,0.006719301899029034,0.12,0.07360567964295445,0.017211359285908903,0.13,0.06273613676776024,0.015472273535520494,0.11,0.32487401751733774,0.5697480350346755,0.08,0.03,0.0,0.06,0.03,0.0,0.06,0.0,0.0,1.0,0.8338037457025507,0.0,0.0,0.8338037457025507,1000
2,n-Docosane (C22),Literature,Organic n-alkane,44.5,249.0,1440.0,0.2000000000000028,No,,manufacturer_datasheet_MICE_RF_PMM_completed,0.7783077244080717,True,0.5,in_band,pass,pass,pass,pass,pass,pass,not_applicable,flag_unverified_toxicity_flammable_raw=No,True,2554_3_1788253415.653,880.0,0.2,2.06,,1.0,True,n-Docosane (C22),57.00000000000001,319.92487314625146,0.007575677444259896,249.0,219.12,0.2,1440.0,0.2000000000000028,1.0,0.5184541537168423,0.18962278028413945,0.7230117590019938,0.4843688584347687,0.3099949299888477,0.1332233223192687,10,3,10,10,31.0,1,6,7,0.6341911764705882,False,0.3099949299888477,0.3799898599776954,0.24,0.10542958513358532,0.01085917026717061,0.2,0.06335965094951451,0.006719301899029034,0.12,0.07360567964295445,0.017211359285908903,0.13,0.06273613676776024,0.015472273535520494,0.11,0.32487401751733774,0.5697480350346755,0.08,0.03,0.0,0.06,0.03,0.0,0.06,9.0,0.7000000000000001,1.0,0.8338037457025507,9.0,0.7000000000000001,0.8338037457025507,1000
2,Lauric acid (C12),Literature,Organic fatty acid,44.8,184.0,2000.0,0.0,Yes,,manufacturer_datasheet_MICE_RF_PMM_completed,0.5751350252654024,True,0.5,in_band,pass,pass,pass,pass,pass,pass,not_applicable,flag_unverified_toxicity_flammable_raw=Yes,True,2554_3_1788253415.653,960.0,0.2,1.6,,1.0,True,Lauric acid (C12),57.00000000000001,319.92487314625146,0.00954965739502024,184.0,176.64,0.2,2000.0,0.0,1.0,0.5369012144532482,0.12918369861524762,0.7737792419500575,0.5336447589855169,0.30806503856790474,0.13550036341471514,8,8,12,5,31.0,0,6,8,0.6341911764705882,False,0.3099949299888477,0.3799898599776954,0.24,0.10542958513358532,0.01085917026717061,0.2,0.06335965094951451,0.006719301899029034,0.12,0.07360567964295445,0.017211359285908903,0.13,0.06273613676776024,0.015472273535520494,0.11,0.32487401751733774,0.5697480350346755,0.08,0.03,0.0,0.06,0.03,0.0,0.06,4.9,0.0,1.0,0.8338037457025507,4.9,0.0,0.8338037457025507,1000
2,RT45HC,Rubitherm Technologies,Organic (RT-line),45.0,240.0,1216.0,0.0,No,,manufacturer_datasheet_MICE_RF_PMM_completed,0.7501761199113944,True,0.5,in_band,pass,pass,pass,pass,pass,pass,not_applicable,flag_unverified_toxicity_flammable_raw=No,True,2554_3_1788253415.653,880.0,0.2,2.0,,1.0,True,RT45HC,57.00000000000001,319.92487314625146,0.011108996538242247,240.0,211.2,0.2,1216.0,0.0,1.0,0.5386070568638487,0.1799251076776534,0.7318465441919297,0.499305447318077,0.3065405270176807,0.13203319922145557,7,4,11,11,31.0,0,6,8,0.6341911764705882,False,0.3099949299888477,0.3799898599776954,0.24,0.10542958513358532,0.01085917026717061,0.2,0.06335965094951451,0.006719301899029034,0.12,0.07360567964295445,0.017211359285908903,0.13,0.06273613676776024,0.015472273535520494,0.11,0.32487401751733774,0.5697480350346755,0.08,0.03,0.0,0.06,0.03,0.0,0.06,10.1,0.8,1.0,0.8338037457025507,10.1,0.8,0.8338037457025507,1000
2,savE® OM46,Pluss Advanced Technologies,Organic,47.0,177.0,2000.0,2.0,No,,manufacturer_datasheet_MICE_RF_PMM_completed,0.5532548884346534,True,0.5,in_band,pass,pass,pass,pass,pass,pass,not_applicable,flag_unverified_toxicity_flammable_raw=No,True,2554_3_1788253415.653,917.0,0.35,2.7,,1.0,True,savE® OM46,57.00000000000001,319.92487314625146,0.04393693362340722,177.0,162.309,0.35,2000.0,2.0,1.0,0.3006760648972037,0.1161701369629447,0.7810795533300694,0.6087426149149197,0.27444579671228275,0.13482894144003973,13,11,13,7,20.0,-7,12,13,0.6341911764705882,False,0.3099949299888477,0.3799898599776954,0.24,0.10542958513358532,0.01085917026717061,0.2,0.06335965094951451,0.006719301899029034,0.12,0.07360567964295445,0.017211359285908903,0.13,0.06273613676776024,0.015472273535520494,0.11,0.32487401751733774,0.5697480350346755,0.08,0.03,0.0,0.06,0.03,0.0,0.06,0.0,0.0,1.0,0.8338037457025507,0.0,0.0,0.8338037457025507,1000
2,n-Tricosane (C23),Literature,Organic n-alkane,47.5,232.0,1216.0,2.6000000000000014,No,,manufacturer_datasheet_MICE_RF_PMM_completed,0.7251702492476814,True,0.5,in_band,pass,pass,pass,pass,pass,pass,not_applicable,flag_unverified_toxicity_flammable_raw=No,True,2554_3_1788253415.653,797.0,0.209,2.39,,1.0,True,n-Tricosane (C23),57.00000000000001,319.92487314625146,0.05958731876198582,232.0,184.904,0.209,1216.0,2.6000000000000014,1.0,0.20760259026224356,0.08502290538284189,0.8364584209324423,0.6894115193437644,0.2591449604490965,0.1309197247497313,15,14,14,12,9.0,-12,15,15,0.6341911764705882,True,0.3099949299888477,0.3799898599776954,0.24,0.10542958513358532,0.01085917026717061,0.2,0.06335965094951451,0.006719301899029034,0.12,0.07360567964295445,0.017211359285908903,0.13,0.06273613676776024,0.015472273535520494,0.11,0.32487401751733774,0.5697480350346755,0.08,0.03,0.0,0.06,0.03,0.0,0.06,0.0,0.0,1.0,0.8338037457025507,0.0,0.0,0.8338037457025507,1000
2,RT50,Rubitherm Technologies,Organic (RT-line),48.0,160.0,1675.0,-0.5,Yes,,manufacturer_datasheet_MICE_RF_PMM_completed,0.500117413274263,True,0.5,in_band,pass,pass,pass,pass,pass,pass,not_applicable,flag_unverified_toxicity_flammable_raw=Yes,True,2554_3_1788253415.653,880.0,0.2,2.0,,1.0,True,RT50,57.00000000000001,319.92487314625146,0.07955950871822737,160.0,140.8,0.2,1675.0,-0.5,1.0,0.6346217214757082,0.16182800702168604,0.5881687843088325,0.5075003174828799,0.23961884619492305,0.13029948218968418,4,5,7,15,33.0,4,5,5,0.6341911764705882,True,0.3099949299888477,0.3799898599776954,0.24,0.10542958513358532,0.01085917026717061,0.2,0.06335965094951451,0.006719301899029034,0.12,0.07360567964295445,0.017211359285908903,0.13,0.06273613676776024,0.015472273535520494,0.11,0.32487401751733774,0.5697480350346755,0.08,0.03,0.0,0.06,0.03,0.0,0.06,5.1,0.1,1.0,0.8338037457025507,5.1,0.1,0.8338037457025507,1000
2,Paraffin/Expanded graphite (85.56% paraffin),Literature,Organic/composite blend,48.8,161.0,2000.0,2.199999999999996,Yes,,manufacturer_datasheet_MICE_RF_PMM_completed,0.5032431471072272,True,0.5,in_band,pass,pass,pass,pass,pass,pass,not_applicable,flag_unverified_toxicity_flammable_raw=Yes,True,2554_3_1788253415.653,937.0,0.2,2.01,,1.0,True,Paraffin/Expanded graphite (85.56% paraffin),57.00000000000001,319.92487314625146,0.12230345334689996,161.0,150.857,0.2,2000.0,2.199999999999996,1.0,0.33789782307780797,0.07287029344785857,0.7015138640836458,0.6501939010966505,0.21928996182420266,0.13419843741645598,12,15,9,9,19.0,-6,13,12,0.6341911764705882,False,0.3099949299888477,0.3799898599776954,0.24,0.10542958513358532,0.01085917026717061,0.2,0.06335965094951451,0.006719301899029034,0.12,0.07360567964295445,0.017211359285908903,0.13,0.06273613676776024,0.015472273535520494,0.11,0.32487401751733774,0.5697480350346755,0.08,0.03,0.0,0.06,0.03,0.0,0.06,0.3,0.0,1.0,0.8338037457025507,0.3,0.0,0.8338037457025507,1000
2,savE® OM49,Pluss Advanced Technologies,Organic,49.0,224.0,1200.0,3.5,No,,manufacturer_datasheet_MICE_RF_PMM_completed,0.7001643785839682,True,0.5,in_band,pass,pass,pass,pass,pass,pass,not_applicable,flag_unverified_toxicity_flammable_raw=No,True,2554_3_1788253415.653,816.0,0.208,2.4,,1.0,True,savE® OM49,57.00000000000001,319.92487314625146,0.1353352832366122,224.0,182.784,0.208,1200.0,3.5,1.0,0.2170101713876851,0.09438717666372125,1.0,0.7013893182489968,0.32487401751733774,0.13047264743362127,14,13,16,13,8.0,-13,16,16,0.6341911764705882,True,0.3099949299888477,0.3799898599776954,0.24,0.10542958513358532,0.01085917026717061,0.2,0.06335965094951451,0.006719301899029034,0.12,0.07360567964295445,0.017211359285908903,0.13,0.06273613676776024,0.015472273535520494,0.11,0.32487401751733774,0.5697480350346755,0.08,0.03,0.0,0.06,0.03,0.0,0.06,0.3,0.1,1.0,0.8338037457025507,0.3,0.1,0.8338037457025507,1000
2,Paraffin/HDPE PCM3,Literature,Organic blend,49.9,187.0,2000.0,-0.1000000000000014,Yes,,manufacturer_datasheet_MICE_RF_PMM_completed,0.5845122267642948,True,0.5,in_band,pass,pass,pass,pass,pass,pass,not_applicable,flag_unverified_toxicity_flammable_raw=Yes,True,2554_3_1788253415.653,952.0,0.206,2.19,,1.0,True,Paraffin/HDPE PCM3,57.00000000000001,319.92487314625146,0.2069428729276768,187.0,178.024,0.206,2000.0,-0.1000000000000014,1.0,0.769848040734081,0.19968656424295292,0.09927571404378796,0.32492077153880683,0.11508056926663895,0.13564373128965226,2,2,2,3,55.0,13,2,2,0.6341911764705882,True,0.3099949299888477,0.3799898599776954,0.24,0.10542958513358532,0.01085917026717061,0.2,0.06335965094951451,0.006719301899029034,0.12,0.07360567964295445,0.017211359285908903,0.13,0.06273613676776024,0.015472273535520494,0.11,0.32487401751733774,0.5697480350346755,0.08,0.03,0.0,0.06,0.03,0.0,0.06,85.2,30.7,1.0,0.8338037457025507,85.2,30.7,0.8338037457025507,1000
2,PlusICE A50,PCM Products Ltd.,Organic PCM,50.0,190.0,1526.0,1.1000000000000014,Yes,,manufacturer_datasheet_MICE_RF_PMM_completed,0.5938894282631872,True,0.5,in_band,pass,pass,pass,pass,pass,pass,not_applicable,flag_unverified_toxicity_flammable_raw=Yes,True,2554_3_1788253415.653,810.0,0.205,2.15,,1.0,True,PlusICE A50,57.00000000000001,319.92487314625146,0.2162651668298866,190.0,153.9,0.205,1526.0,1.1000000000000014,1.0,0.617172435076155,0.1257929211794653,0.2922074508529716,0.46689289160609493,0.12994960700693522,0.13030523374148784,6,9,5,14,30.0,3,9,6,0.6341911764705882,False,0.3099949299888477,0.3799898599776954,0.24,0.10542958513358532,0.01085917026717061,0.2,0.06335965094951451,0.006719301899029034,0.12,0.07360567964295445,0.017211359285908903,0.13,0.06273613676776024,0.015472273535520494,0.11,0.32487401751733774,0.5697480350346755,0.08,0.03,0.0,0.06,0.03,0.0,0.06,3.5000000000000004,0.1,1.0,0.8338037457025507,3.5000000000000004,0.1,0.8338037457025507,1000
2,savE® OM50,Pluss Advanced Technologies,Organic,50.0,189.0,2000.0,0.0,Yes,,manufacturer_datasheet_MICE_RF_PMM_completed,0.5907636944302231,True,0.5,in_band,pass,pass,pass,pass,pass,pass,not_applicable,flag_unverified_toxicity_flammable_raw=Yes,True,2554_3_1788253415.653,961.0,0.336,2.78,,1.0,True,savE® OM50,57.00000000000001,319.92487314625146,0.2162651668298866,189.0,181.629,0.336,2000.0,0.0,1.0,0.777872237766514,0.25345127268238643,0.0,0.2548513584214833,0.10596648732347941,0.13576093454052157,1,1,1,2,59.0,15,1,1,0.6341911764705882,True,0.3099949299888477,0.3799898599776954,0.24,0.10542958513358532,0.01085917026717061,0.2,0.06335965094951451,0.006719301899029034,0.12,0.07360567964295445,0.017211359285908903,0.13,0.06273613676776024,0.015472273535520494,0.11,0.32487401751733774,0.5697480350346755,0.08,0.03,0.0,0.06,0.03,0.0,0.06,93.9,55.8,1.0,0.8338037457025507,93.9,55.8,0.8338037457025507,1000
2,Paraffin/HDPE PCM6,Literature,Organic blend,50.3,187.0,2000.0,1.0,Yes,,manufacturer_datasheet_MICE_RF_PMM_completed,0.5845122267642948,True,0.5,in_band,pass,pass,pass,pass,pass,pass,not_applicable,flag_unverified_toxicity_flammable_raw=Yes,True,2554_3_1788253415.653,953.0,0.206,2.19,,1.0,True,Paraffin/HDPE PCM6,57.00000000000001,319.92487314625146,0.24590438437706663,187.0,178.211,0.206,2000.0,1.0,1.0,0.6643039610509175,0.15900646398168491,0.17190223285596462,0.37601853403376784,0.12182775656900166,0.13552449870741737,3,6,3,4,48.0,11,3,3,0.6341911764705882,True,0.3099949299888477,0.3799898599776954,0.24,0.10542958513358532,0.01085917026717061,0.2,0.06335965094951451,0.006719301899029034,0.12,0.07360567964295445,0.017211359285908903,0.13,0.06273613676776024,0.015472273535520494,0.11,0.32487401751733774,0.5697480350346755,0.08,0.03,0.0,0.06,0.03,0.0,0.06,52.0,10.5,1.0,0.8338037457025507,52.0,10.5,0.8338037457025507,1000
2,Paraffin/HDPE PCM2,Literature,Organic blend,50.6,187.0,2000.0,1.3999999999999986,Yes,,manufacturer_datasheet_MICE_RF_PMM_completed,0.5845122267642948,True,0.5,in_band,pass,pass,pass,pass,pass,pass,not_applicable,flag_unverified_toxicity_flammable_raw=Yes,True,2554_3_1788253415.653,954.0,0.205,2.06,,1.0,True,Paraffin/HDPE PCM2,57.00000000000001,319.92487314625146,0.2780373004531935,187.0,178.398,0.205,2000.0,1.3999999999999986,1.0,0.626131736771786,0.15356563700760528,0.24768631208782188,0.37743012777037566,0.1543151583207353,0.1354854944389783,5,7,4,6,42.0,8,4,4,0.6341911764705882,True,0.3099949299888477,0.3799898599776954,0.24,0.10542958513358532,0.01085917026717061,0.2,0.06335965094951451,0.006719301899029034,0.12,0.07360567964295445,0.017211359285908903,0.13,0.06273613676776024,0.015472273535520494,0.11,0.32487401751733774,0.5697480350346755,0.08,0.03,0.0,0.06,0.03,0.0,0.06,38.6,8.5,1.0,0.8338037457025507,38.6,8.5,0.8338037457025507,1000
2,savE® OM48,Pluss Advanced Technologies,Organic,51.0,165.0,2000.0,3.0,Yes,,manufacturer_datasheet_MICE_RF_PMM_completed,0.5157460824390837,True,0.5,in_band,pass,pass,pass,pass,pass,pass,not_applicable,flag_unverified_toxicity_flammable_raw=Yes,True,2554_3_1788253415.653,960.0,0.208,2.35,,1.0,True,savE® OM48,57.00000000000001,319.92487314625146,0.32465246735834885,165.0,158.4,0.208,2000.0,3.0,1.0,0.4627181333685219,0.12042625440847732,0.68462582004274,0.5025729105964577,0.28426476532767053,0.13435825552803918,11,10,8,8,27.0,-2,10,10,0.6341911764705882,True,0.3099949299888477,0.3799898599776954,0.24,0.10542958513358532,0.01085917026717061,0.2,0.06335965094951451,0.006719301899029034,0.12,0.07360567964295445,0.017211359285908903,0.13,0.06273613676776024,0.015472273535520494,0.11,0.32487401751733774,0.5697480350346755,0.08,0.03,0.0,0.06,0.03,0.0,0.06,6.4,0.7000000000000001,1.0,0.8338037457025507,6.4,0.7000000000000001,0.8338037457025507,1000
2,C22H46 (docosane-class paraffin),Paraffin,Organic,44.5,249.0,,,not_reported,,Singh2025_Table2_literature,0.7783077244080717,True,0.5,in_band,pass,pass,pass,flag_unreported,flag_unknown,pass,not_applicable,flag_unverified_flammability_and_toxicity,True,2554_3_1788253415.653,,,,,1.0,False,C22H46 (docosane-class paraffin),57.00000000000001,319.92487314625146,0.007575677444259896,249.0,,,,,1.0,0.07260824649770824,0.06657463690457859,0.5277608014873434,0.3099949299888477,0.3099949299888477,0.14839299308783718,16,16,6,1,25.0,-5,11,11,0.6341911764705882,True,0.3099949299888477,0.3799898599776954,0.24,0.10542958513358532,0.01085917026717061,0.2,0.06335965094951451,0.006719301899029034,0.12,0.07360567964295445,0.017211359285908903,0.13,0.06273613676776024,0.015472273535520494,0.11,0.32487401751733774,0.5697480350346755,0.08,0.03,0.0,0.06,0.03,0.0,0.06,0.4,0.0,1.0,0.8338037457025507,0.4,0.0,0.8338037457025507,1000
