point_id,cluster,max_membership_prob,prob_cluster0,prob_cluster1,prob_cluster2
ASP_0001,0,0.9999998196917772,0.9999998196917772,1.803082226781935e-07,1.0003504464527695e-37
ASP_0002,0,0.9999920626780902,0.9999920626780902,7.937321909701995e-06,2.520767117486256e-38
ASP_0003,0,1.0,1.0,1.5989297085931494e-16,1.4733855972908545e-45
ASP_0004,0,0.9999999999710187,0.9999999999710187,2.8981337088336388e-11,2.3827407300561554e-37
ASP_0005,0,0.9999997292324505,0.9999997292324505,2.7076754941479557e-07,1.8887258052062127e-21
ASP_0006,0,0.9468989184264267,0.9468989184264267,0.053101081472434725,1.0113830275998337e-10
ASP_0007,0,0.9999994384537052,0.9999994384537052,5.615462948851987e-07,8.963817072976648e-36
ASP_0008,1,0.9994625709800541,0.00046831684180298537,0.9994625709800541,6.911217814289827e-05
ASP_0009,0,0.9998160822981854,0.9998160822981854,0.00018391770181438674,2.1035119846546157e-35
ASP_0010,1,0.9997254359530876,0.00027456147699441336,0.9997254359530876,2.5699181846667883e-09
ASP_0011,0,1.0,1.0,1.259380475813236e-16,1.0845697360542303e-34
ASP_0012,0,0.9999999782292275,0.9999999782292275,2.177077259085012e-08,2.5219954798638234e-30
ASP_0013,1,0.7560979955384034,2.0440037180967756e-06,0.7560979955384034,0.24389996045787887
ASP_0014,2,0.7804632930348828,0.21953670378329915,3.1818178008793023e-09,0.7804632930348828
ASP_0015,0,0.9999992157443984,0.9999992157443984,7.842556013132253e-07,2.4583888028436157e-21
ASP_0016,0,0.9999999999998788,0.9999999999998788,1.1214553675351095e-13,8.92262393597506e-15
ASP_0017,1,0.8676326796420326,0.007124777319477885,0.8676326796420326,0.12524254303848953
ASP_0018,0,0.9336679486754227,0.9336679486754227,1.5142841921759763e-11,0.0663320513094344
ASP_0019,1,0.9512773406101134,0.04870716895341797,0.9512773406101134,1.5490436468973274e-05
ASP_0020,2,0.9999999795410546,2.045894387760172e-08,1.3183818819554408e-15,0.9999999795410546
ASP_0021,2,0.9999995055625993,4.873609601178687e-07,7.0764406825014944e-09,0.9999995055625993
ASP_0022,1,0.9999957098356712,1.9057816863952912e-08,0.9999957098356712,4.271106511890999e-06
ASP_0023,0,0.9999975158822848,0.9999975158822848,2.4841177148564487e-06,3.549304157713006e-46
ASP_0024,2,0.9998658856907001,1.2346060698911758e-24,0.00013411430929978068,0.9998658856907001
ASP_0025,1,0.9908290760169167,7.350359343400555e-05,0.9908290760169167,0.00909742038964944
ASP_0026,1,0.9885116193885973,0.00018507094709076642,0.9885116193885973,0.011303309664311825
ASP_0027,0,0.9999970201312267,0.9999970201312267,2.97986877311368e-06,9.998395181021147e-29
ASP_0028,2,0.9999988147137494,8.329637878602555e-22,1.1852862504145026e-06,0.9999988147137494
ASP_0029,1,0.9866036048452654,0.0015221411181620744,0.9866036048452654,0.011874254036572779
ASP_0030,1,0.8661876743095199,7.867640883070848e-05,0.8661876743095199,0.13373364928164969
ASP_0031,0,0.9929979515011005,0.9929979515011005,0.007002048498899601,1.4120470132217805e-18
ASP_0032,1,0.9667860390934225,4.358086803308502e-05,0.9667860390934225,0.0331703800385445
ASP_0033,2,0.9999999889009699,1.109903010572344e-08,1.316506503448942e-19,0.9999999889009699
ASP_0034,1,0.9598190908054325,0.0009384946096973483,0.9598190908054325,0.03924241458487028
ASP_0035,1,0.9999993941266624,1.025079575145432e-13,0.9999993941266624,6.058732349524783e-07
ASP_0036,1,1.0,7.445603524097272e-24,1.0,2.661024190998641e-24
ASP_0037,2,0.9960565489041857,0.003942298289838708,1.1528059755738174e-06,0.9960565489041857
ASP_0038,0,0.9999994428503223,0.9999994428503223,5.571496777151267e-07,3.1963942480257807e-43
ASP_0039,1,0.9999999999953193,5.772233447375006e-22,0.9999999999953193,4.680593191001172e-12
ASP_0040,2,0.8991231157188485,5.746813944103852e-11,0.10087688422368352,0.8991231157188485
ASP_0041,2,0.9999999999999982,2.212832860945274e-109,1.7282184732380788e-15,0.9999999999999982
ASP_0042,2,0.9999978921617753,2.107838223209937e-06,1.073471503753784e-15,0.9999978921617753
ASP_0043,1,0.9793427463722743,0.00012559218584466735,0.9793427463722743,0.020531661441881396
ASP_0044,1,0.9982557866123578,0.001709873645726878,0.9982557866123578,3.433974191515842e-05
ASP_0045,0,0.9999999999999662,0.9999999999999662,3.352946366076476e-14,4.190419548035037e-28
ASP_0046,1,0.9300499744607618,1.0139755709392725e-05,0.9300499744607618,0.06993988578352885
ASP_0047,2,0.9831273870698968,0.016865078470790378,7.534459312771608e-06,0.9831273870698968
ASP_0048,1,0.9997745883739927,0.0001154721589729872,0.9997745883739927,0.00010993946703436696
ASP_0049,0,0.999999999999984,0.999999999999984,1.9330222804088078e-16,1.5835577382945616e-14
ASP_0050,1,0.9999403662428665,4.7485887764990524e-11,0.9999403662428665,5.963370964767278e-05
ASP_0051,1,1.0,8.779772816071292e-50,1.0,7.746674967500915e-20
ASP_0052,0,0.9999999999997398,0.9999999999997398,2.601477518707968e-13,1.0067205110128898e-59
ASP_0053,2,0.8630191531193905,0.005098074654819452,0.1318827722257899,0.8630191531193905
ASP_0054,0,0.9999999999991407,0.9999999999991407,8.593446095099059e-13,2.3939630717024066e-18
ASP_0055,0,0.9999999473985133,0.9999999473985133,5.2601486758966043e-08,2.341823142794342e-23
ASP_0056,0,0.9999993973683163,0.9999993973683163,6.026316837083336e-07,4.676014739769254e-50
ASP_0057,1,0.9990766024849413,4.356233220354707e-26,0.9990766024849413,0.0009233975150586308
ASP_0058,0,0.9999999996722484,0.9999999996722484,3.277517033456927e-10,2.9608485435750797e-50
ASP_0059,2,0.9903908603792668,0.0013048523902108732,0.008304287230521882,0.9903908603792668
ASP_0060,2,0.9999999999097158,9.028423553643565e-11,8.383780951510914e-22,0.9999999999097158
ASP_0061,1,0.9932741571796104,1.6175219314061345e-06,0.9932741571796104,0.006724225298457986
ASP_0062,0,0.9999997434221886,0.9999997434221886,2.565778114832732e-07,6.364663923452583e-50
ASP_0063,2,0.9999999999978368,6.167505909168437e-26,2.1629783683018242e-12,0.9999999999978368
ASP_0064,2,1.0,1.758186928716408e-89,1.4236819287903656e-16,1.0
ASP_0065,1,0.9981758447406054,4.990451360340794e-07,0.9981758447406054,0.0018236562142586361
ASP_0066,0,0.9999999999980522,0.9999999999980522,1.9476691877887513e-12,1.109416089344075e-70
ASP_0067,2,0.9999893320873309,1.0667912660355625e-05,8.622532024998144e-15,0.9999893320873309
ASP_0068,2,1.0,2.20833742565929e-230,5.557345324486205e-31,1.0
ASP_0069,2,0.9999999585177077,7.735198910014912e-67,4.1482292050286216e-08,0.9999999585177077
ASP_0070,2,0.9999939426019794,6.057398018620129e-06,1.5608086338807504e-15,0.9999939426019794
ASP_0071,1,0.9464145723068598,6.426192842306546e-10,0.9464145723068598,0.05358542705052059
ASP_0072,2,0.9999990735022186,6.15217135186815e-29,9.264977810908511e-07,0.9999990735022186
ASP_0073,1,0.9947532554331002,0.004049629717010729,0.9947532554331002,0.0011971148498889084
ASP_0074,1,0.8395947806857821,5.310644587602356e-11,0.8395947806857821,0.16040521926111118
ASP_0075,1,0.9999999977314351,2.1910807726616705e-09,0.9999999977314351,7.748438213098323e-11
ASP_0076,2,0.9776888272794293,0.02216171080794534,0.00014946191262504456,0.9776888272794293
ASP_0077,2,1.0,2.146489315487745e-206,1.2842185325503566e-25,1.0
ASP_0078,2,0.9999999999999973,1.6245749326043186e-132,2.9372112198659402e-15,0.9999999999999973
ASP_0079,1,0.9999965451049193,1.940052098390095e-10,0.9999965451049193,3.4547010752736754e-06
ASP_0080,1,0.9999999380988146,8.893509704285974e-15,0.9999999380988146,6.190117651144767e-08
ASP_0081,2,0.9999999999470903,1.2821568800078345e-27,5.291008788602291e-11,0.9999999999470903
ASP_0082,1,0.9999986433585423,1.5978579513006098e-15,0.9999986433585423,1.3566414562682584e-06
ASP_0083,2,1.0,1.8549531295368672e-110,4.083808631012394e-26,1.0
ASP_0084,1,0.994606442097079,2.6869302453445702e-24,0.994606442097079,0.005393557902920871
ASP_0085,1,1.0,2.585987361561056e-67,1.0,3.1627917580495496e-31
ASP_0086,1,0.9999946166386199,1.5237753042734454e-14,0.9999946166386199,5.383361364653373e-06
ASP_0087,1,0.9985701813849894,1.4084701943540022e-06,0.9985701813849894,0.0014284101448163384
ASP_0088,0,0.9999999762634805,0.9999999762634805,2.3736519778790575e-08,1.0851916608246742e-40
ASP_0089,1,0.9676796915266777,0.0006702471234618188,0.9676796915266777,0.031650061349860335
ASP_0090,1,1.0,6.614323814125048e-25,1.0,3.703340920857857e-18
ASP_0091,1,0.9911165982106851,6.282275791988741e-08,0.9911165982106851,0.008883338966556931
ASP_0092,1,0.9956278749359676,9.95947234586933e-07,0.9956278749359676,0.004371129116797937
ASP_0093,1,0.9999999999982006,3.491883224620165e-22,0.9999999999982006,1.7990485699043023e-12
ASP_0094,1,0.9999590412614915,6.268946156612266e-19,0.9999590412614915,4.0958738508399775e-05
ASP_0095,0,1.0,1.0,2.4616680316859375e-21,1.1126324613496175e-22
ASP_0096,1,0.9999927160195485,6.51572936415716e-12,0.9999927160195485,7.283973935679234e-06
ASP_0097,1,1.0,3.8782553384651487e-31,1.0,2.203918492742995e-37
ASP_0098,1,0.999993499144832,6.476406123432273e-06,0.999993499144832,2.4449044778005132e-08
ASP_0099,1,1.0,5.167225843269258e-23,1.0,3.270806632231375e-16
ASP_0100,2,0.9999999362658205,5.95754802020553e-25,6.373417921021866e-08,0.9999999362658205
ASP_0101,1,0.9876128941228772,2.937855695518029e-06,0.9876128941228772,0.01238416802142707
ASP_0102,1,0.9995708092317889,0.00042177818713826234,0.9995708092317889,7.412581072432508e-06
ASP_0103,1,0.999999938496024,2.6598337277781e-08,0.999999938496024,3.49056383454671e-08
ASP_0104,1,0.997464677967983,0.002460694239501656,0.997464677967983,7.46277925154715e-05
ASP_0105,1,0.9508792074539781,5.148017823193843e-16,0.9508792074539781,0.04912079254602165
ASP_0106,1,0.9999665788032271,1.521980267254222e-10,0.9999665788032271,3.3421044575261604e-05
ASP_0107,0,0.502596411108977,0.502596411108977,0.009209634732012204,0.4881939541590106
ASP_0108,2,1.0,3.1838716623765166e-101,1.5862436610929646e-17,1.0
ASP_0109,1,0.9999999987589794,6.55173391175047e-23,0.9999999987589794,1.2410206872153617e-09
ASP_0110,2,0.9784943302228187,2.245461707177206e-13,0.021505669776956827,0.9784943302228187
ASP_0111,1,0.9772064156332998,6.191565535564887e-06,0.9772064156332998,0.022787392801164725
ASP_0112,2,0.5311586712160663,0.06626371702367768,0.4025776117602557,0.5311586712160663
ASP_0113,1,1.0,4.889220603728529e-28,1.0,5.346233896033682e-18
ASP_0114,1,0.9878064811253153,1.9896539420261233e-07,0.9878064811253153,0.012193319909290344
ASP_0115,2,0.9999999876299395,2.1909501813757334e-15,1.2370058238834928e-08,0.9999999876299395
ASP_0116,2,0.997796142003438,9.287670828650509e-40,0.0022038579965616163,0.997796142003438
ASP_0117,2,0.9999999999999787,1.9073985891095647e-28,2.138970393248704e-14,0.9999999999999787
ASP_0118,2,1.0,1.8286873415140705e-177,9.642087080751408e-35,1.0
ASP_0119,0,1.0,1.0,8.056830503097472e-21,8.153338063237967e-17
ASP_0120,1,0.9999999936529687,6.07592228724716e-19,0.9999999936529687,6.347031546358199e-09
ASP_0121,1,0.9930431740449753,4.4231532461881133e-10,0.9930431740449753,0.006956825512709731
ASP_0122,1,0.9870177186204575,1.4532355974252634e-08,0.9870177186204575,0.012982266847186641
ASP_0123,1,0.9999999240803501,1.6525778406256148e-26,0.9999999240803501,7.591965011310617e-08
ASP_0124,1,0.9999999879324539,7.601573960685914e-14,0.9999999879324539,1.2067470297525114e-08
ASP_0125,0,0.9999999999216627,0.9999999999216627,7.833738660068257e-11,2.3611028077218874e-79
ASP_0126,0,0.9998474368335281,0.9998474368335281,1.879480458738124e-17,0.00015256316647227784
ASP_0127,2,1.0,2.0519211443910692e-63,1.2672825063760455e-16,1.0
ASP_0128,1,0.9999999779061188,1.5918844776546192e-08,0.9999999779061188,6.175036263898768e-09
ASP_0129,0,0.9999999999983764,0.9999999999983764,1.62590648020499e-25,1.6232515357429145e-12
