name,family,pcm_type,Tm_C,Tm_freezing_C,latent_heat_kJ_kg,density_liquid_kg_m3,density_solid_kg_m3,Cp_liquid_kJ_kgK,Cp_solid_kJ_kgK,TC_W_mK,cycles_tested,cycles_status,flammability,supercooling_K,n_properties_imputed,any_property_imputed,rho_H_MJ_m3,Cp_avg_kJ_kgK,pcm_id,manufacturer,source_type,Tm_C_status,Tm_freezing_C_status,latent_heat_status,density_liquid_status,density_solid_status,Cp_liquid_status,Cp_solid_status,TC_liquid_W_mK,TC_solid_W_mK,TC_status,supercooling_status,supercooling_is_derived,flammability_status,is_inorganic,data_source_detail,rho_H_status,rho_H_is_derived,Cp_avg_status,Cp_avg_is_derived
RT42,Organic (RT-line),Organic (RT-line),40.5,40.0,165.0,760.0,880.0,2.0,2.0,0.1785,1564.0,Imputed,Yes,0.5,4,True,145.2,2.0,1,Rubitherm Technologies,Manufacturer,Reported,Reported,Reported,Reported,Reported,Reported,Reported,0.15,0.207,Imputed,Reported,True,Imputed,False,MICE_RF_PMM_Cleaned_Dataset,Reported,True,Reported,True
RT44HC,Organic (RT-line),Organic (RT-line),42.5,42.5,250.0,750.0,800.0,2.0,2.0,0.24,1216.0,Imputed,No,0.0,4,True,200.0,2.0,2,Rubitherm Technologies,Manufacturer,Reported,Reported,Reported,Reported,Reported,Reported,Reported,0.174,0.306,Imputed,Reported,True,Imputed,False,MICE_RF_PMM_Cleaned_Dataset,Reported,True,Reported,True
Myristic-Palmitic eutectic (58/42),Eutectic,Organic eutectic,42.6,,169.7,,,,,,,Missing,Unknown,,0,False,,,3,Singh2025_Table2,Literature,Reported,Missing,Reported,Missing,Missing,Missing,Missing,,,Missing,Missing,False,Missing,False,Singh2025_Table2_Literature,Missing,False,Missing,False
savE® OM42,Pluss savE,Organic,44.0,43.0,199.0,863.0,903.0,2.78,2.71,0.145,2000.0,Reported,Yes,1.0,1,True,179.697,2.745,4,Pluss Advanced Technologies,Manufacturer,Reported,Reported,Reported,Reported,Reported,Reported,Reported,0.1,0.19,Reported,Reported,True,Reported,False,MICE_RF_PMM_Cleaned_Dataset,Reported,True,Reported,True
n-Docosane (C22),Organic n-alkane,Organic n-alkane,44.5,44.3,249.0,880.0,880.0,2.06,2.0,0.24,1440.0,Imputed,No,0.2,7,True,219.12,2.03,5,Literature,Literature,Reported,Imputed,Reported,Reported,Reported,Imputed,Imputed,0.173,0.307,Imputed,Imputed,True,Imputed,False,MICE_RF_PMM_Cleaned_Dataset,Reported,True,Imputed,True
RT47,Organic (RT-line),Organic (RT-line),44.5,44.5,160.0,770.0,880.0,2.0,2.0,0.178,1665.0,Imputed,No,0.0,4,True,140.8,2.0,6,Rubitherm Technologies,Manufacturer,Reported,Reported,Reported,Reported,Reported,Reported,Reported,0.15,0.206,Imputed,Reported,True,Imputed,False,MICE_RF_PMM_Cleaned_Dataset,Reported,True,Reported,True
Lauric acid (C12),Organic fatty acid,Organic fatty acid,44.8,44.8,184.0,870.0,960.0,1.6,2.0,0.1639999999999999,2000.0,Imputed,Yes,0.0,7,True,176.64,1.8,7,Literature,Literature,Reported,Imputed,Reported,Reported,Imputed,Reported,Imputed,0.147,0.181,Imputed,Imputed,True,Imputed,False,MICE_RF_PMM_Cleaned_Dataset,Reported,True,Imputed,True
RT45HC,Organic (RT-line),Organic (RT-line),45.0,45.0,240.0,770.0,880.0,2.0,2.0,0.24,1216.0,Imputed,No,0.0,4,True,211.2,2.0,8,Rubitherm Technologies,Manufacturer,Reported,Reported,Reported,Reported,Reported,Reported,Reported,0.174,0.306,Imputed,Reported,True,Imputed,False,MICE_RF_PMM_Cleaned_Dataset,Reported,True,Reported,True
savE® OM46,Pluss savE,Organic,47.0,45.0,177.0,880.0,917.0,2.7,2.5,0.15,2000.0,Reported,No,2.0,1,True,162.309,2.6,9,Pluss Advanced Technologies,Manufacturer,Reported,Reported,Reported,Reported,Reported,Reported,Reported,0.1,0.2,Reported,Reported,True,Reported,False,MICE_RF_PMM_Cleaned_Dataset,Reported,True,Reported,True
n-Tricosane (C23),Organic n-alkane,Organic n-alkane,47.5,44.9,232.0,780.0,797.0,2.39,2.06,0.239,1216.0,Imputed,No,2.6,10,True,184.904,2.225,10,Literature,Literature,Reported,Imputed,Reported,Imputed,Imputed,Imputed,Imputed,0.171,0.307,Imputed,Imputed,True,Imputed,False,MICE_RF_PMM_Cleaned_Dataset,Imputed,True,Imputed,True
RT50,Organic (RT-line),Organic (RT-line),48.0,48.5,160.0,770.0,880.0,2.0,2.0,0.177,1675.0,Imputed,Yes,0.0,4,True,140.8,2.0,11,Rubitherm Technologies,Manufacturer,Reported,Reported,Reported,Reported,Reported,Reported,Reported,0.146,0.208,Imputed,Reported,True,Imputed,False,MICE_RF_PMM_Cleaned_Dataset,Reported,True,Reported,True
Paraffin/Expanded graphite (85.56% paraffin),Organic/composite blend,Organic/composite blend,48.8,46.6,161.0,869.0,937.0,2.01,2.0,0.166,2000.0,Imputed,Yes,2.2,10,True,150.857,2.005,12,Literature,Literature,Reported,Imputed,Reported,Imputed,Imputed,Imputed,Imputed,0.139,0.193,Imputed,Imputed,True,Imputed,False,MICE_RF_PMM_Cleaned_Dataset,Imputed,True,Imputed,True
savE® OM49,Pluss savE,Organic,49.0,45.5,224.0,780.0,816.0,2.4,2.1,0.3,1200.0,Reported,No,3.5,1,True,182.784,2.25,13,Pluss Advanced Technologies,Manufacturer,Reported,Reported,Reported,Reported,Reported,Reported,Reported,0.27,0.33,Reported,Reported,True,Reported,False,MICE_RF_PMM_Cleaned_Dataset,Reported,True,Reported,True
Paraffin/HDPE PCM3,Organic blend,Organic blend,49.9,50.0,187.0,851.0,952.0,2.19,2.02,0.174,2000.0,Imputed,Yes,0.0,11,True,178.024,2.105,14,Literature,Literature,Reported,Imputed,Imputed,Imputed,Imputed,Imputed,Imputed,0.143,0.205,Imputed,Imputed,True,Imputed,False,MICE_RF_PMM_Cleaned_Dataset,Imputed,True,Imputed,True
savE® OM50,Pluss savE,Organic,50.0,50.0,189.0,859.0,961.0,2.78,3.33,0.175,2000.0,Reported,Yes,0.0,1,True,181.629,3.055,15,Pluss Advanced Technologies,Manufacturer,Reported,Reported,Reported,Reported,Reported,Reported,Reported,0.14,0.21,Reported,Reported,True,Reported,False,MICE_RF_PMM_Cleaned_Dataset,Reported,True,Reported,True
PlusICE A50,Organic PCM,Organic PCM,50.0,48.9,190.0,810.0,810.0,2.15,2.15,0.18,1526.0,Imputed,Yes,1.1,4,True,153.9,2.15,16,PCM Products Ltd.,Manufacturer,Reported,Imputed,Reported,Reported,Reported,Reported,Reported,0.18,0.18,Reported,Imputed,True,Imputed,False,MICE_RF_PMM_Cleaned_Dataset,Reported,True,Reported,True
Paraffin/HDPE PCM6,Organic blend,Organic blend,50.3,49.3,187.0,851.0,953.0,2.19,2.02,0.1745,2000.0,Imputed,Yes,1.0,11,True,178.211,2.105,17,Literature,Literature,Reported,Imputed,Imputed,Imputed,Imputed,Imputed,Imputed,0.143,0.206,Imputed,Imputed,True,Imputed,False,MICE_RF_PMM_Cleaned_Dataset,Imputed,True,Imputed,True
Paraffin/HDPE PCM2,Organic blend,Organic blend,50.6,49.2,187.0,846.0,954.0,2.06,2.02,0.177,2000.0,Imputed,Yes,1.4,11,True,178.398,2.04,18,Literature,Literature,Reported,Imputed,Imputed,Imputed,Imputed,Imputed,Imputed,0.146,0.208,Imputed,Imputed,True,Imputed,False,MICE_RF_PMM_Cleaned_Dataset,Imputed,True,Imputed,True
savE® OM48,Pluss savE,Organic,51.0,48.0,165.0,875.0,960.0,2.35,2.02,0.15,2000.0,Reported,Yes,3.0,1,True,158.4,2.185,19,Pluss Advanced Technologies,Manufacturer,Reported,Reported,Reported,Reported,Reported,Reported,Reported,0.1,0.2,Reported,Reported,True,Reported,False,MICE_RF_PMM_Cleaned_Dataset,Reported,True,Reported,True
PlusICE A52,Organic PCM,Organic PCM,52.0,49.2,220.0,810.0,810.0,2.15,2.15,0.18,1447.0,Imputed,Yes,2.8,4,True,178.2,2.15,20,PCM Products Ltd.,Manufacturer,Reported,Imputed,Reported,Reported,Reported,Reported,Reported,0.18,0.18,Reported,Imputed,True,Imputed,False,MICE_RF_PMM_Cleaned_Dataset,Reported,True,Reported,True
n-Tetracosane (C24),Organic n-alkane,Organic n-alkane,52.0,49.3,255.0,799.0,799.0,2.39,2.0,0.2395,1368.0,Imputed,Yes,2.7,7,True,203.745,2.1950000000000003,21,Literature,Literature,Reported,Reported,Reported,Reported,Reported,Imputed,Imputed,0.173,0.306,Imputed,Reported,True,Imputed,False,MICE_RF_PMM_Cleaned_Dataset,Reported,True,Imputed,True
Paraffin/Expanded graphite (92% paraffin),Organic/composite blend,Organic/composite blend,52.2,49.2,170.0,791.0,871.0,2.77,3.2,0.157,2000.0,Imputed,Yes,3.0,10,True,148.07,2.9850000000000003,22,Literature,Literature,Reported,Imputed,Reported,Imputed,Imputed,Imputed,Imputed,0.129,0.185,Imputed,Imputed,True,Imputed,False,MICE_RF_PMM_Cleaned_Dataset,Imputed,True,Imputed,True
Palmitic-Stearic eutectic (64.2/35.8),Eutectic,Organic eutectic,52.3,,181.7,,,,,,,Missing,Unknown,,0,False,,,23,Singh2025_Table2,Literature,Reported,Missing,Reported,Missing,Missing,Missing,Missing,,,Missing,Missing,False,Missing,False,Singh2025_Table2_Literature,Missing,False,Missing,False
Myristic acid (C14),Organic fatty acid,Organic fatty acid,53.0,51.2,199.0,861.0,990.0,2.04,1.7,0.2329999999999999,1686.0,Imputed,Yes,1.8,5,True,197.01,1.87,24,Literature,Literature,Reported,Imputed,Reported,Reported,Reported,Reported,Reported,0.25,0.216,Imputed,Imputed,True,Imputed,False,MICE_RF_PMM_Cleaned_Dataset,Reported,True,Reported,True
PureTemp 53,Organic bio-based PCM,Organic bio-based PCM,53.0,51.1,225.0,840.0,920.0,2.6,2.36,0.2,1686.0,Imputed,Yes,1.9,4,True,207.0,2.48,25,PureTemp,Manufacturer,Reported,Imputed,Reported,Reported,Reported,Reported,Reported,0.15,0.25,Reported,Imputed,True,Imputed,False,MICE_RF_PMM_Cleaned_Dataset,Reported,True,Reported,True
RT54HC,Organic (RT-line),Organic (RT-line),53.5,53.5,200.0,800.0,850.0,2.0,2.0,0.1855,1474.0,Imputed,Yes,0.0,4,True,170.0,2.0,26,Rubitherm Technologies,Manufacturer,Reported,Reported,Reported,Reported,Reported,Reported,Reported,0.172,0.199,Imputed,Reported,True,Imputed,False,MICE_RF_PMM_Cleaned_Dataset,Reported,True,Reported,True
RT55,Organic (RT-line),Organic (RT-line),54.0,56.5,170.0,770.0,880.0,2.0,2.0,0.172,2000.0,Imputed,Yes,0.0,4,True,149.6,2.0,27,Rubitherm Technologies,Manufacturer,Reported,Reported,Reported,Reported,Reported,Reported,Reported,0.147,0.197,Imputed,Reported,True,Imputed,False,MICE_RF_PMM_Cleaned_Dataset,Reported,True,Reported,True
n-Pentacosane (C25),Organic n-alkane,Organic n-alkane,54.0,50.6,238.0,801.0,801.0,2.39,2.05,0.239,1404.0,Imputed,Yes,3.4,8,True,190.638,2.22,28,Literature,Literature,Reported,Imputed,Reported,Reported,Reported,Imputed,Imputed,0.173,0.305,Imputed,Imputed,True,Imputed,False,MICE_RF_PMM_Cleaned_Dataset,Reported,True,Imputed,True
Myristic acid/NBR-1.0,Organic/polymer blend,Organic/polymer blend,54.1,49.2,128.0,778.0,860.0,2.77,2.89,0.1545,2000.0,Imputed,Yes,4.9,9,True,110.08,2.83,29,Literature,Literature,Reported,Reported,Reported,Imputed,Imputed,Imputed,Imputed,0.138,0.171,Imputed,Reported,True,Imputed,False,MICE_RF_PMM_Cleaned_Dataset,Imputed,True,Imputed,True
Myristic acid/NBR-0.5,Organic/polymer blend,Organic/polymer blend,54.6,50.5,142.0,778.0,865.0,2.77,2.93,0.157,2000.0,Imputed,Yes,4.1,9,True,122.83,2.85,30,Literature,Literature,Reported,Reported,Reported,Imputed,Imputed,Imputed,Imputed,0.138,0.176,Imputed,Reported,True,Imputed,False,MICE_RF_PMM_Cleaned_Dataset,Imputed,True,Imputed,True
savE® OM55,Pluss savE,Organic,55.0,54.0,188.0,841.0,935.0,2.76,2.68,0.13,2000.0,Reported,Yes,1.0,1,True,175.78,2.72,31,Pluss Advanced Technologies,Manufacturer,Reported,Reported,Reported,Reported,Reported,Reported,Reported,0.1,0.16,Reported,Reported,True,Reported,False,MICE_RF_PMM_Cleaned_Dataset,Reported,True,Reported,True
Palmitic-stearic acid/Expanded graphite,Organic/eutectic composite,Organic/eutectic composite,55.2,54.9,176.0,777.0,856.0,2.83,3.24,0.16,2000.0,Imputed,Yes,0.3,9,True,150.656,3.035,32,Literature,Literature,Reported,Reported,Reported,Imputed,Imputed,Imputed,Imputed,0.139,0.181,Imputed,Reported,True,Imputed,False,MICE_RF_PMM_Cleaned_Dataset,Imputed,True,Imputed,True
n-Hexacosane (C26),Organic n-alkane,Organic n-alkane,56.5,56.2,256.0,770.0,770.0,2.38,2.2,0.238,1404.0,Imputed,Yes,0.3,7,True,197.12,2.29,33,Literature,Literature,Reported,Imputed,Reported,Reported,Reported,Imputed,Imputed,0.177,0.299,Imputed,Imputed,True,Imputed,False,MICE_RF_PMM_Cleaned_Dataset,Reported,True,Imputed,True
RT57HC,Organic (RT-line),Organic (RT-line),56.5,56.5,240.0,800.0,900.0,2.0,2.0,0.239,1404.0,Imputed,Yes,0.0,4,True,216.0,2.0,34,Rubitherm Technologies,Manufacturer,Reported,Reported,Reported,Reported,Reported,Reported,Reported,0.174,0.304,Imputed,Reported,True,Imputed,False,MICE_RF_PMM_Cleaned_Dataset,Reported,True,Reported,True
PlusICE A58,Organic PCM,Organic PCM,58.0,58.2,215.0,910.0,910.0,2.22,2.22,0.22,1581.0,Imputed,Yes,0.0,4,True,195.65,2.22,35,PCM Products Ltd.,Manufacturer,Reported,Imputed,Reported,Reported,Reported,Reported,Reported,0.22,0.22,Reported,Imputed,True,Imputed,False,MICE_RF_PMM_Cleaned_Dataset,Reported,True,Reported,True
PureTemp 58,Organic bio-based PCM,Organic bio-based PCM,58.0,58.1,225.0,810.0,890.0,2.71,2.47,0.2,1620.0,Imputed,Yes,0.0,4,True,200.25,2.59,36,PureTemp,Manufacturer,Reported,Imputed,Reported,Reported,Reported,Reported,Reported,0.15,0.25,Reported,Imputed,True,Imputed,False,MICE_RF_PMM_Cleaned_Dataset,Reported,True,Reported,True
RT60,Organic (RT-line),Organic (RT-line),58.0,58.0,160.0,770.0,880.0,2.0,2.0,0.1694999999999999,2000.0,Imputed,Yes,0.0,4,True,140.8,2.0,37,Rubitherm Technologies,Manufacturer,Reported,Reported,Reported,Reported,Reported,Reported,Reported,0.147,0.192,Imputed,Reported,True,Imputed,False,MICE_RF_PMM_Cleaned_Dataset,Reported,True,Reported,True
n-Heptacosane (C27),Organic n-alkane,Organic n-alkane,59.0,59.7,236.0,773.0,773.0,2.38,2.2,0.2415,1404.0,Imputed,Yes,0.0,7,True,182.428,2.29,38,Literature,Literature,Reported,Imputed,Reported,Reported,Reported,Imputed,Imputed,0.18,0.303,Imputed,Imputed,True,Imputed,False,MICE_RF_PMM_Cleaned_Dataset,Reported,True,Imputed,True
CrodaTherm 60,Organic PCM,Organic PCM,59.8,61.5,217.0,824.0,922.0,2.3,1.4,0.2299999999999999,1533.0,Imputed,Yes,0.0,4,True,200.074,1.85,39,CrodaTherm,Manufacturer,Reported,Imputed,Reported,Reported,Reported,Reported,Reported,0.17,0.29,Reported,Imputed,True,Imputed,False,MICE_RF_PMM_Cleaned_Dataset,Reported,True,Reported,True
Palmitic acid/Expanded graphite (80/20),Organic/composite blend,Organic/composite blend,60.9,60.8,148.0,778.0,860.0,2.78,2.94,0.1645,2000.0,Imputed,Yes,0.1,8,True,127.28,2.86,40,Literature,Literature,Reported,Reported,Reported,Imputed,Imputed,Imputed,Imputed,0.138,0.191,Imputed,Reported,True,Imputed,False,MICE_RF_PMM_Cleaned_Dataset,Imputed,True,Imputed,True
PureTemp 60,Organic bio-based PCM,Organic bio-based PCM,61.0,61.5,220.0,870.0,960.0,2.38,2.04,0.2,1695.0,Imputed,Yes,0.0,4,True,211.2,2.21,41,PureTemp,Manufacturer,Reported,Imputed,Reported,Reported,Reported,Reported,Reported,0.15,0.25,Reported,Imputed,True,Imputed,False,MICE_RF_PMM_Cleaned_Dataset,Reported,True,Reported,True
RT65,Organic (RT-line),Organic (RT-line),61.5,61.5,150.0,780.0,880.0,2.0,2.0,0.1649999999999999,2000.0,Imputed,Yes,0.0,4,True,132.0,2.0,42,Rubitherm Technologies,Manufacturer,Reported,Reported,Reported,Reported,Reported,Reported,Reported,0.147,0.183,Imputed,Reported,True,Imputed,False,MICE_RF_PMM_Cleaned_Dataset,Reported,True,Reported,True
n-Octacosane (C28),Organic n-alkane,Organic n-alkane,61.6,62.3,253.0,910.0,910.0,2.38,2.05,0.2665,1581.0,Imputed,No,0.0,8,True,230.23,2.215,43,Literature,Literature,Reported,Imputed,Reported,Reported,Reported,Imputed,Imputed,0.226,0.307,Imputed,Imputed,True,Imputed,False,MICE_RF_PMM_Cleaned_Dataset,Reported,True,Imputed,True
PlusICE A62,Organic PCM,Organic PCM,62.0,62.0,205.0,910.0,910.0,2.2,2.2,0.22,1581.0,Imputed,Yes,0.0,4,True,186.55,2.2,44,PCM Products Ltd.,Manufacturer,Reported,Imputed,Reported,Reported,Reported,Reported,Reported,0.22,0.22,Reported,Imputed,True,Imputed,False,MICE_RF_PMM_Cleaned_Dataset,Reported,True,Reported,True
RT62HC,Organic (RT-line),Organic (RT-line),62.5,62.0,230.0,840.0,850.0,2.0,2.0,0.2385,1404.0,Imputed,Yes,0.5,4,True,195.5,2.0,45,Rubitherm Technologies,Manufacturer,Reported,Reported,Reported,Reported,Reported,Reported,Reported,0.173,0.304,Imputed,Reported,True,Imputed,False,MICE_RF_PMM_Cleaned_Dataset,Reported,True,Reported,True
Palmitic acid (C16),Organic fatty acid,Organic fatty acid,62.6,62.1,198.0,860.0,989.0,2.15,2.0,0.188,1695.0,Imputed,Yes,0.5,8,True,195.822,2.075,46,Literature,Literature,Reported,Imputed,Reported,Imputed,Reported,Imputed,Imputed,0.162,0.214,Imputed,Imputed,True,Imputed,False,MICE_RF_PMM_Cleaned_Dataset,Reported,True,Imputed,True
PureTemp 63,Organic bio-based PCM,Organic bio-based PCM,63.0,62.0,206.0,840.0,920.0,2.16,1.99,0.2,1510.0,Imputed,Yes,1.0,4,True,189.52,2.075,47,PureTemp,Manufacturer,Reported,Imputed,Reported,Reported,Reported,Reported,Reported,0.15,0.25,Reported,Imputed,True,Imputed,False,MICE_RF_PMM_Cleaned_Dataset,Reported,True,Reported,True
RT64HC,Organic (RT-line),Organic (RT-line),64.0,62.5,250.0,780.0,880.0,2.0,2.0,0.283,1404.0,Imputed,Yes,1.5,4,True,220.0,2.0,48,Rubitherm Technologies,Manufacturer,Reported,Reported,Reported,Reported,Reported,Reported,Reported,0.263,0.303,Imputed,Reported,True,Imputed,False,MICE_RF_PMM_Cleaned_Dataset,Reported,True,Reported,True
Paraffin wax (generic),Paraffin,Organic paraffin,64.0,,173.6,790.0,916.0,,,,,Missing,Unknown,,0,False,159.01760000000002,,49,Singh2025_Table2,Literature,Reported,Missing,Reported,Reported,Reported,Missing,Missing,,,Missing,Missing,False,Missing,False,Singh2025_Table2_Literature,Reported,True,Missing,False
n-Nonacosane (C29),Organic n-alkane,Organic n-alkane,64.0,62.3,240.0,790.0,790.0,2.13,1.99,0.28,1404.0,Imputed,Yes,1.7,7,True,189.6,2.06,50,Literature,Literature,Reported,Imputed,Reported,Reported,Reported,Imputed,Imputed,0.257,0.303,Imputed,Imputed,True,Imputed,False,MICE_RF_PMM_Cleaned_Dataset,Reported,True,Imputed,True
n-Triacontane (C30),Organic n-alkane,Organic n-alkane,65.4,63.1,251.0,940.0,910.0,2.38,2.08,0.269,1581.0,Imputed,No,2.3,9,True,228.41,2.23,51,Literature,Literature,Reported,Imputed,Reported,Imputed,Imputed,Imputed,Imputed,0.23,0.308,Imputed,Imputed,True,Imputed,False,MICE_RF_PMM_Cleaned_Dataset,Imputed,True,Imputed,True
savE® OM65,Pluss savE,Organic,67.0,66.0,188.0,847.0,924.0,3.32,3.48,0.16,2000.0,Reported,Yes,1.0,1,True,173.712,3.4,52,Pluss Advanced Technologies,Manufacturer,Reported,Reported,Reported,Reported,Reported,Reported,Reported,0.13,0.19,Reported,Reported,True,Reported,False,MICE_RF_PMM_Cleaned_Dataset,Reported,True,Reported,True
Stearic acid (C18),Organic fatty acid,Organic fatty acid,67.9,68.2,259.0,941.0,965.0,2.35,2.0,0.211,1695.0,Imputed,Yes,0.0,6,True,249.935,2.175,53,Literature,Literature,Reported,Imputed,Reported,Reported,Reported,Reported,Imputed,0.172,0.25,Imputed,Imputed,True,Imputed,False,MICE_RF_PMM_Cleaned_Dataset,Reported,True,Imputed,True
PureTemp 68,Organic commercial PCM,Organic commercial PCM,68.0,67.3,213.0,797.0,811.0,2.39,2.07,0.2754999999999999,1404.0,Imputed,No,0.7,10,True,172.743,2.23,54,PureTemp,Manufacturer,Reported,Imputed,Reported,Imputed,Imputed,Imputed,Imputed,0.251,0.3,Imputed,Imputed,True,Imputed,False,MICE_RF_PMM_Cleaned_Dataset,Imputed,True,Imputed,True
n-Hentriacontane (C31),Organic n-alkane,Organic n-alkane,68.0,68.2,242.0,930.0,930.0,2.32,2.0,0.2135,1695.0,Imputed,Yes,0.0,8,True,225.06,2.16,55,Literature,Literature,Reported,Imputed,Reported,Reported,Reported,Imputed,Imputed,0.177,0.25,Imputed,Imputed,True,Imputed,False,MICE_RF_PMM_Cleaned_Dataset,Reported,True,Imputed,True
RT69HC,Organic (RT-line),Organic (RT-line),69.0,68.0,230.0,840.0,940.0,2.0,2.0,0.2815,1551.0,Imputed,Yes,1.0,4,True,216.2,2.0,56,Rubitherm Technologies,Manufacturer,Reported,Reported,Reported,Reported,Reported,Reported,Reported,0.259,0.304,Imputed,Reported,True,Imputed,False,MICE_RF_PMM_Cleaned_Dataset,Reported,True,Reported,True
n-Dotriacontane (C32),Organic n-alkane,Organic n-alkane,69.5,67.9,170.0,777.0,848.0,2.81,3.23,0.165,2000.0,Imputed,Yes,1.6,10,True,144.16,3.02,57,Literature,Literature,Reported,Imputed,Reported,Imputed,Imputed,Imputed,Imputed,0.139,0.191,Imputed,Imputed,True,Imputed,False,MICE_RF_PMM_Cleaned_Dataset,Imputed,True,Imputed,True
RT70HC,Organic (RT-line),Organic (RT-line),70.0,70.0,260.0,770.0,880.0,2.0,2.0,0.24,1404.0,Imputed,Yes,0.0,4,True,228.8,2.0,58,Rubitherm Technologies,Manufacturer,Reported,Reported,Reported,Reported,Reported,Reported,Reported,0.177,0.303,Imputed,Reported,True,Imputed,False,MICE_RF_PMM_Cleaned_Dataset,Reported,True,Reported,True
