point_id,lat,lon,population,weight,elevation_m
RJP_0001,26.875,75.875,2742833.876691699,0.0390143519457789,414.3336509058904
RJP_0002,26.875,75.625,1321002.166765213,0.0187900710623706,411.0876870701259
RJP_0003,25.125,75.875,1184473.7975344956,0.0168480774575026,308.16087847595765
RJP_0004,26.375,73.125,765090.6806398034,0.0108827287494786,258.61541697789255
RJP_0005,26.375,74.625,703935.1239979863,0.0100128458044927,427.63298095233847
RJP_0006,24.625,73.625,701123.3191981912,0.0099728504030233,756.0445371412511
RJP_0007,27.625,76.625,670955.2634944618,0.009543736867294,339.5709261221977
RJP_0008,28.125,73.375,657708.8739934117,0.0093553188568573,191.1842924348529
RJP_0009,25.375,74.625,556660.7704209685,0.0079180002099898,450.3499478829417
RJP_0010,26.875,76.625,491123.77503216267,0.0069857952283845,331.743409207655
RJP_0011,27.125,77.375,474688.5578681231,0.0067520190043878,194.01161496599246
RJP_0012,27.625,75.125,473220.9202796221,0.0067311431759633,378.6431851250172
RJP_0013,27.625,76.125,463242.7318748832,0.0065892123949883,414.3009881209435
RJP_0014,27.125,75.875,461256.095228076,0.0065609542704312,466.61959972633366
RJP_0015,27.125,76.625,455782.20474520326,0.00648309308765,363.0869363040641
RJP_0016,23.625,74.125,455467.8696575165,0.0064786219529436,208.87756370995703
RJP_0017,23.375,74.375,446141.2500662804,0.0063459591539717,209.93512095427593
RJP_0018,27.125,75.625,442390.8795146942,0.0062926134964494,455.82056603491003
RJP_0019,26.875,76.375,438017.5918968916,0.0062304074023323,379.50157904648887
RJP_0020,26.125,74.375,435141.01568478346,0.006189490685614,385.71905965913436
RJP_0021,28.125,76.875,422225.856395781,0.006005784127875,246.02072676767807
RJP_0022,27.875,76.375,421737.7472658157,0.0059988412132689,303.44269935770626
RJP_0023,27.625,77.125,409875.52309674025,0.0058301117132708,228.23823032393835
RJP_0024,26.625,74.875,398900.5337185264,0.0056740023324434,434.0093938966161
RJP_0025,27.375,75.875,388324.2154954672,0.0055235636912441,490.4885273162854
RJP_0026,27.375,77.125,386566.85621380806,0.0054985668315755,223.2503840665518
RJP_0027,26.875,77.875,383851.6025726795,0.0054599447837449,174.04947511701243
RJP_0028,23.625,74.375,382106.88644075394,0.0054351277615421,194.49438686057422
RJP_0029,27.125,77.125,377731.64031112194,0.0053728938093507,216.49396750228163
RJP_0030,26.125,73.125,376786.1268905252,0.0053594447289401,217.60171390395803
RJP_0031,27.875,76.625,374308.9735670686,0.0053242094445847,299.479349233046
RJP_0032,26.625,76.875,372735.6868137717,0.005301830851544,276.63292614259205
RJP_0033,29.875,73.875,366981.5729411245,0.0052199837423657,170.0893116055177
RJP_0034,29.625,74.375,364302.2188515067,0.0051818723334582,182.3430342070177
RJP_0035,23.625,73.875,362251.59481680393,0.0051527040456964,272.07925592901245
RJP_0036,27.375,76.875,359881.0615261793,0.0051189853356842,289.4749771997828
RJP_0037,26.875,77.125,356995.65363645554,0.0050779429962726,235.42085639910164
RJP_0038,26.375,72.875,356387.3596659601,0.0050692905600996,261.2587125987213
RJP_0039,27.125,76.875,351152.97289443016,0.0049948361028099,276.84164930493597
RJP_0040,26.625,77.125,350523.20013064146,0.0049858781500658,250.9085930369953
RJP_0041,24.875,74.625,348176.0788972974,0.004952492455571,438.5260197321461
RJP_0042,23.875,74.125,342884.25374019146,0.004877220988761,240.84526866016938
RJP_0043,25.125,73.875,332687.63337373734,0.0047321832090344,611.2304951391403
RJP_0044,28.375,75.625,330821.5254701376,0.0047056394977515,264.0191162533842
RJP_0045,23.375,74.125,329354.86923897266,0.004684777628255,188.36772472314706
RJP_0046,27.375,75.625,328853.0743364096,0.004677640045808,479.6050483759745
RJP_0047,27.875,75.375,326767.62616693974,0.0046479764159616,360.60456464809596
RJP_0048,26.875,76.875,324430.9313597083,0.0046147390280272,264.69985649087613
RJP_0049,27.875,73.375,323311.6623095572,0.0045988184296214,222.39796504476556
RJP_0050,24.625,73.875,319973.6179908514,0.0045513377429611,637.8932858219932
RJP_0051,27.375,77.375,317377.86096024513,0.0045144154272429,190.21755366575232
RJP_0052,27.375,76.625,317296.92674696445,0.004513264210646,376.2556152107244
RJP_0053,24.625,76.125,314299.2565076351,0.0044706250399953,336.40940753532044
RJP_0054,23.875,73.625,314095.24462109804,0.0044677231538803,410.1476361862869
RJP_0055,26.625,76.375,312614.9599727988,0.004446667432373,330.51018991258485
RJP_0056,26.375,76.625,309943.33269801736,0.0044086659304767,276.92290794065764
RJP_0057,26.125,75.875,309619.64065110683,0.0044040617014173,288.1461595097459
RJP_0058,28.125,75.375,305722.7351038456,0.0043486317150035,299.35825793275484
RJP_0059,27.875,75.125,301127.8346581459,0.0042832733771662,326.7734876493247
RJP_0060,26.125,76.375,297003.9912921488,0.0042246154038133,270.37123127227443
RJP_0061,27.875,75.875,296026.15887868404,0.0042107066147149,377.04987854223924
RJP_0062,27.625,76.875,294541.73929446936,0.0041895920774526,284.2365834822544
RJP_0063,26.125,72.875,290171.8888748288,0.0041274348743967,205.26872429996484
RJP_0064,26.625,77.875,288408.0163585544,0.0041023453698072,184.24305230698047
RJP_0065,28.125,75.625,285513.65574777126,0.0040611756859679,306.7739050956494
RJP_0066,25.875,71.375,278261.2186641097,0.0039580162729057,220.63775959744154
RJP_0067,27.625,76.375,274115.8854869455,0.0038990526262624,365.0530766272122
RJP_0068,28.125,75.875,273337.30431365967,0.0038879780073542,310.5508383501247
RJP_0069,26.875,76.125,269202.63855326176,0.0038291660951472,403.25220362266936
RJP_0070,27.625,75.625,264251.3094598055,0.0037587378794638,461.0629430188954
RJP_0071,26.875,77.375,262379.18062359095,0.0037321085258144,212.88871303210067
RJP_0072,27.125,75.375,259541.31671750543,0.0036917424569296,435.50670375778174
RJP_0073,27.625,75.375,250760.0825597048,0.0035668372766115,438.8626057477579
RJP_0074,27.625,75.875,250488.64097464085,0.0035629762635103,451.00081362200655
RJP_0075,27.125,77.625,250348.7077510357,0.0035609858389056,185.32411082339536
RJP_0076,26.625,76.125,249670.85011845827,0.0035513439220286,348.18912142844397
RJP_0077,25.375,75.625,248577.6117837429,0.0035357935872039,314.40743693373884
RJP_0078,24.875,73.875,248015.15831047297,0.0035277931909911,638.6935240531935
RJP_0079,27.125,76.375,247375.5610191524,0.0035186954931541,422.70886695826306
RJP_0080,26.375,76.875,247342.3022249341,0.003518222416635,274.5588392984608
RJP_0081,24.875,74.375,247328.23723113537,0.0035180223547126,483.33418243296643
RJP_0082,27.125,74.625,246473.33833390477,0.0035058621846279,351.8493449757308
RJP_0083,26.625,75.875,245699.89906430244,0.003494860704688,357.31358990136795
RJP_0084,27.125,74.875,245114.97891533372,0.003486540740163,387.5637103553456
RJP_0085,27.375,74.875,241122.78571403027,0.0034297553723306,368.9594660415382
RJP_0086,26.625,77.625,238182.0851955116,0.0033879265448644,221.96777226741548
RJP_0087,26.875,75.375,237684.6666400433,0.0033808512120298,390.4296705711176
RJP_0088,27.375,76.125,235059.48790171745,0.0033435103989066,456.7761516579311
RJP_0089,24.875,74.125,232701.203148067,0.0033099659133477,547.8013584053933
RJP_0090,24.375,76.625,232049.1296108961,0.003300690752103,339.0232269843678
RJP_0091,26.625,74.625,228218.0480888486,0.0032461970534126,406.38743265093075
RJP_0092,25.875,74.625,227816.60461860892,0.0032404868800888,444.54832028840127
RJP_0093,24.125,73.875,226396.3227298856,0.0032202846440221,427.78633671093087
RJP_0094,24.125,74.125,223620.37957692143,0.0031807993423158,355.11323351055154
RJP_0095,27.375,75.375,223427.61685168743,0.0031780574654314,453.3222613131141
RJP_0096,28.125,74.875,222331.13432770967,0.003162460984924,294.9037710539532
RJP_0097,23.625,74.625,221087.84905278683,0.0031447763669466,270.2736412440793
RJP_0098,24.625,74.625,220036.03256851435,0.0031298152207946,457.56922000950885
RJP_0099,27.625,74.375,219504.5435451269,0.0031222552661105,321.16943007104874
RJP_0100,27.875,76.125,215635.17670226097,0.0030672169930683,353.7828225139319
RJP_0101,27.375,74.625,215306.43787515163,0.0030625409780868,339.4358933893073
RJP_0102,24.875,73.125,211904.16696301103,0.0030141467257374,357.3713472649937
RJP_0103,25.125,76.375,211428.65474897623,0.0030073829909627,243.2491699669357
RJP_0104,25.875,73.375,210554.3588542044,0.0029949469159845,213.44876029594715
RJP_0105,26.375,76.375,210334.80665534732,0.0029918239828643,289.2734239170614
RJP_0106,26.375,75.875,209796.76630586383,0.0029841708414422,307.3921080497673
RJP_0107,25.875,72.125,209182.70184344053,0.0029754363251968,144.53625895756963
RJP_0108,24.625,74.125,206863.26502126452,0.0029424444166217,520.5263396681079
RJP_0109,26.875,77.625,206813.25684535503,0.00294173309517,193.6610875177813
RJP_0110,26.875,75.125,206802.49238288403,0.0029415799803456,404.45315845943827
RJP_0111,24.875,71.875,206562.5920379758,0.0029381676130973,52.070703059276106
RJP_0112,27.375,75.125,205180.63191342357,0.0029185104697565,419.45453826293897
RJP_0113,26.875,78.125,203674.11956173184,0.002897081682691,166.5589425447273
RJP_0114,23.125,74.375,202617.4611782432,0.0028820516648652,258.6823358543692
RJP_0115,25.125,76.125,199409.46216326952,0.0028364207560175,265.7705585145029
RJP_0116,27.875,75.625,199173.86278420687,0.002833069566151,377.3410553202419
RJP_0117,25.125,76.625,197976.9415908456,0.0028160444356515,242.13186372576263
RJP_0118,24.375,73.875,197109.5594609976,0.0028037067027786,552.1482970898575
RJP_0119,23.875,73.875,196152.9215787649,0.0027900993868783,322.65439180619785
RJP_0120,25.125,74.125,195385.73548704383,0.0027791868527855,532.223201618927
RJP_0121,26.625,76.625,191316.62574929,0.0027213074162058,308.8101509084397
RJP_0122,25.875,76.375,191300.5448462963,0.0027210786797831,276.6396976955688
RJP_0123,23.875,74.375,190888.12331342697,0.0027152123533642,238.42862090074084
RJP_0124,24.625,74.375,190469.1880244017,0.002709253374606,455.9309025157674
RJP_0125,26.875,74.625,186913.95091682675,0.0026586833153165,378.08313786117077
RJP_0126,25.375,75.875,186431.55415457487,0.0026518216540179,278.391936609979
RJP_0127,24.375,74.375,185256.09791989625,0.0026351018433045,455.3194711146263
RJP_0128,25.375,72.625,184161.57769060132,0.0026195332746791,174.3135656831079
RJP_0129,27.875,76.875,183961.2129585147,0.0026166832660651,278.07208031348625
RJP_0130,27.125,76.125,183945.3443194032,0.0026164575489058,455.5616537152086
RJP_0131,24.625,72.875,183860.47188133,0.0026152503145933,358.506578205223
RJP_0132,24.375,74.125,183768.93134105208,0.0026139482325073,452.5319812480562
RJP_0133,24.125,73.625,182408.7084117532,0.0025946002812736,553.4090009234806
RJP_0134,28.125,75.125,182219.9357922077,0.002591915160064,298.7121721134383
RJP_0135,27.875,74.875,180944.66272342205,0.0025737755444076,318.1134680452805
RJP_0136,24.125,74.375,178975.02300938964,0.0025457591859753,368.7037403350023
RJP_0137,25.625,76.125,178632.26099410653,0.0025408837037189,272.44332648317726
RJP_0138,24.875,72.875,177376.41205763817,0.0025230203789239,268.67435976161585
RJP_0139,25.625,74.125,176844.40739649534,0.0025154530897552,479.6162015220539
RJP_0140,25.875,75.125,176729.14035964012,0.0025138135195349,371.08613200290114
RJP_0141,26.625,77.375,176223.818587631,0.0025066257705332,240.49354623202115
RJP_0142,27.625,74.875,176120.4236819744,0.0025051550707314,336.2974777478803
RJP_0143,29.625,73.625,175994.9861960709,0.0025033708349949,165.59140712233537
RJP_0144,24.625,75.875,175744.46833446622,0.0024998074430941,387.2127845804888
RJP_0145,27.125,73.625,175640.26943281293,0.0024983253071704,307.4757566453631
RJP_0146,24.375,75.875,174819.19602274895,0.0024866462743037,396.7435462320212
RJP_0147,25.625,75.375,174636.23337239027,0.0024840437946951,330.9475525695574
RJP_0148,24.375,73.625,174561.526496768,0.0024829811563913,683.8171614574039
RJP_0149,26.125,74.125,173267.87823933363,0.0024645801701564,318.7017965009713
RJP_0150,23.625,73.625,172635.30561310053,0.0024555823918801,300.3253950285011
RJP_0151,25.125,74.375,172585.31641834974,0.0024548713404183,493.42777963486515
RJP_0152,25.125,73.125,172009.07541239262,0.0024466748289187,226.6202274891273
RJP_0153,26.875,74.875,171736.5136014223,0.0024427978816086,415.0112045302168
RJP_0154,24.625,72.625,170288.25447186828,0.0024221976943828,279.09617811956684
RJP_0155,28.125,74.625,168668.50561365485,0.0023991582195699,282.3305904826062
RJP_0156,27.125,75.125,168051.76268869638,0.0023903856045971,421.6385632612819
RJP_0157,25.125,73.375,167262.70728470013,0.002379161999151,338.7447966590273
RJP_0158,27.125,72.375,166947.40029221773,0.0023746770399706,222.1760971031137
RJP_0159,28.375,74.875,166911.48915231228,0.0023741662362129,251.72556098731474
RJP_0160,26.625,73.625,166903.75944805145,0.0023740562881022,306.7089778524012
RJP_0161,25.625,73.875,166565.73541077971,0.0023692481993338,356.90211847636556
RJP_0162,26.625,75.625,166509.86539453268,0.0023684534984605,354.9471312992969
RJP_0163,25.125,72.375,165486.68257898092,0.0023538996405656,139.146899441323
RJP_0164,24.875,73.625,165248.98565983772,0.0023505186150727,689.9442219214768
RJP_0165,25.875,74.375,164897.5169093609,0.0023455192873169,445.8273471477263
RJP_0166,24.875,72.375,164484.4794948697,0.0023396442005344,165.667487511663
RJP_0167,24.375,76.125,164298.8150048256,0.0023370032896794,362.861483422601
RJP_0168,25.625,71.375,164223.63896855712,0.0023359339779862,212.99825285966668
RJP_0169,26.625,75.125,163525.46529254317,0.002326003083612,397.3812671917781
RJP_0170,24.875,75.875,162847.8391391039,0.0023163644593181,348.71610758069784
RJP_0171,29.375,74.375,162469.69998911023,0.002310985769049,180.4211081415417
RJP_0172,24.875,76.375,161690.06592437625,0.0022998961737043,270.18122946227817
RJP_0173,25.375,73.625,161198.9485692382,0.0022929104697931,307.43751728737647
RJP_0174,29.875,73.625,159992.51377093792,0.0022757500167958,165.60176361512342
RJP_0175,27.375,76.375,159990.09639282525,0.0022757156317602,427.153793997568
RJP_0176,25.375,75.125,159491.98526245356,0.0022686304476688,368.1950772084504
RJP_0177,29.125,75.125,159433.59140253067,0.0022677998473828,199.6415637762386
RJP_0178,25.625,74.375,158713.45566415787,0.0022575565623685,510.6418639551988
RJP_0179,24.875,73.375,158594.16088251024,0.0022558597010909,483.80699616140583
RJP_0180,23.875,74.625,157249.98878404498,0.0022367400585303,319.81193286252187
RJP_0181,25.125,74.625,156024.7826846242,0.0022193126006099,446.1687130830865
RJP_0182,24.875,72.125,154999.20437151194,0.0022047246689105,100.53470771428063
RJP_0183,26.375,73.625,153306.3565185666,0.0021806454264574,280.57357164844774
RJP_0184,24.125,74.875,152870.61702758074,0.0021744474229974,461.4564897448415
RJP_0185,27.875,73.625,152513.89314338565,0.0021693733456777,234.2210965422698
RJP_0186,25.625,74.625,152031.59045749903,0.0021625130225311,455.71819608696654
RJP_0187,25.375,76.125,151372.57834368944,0.0021531391662567,240.86518499245412
RJP_0188,26.375,74.875,151251.68192607164,0.0021514195231438,454.83829252662736
RJP_0189,25.875,75.875,150872.3965445757,0.0021460245287596,295.8243039321532
RJP_0190,26.625,73.375,150667.94226294756,0.0021431163499712,290.6747370566147
RJP_0191,28.375,75.375,149994.7195224166,0.0021335403602767,260.9145583768412
RJP_0192,26.875,73.375,149925.8997913003,0.0021325614613235,300.9105368710263
RJP_0193,25.625,73.375,149828.27576187253,0.0021311728470604,216.42824360574204
RJP_0194,26.375,77.125,149528.4080236554,0.002126907497425,276.88666021589944
RJP_0195,27.625,74.625,149449.6518546939,0.0021257872615551,324.61256559643203
RJP_0196,26.875,73.875,148928.59369140863,0.0021183756765009,317.50084166420237
RJP_0197,26.375,76.125,148495.17669969797,0.0021122107085101,296.18917113960936
RJP_0198,24.625,76.375,148171.64057411253,0.0021076086972917,302.3564625948974
RJP_0199,29.375,73.875,148152.94856008887,0.0021073428201564,171.85310199265297
RJP_0200,25.375,73.375,147863.63673877716,0.0021032276189717,219.28703394189148
RJP_0201,26.375,75.375,147686.3273421526,0.0021007055518273,344.91686803406367
RJP_0202,26.875,73.625,147494.9588805735,0.0020979835070929,312.57473603689846
RJP_0203,26.625,74.125,147291.10003101826,0.0020950837977917,314.90295528098284
RJP_0204,24.875,76.625,147287.08608472347,0.0020950267030056,263.4176430183855
RJP_0205,24.625,76.625,146326.6985320449,0.0020813660514062,295.37180486264424
RJP_0206,24.375,74.625,145556.27674348652,0.0020704074924279,458.5957077754636
RJP_0207,24.375,76.375,145410.57881334424,0.0020683350700429,331.16424226481524
RJP_0208,25.375,73.875,145376.24346372485,0.0020678466804887,491.0465829469034
RJP_0209,27.125,73.875,144841.97017121315,0.0020602471220734,304.8444108239052
RJP_0210,26.125,75.125,144211.11205810308,0.0020512737312086,382.1042453494568
RJP_0211,25.625,75.125,143963.20214146376,0.002047747434986,359.81547956297516
RJP_0212,25.125,72.125,143614.36113923788,0.0020427854845925,84.64227120436134
RJP_0213,26.375,74.125,143231.9406092167,0.0020373458955323,321.9549302163583
RJP_0214,29.625,74.125,142764.70178556442,0.0020306998423157,175.23848015441052
RJP_0215,25.625,74.875,142685.2276136279,0.0020295693934975,395.24583804420985
RJP_0216,26.625,72.875,142622.7549828291,0.0020286807763538,297.49608086413303
RJP_0217,28.625,75.375,141773.67208904028,0.002016603333702,225.50770116770255
RJP_0218,24.875,71.625,141681.67203378677,0.0020152947154276,42.77535245534918
RJP_0219,28.125,76.375,141092.37621474266,0.0020069125109201,262.9826703212871
RJP_0220,25.375,74.875,139982.89765399694,0.0019911311734454,395.5804324265932
RJP_0221,24.375,73.375,139255.71552585065,0.0019807876598563,549.0433408866687
RJP_0222,25.875,72.375,139220.14867913723,0.0019802817533604,132.98996447882305
RJP_0223,25.125,72.625,139071.93956303596,0.0019781736116074,170.7712468229467
RJP_0224,25.875,74.125,138902.49172085524,0.0019757633680241,385.0267679489173
RJP_0225,27.625,73.375,137773.65427446365,0.0019597066677633,278.621372757899
RJP_0226,27.625,77.375,136947.15050655603,0.0019479503929267,193.51888490526838
RJP_0227,29.125,74.875,136689.2611927986,0.0019442821487302,195.30020166481418
RJP_0228,24.625,76.875,136665.862924397,0.0019439493293473,336.0437436745729
RJP_0229,27.875,73.125,136298.67869546264,0.0019387264630052,212.46808009424728
RJP_0230,25.375,76.375,135821.91233587265,0.0019319448891348,229.43998181399868
RJP_0231,25.875,75.375,135679.22081643343,0.0019299152302457,340.5042054530599
RJP_0232,24.625,72.375,135231.84093511105,0.001923551652673,205.86063769546686
RJP_0233,29.875,74.375,135122.83107626438,0.001922001085198,186.60990923569722
RJP_0234,27.875,74.375,134466.2102637887,0.0019126612430404,301.7302931078656
RJP_0235,25.375,74.125,133527.85899734497,0.0018993140378491,563.5364558902633
RJP_0236,28.375,75.125,133196.79231017828,0.0018946049111461,258.9974122311136
RJP_0237,25.375,72.375,133098.1147428751,0.0018932013112516,154.48287362720706
RJP_0238,26.125,75.375,132696.0406550467,0.0018874821679582,329.5554009428551
RJP_0239,25.375,74.375,132567.9046369195,0.001885659548021,518.5426729725493
RJP_0240,24.625,73.125,131715.6689310819,0.0018735372594453,447.3848043323918
RJP_0241,25.875,75.625,131619.79277956486,0.0018721735071779,318.18277688163136
RJP_0242,26.125,76.125,130218.79568374155,0.0018522455799943,276.5544557933902
RJP_0243,23.375,73.875,130128.61921858788,0.0018509629006536,190.91303198913494
RJP_0244,24.875,76.125,129377.67948585749,0.0018402814564466,298.0147021568273
RJP_0245,26.125,75.625,129332.0711159706,0.0018396327182895,305.3060714062652
RJP_0246,25.625,75.875,128413.44385325909,0.0018265660693615,289.75539915835174
RJP_0247,27.875,74.625,127857.63621550798,0.0018186602041986,310.7153472547965
RJP_0248,25.625,75.625,127071.83221650124,0.0018074828470724,311.1439467255638
RJP_0249,23.875,74.875,126684.87535327672,0.0018019787327409,437.8217782225582
RJP_0250,25.625,73.625,126501.74606603384,0.001799373882872,228.46447985869284
RJP_0251,25.875,76.125,126456.99814346433,0.0017987373838063,281.14676369160213
RJP_0252,23.375,74.625,125913.99821728468,0.0017910136968537,294.99498785581727
RJP_0253,26.375,73.375,124998.97859114408,0.0017779983633204,258.9372649076137
RJP_0254,28.125,73.625,123798.75919772685,0.0017609263188831,203.415708744194
RJP_0255,25.625,76.375,123252.91524127126,0.0017531621781506,258.7484580775545
RJP_0256,25.125,74.875,123056.1121610105,0.0017503628308396,401.3513888694152
RJP_0257,26.875,74.375,122836.16786935924,0.0017472343205511,329.6326763121199
RJP_0258,26.625,75.375,122631.20641708374,0.0017443189277151,365.72903694495574
RJP_0259,26.125,73.625,121309.13620868324,0.0017255136647183,249.42482628178328
RJP_0260,25.125,71.875,120493.79977828264,0.0017139162352421,58.11252162117033
RJP_0261,25.875,74.875,120256.22111305594,0.0017105368918051,399.254995733125
RJP_0262,27.375,74.375,120123.27349585296,0.0017086458311864,314.50940855503666
RJP_0263,29.375,74.125,119990.50042703748,0.001706757253362,177.12615012835678
RJP_0264,26.375,72.375,119680.10509264468,0.0017023421581128,244.3959523798902
RJP_0265,27.125,74.375,118694.50192958117,0.0016883228370706,326.21344038547824
RJP_0266,27.125,74.125,118662.557626158,0.0016878684580041,308.4990577981523
RJP_0267,24.875,72.625,118515.43295413256,0.0016857757414954,230.0900508997721
RJP_0268,25.125,75.125,118344.68873271346,0.0016833470580802,398.24244939976955
RJP_0269,26.375,73.875,118179.44070088863,0.0016809965530325,306.16207536786266
RJP_0270,26.125,74.625,117140.32047355176,0.0016662159997487,437.1545810910199
RJP_0271,24.375,72.875,116681.08079454304,0.0016596837271905,379.2072156553206
RJP_0272,26.625,73.875,114326.11652976274,0.0016261864726077,325.04076674055364
RJP_0273,25.375,72.875,114313.29009705782,0.001626004028106,185.3496037287198
RJP_0274,24.125,75.875,113582.69657090306,0.0016156119904398,413.1103897769626
RJP_0275,25.375,72.125,113559.87014728785,0.0016152873050361,104.9489636018671
RJP_0276,25.125,75.375,113350.2185229212,0.0016123051987086,418.7976976241887
RJP_0277,26.375,75.625,112915.3094687462,0.0016061190074674,323.23953364872307
RJP_0278,25.625,72.375,112695.6125972271,0.0016029940165084,149.60735548390633
RJP_0279,26.625,74.375,111775.0281959772,0.00158989952904,355.97441571854307
RJP_0280,26.375,75.125,111143.52722930908,0.0015809169941599,398.60651995393437
RJP_0281,26.375,74.375,111137.60117653012,0.001580832701374,369.9003135786686
RJP_0282,25.875,71.625,109419.64340612292,0.0015563962928652,193.0297397843555
RJP_0283,29.125,73.625,109163.09935048968,0.001552747183759,165.09349881521723
RJP_0284,25.125,72.875,108823.41458028556,0.0015479154725541,208.3501792310575
RJP_0285,25.875,73.625,108387.5893714428,0.0015417162498344,226.27686992053862
RJP_0286,23.875,75.625,108326.65238314868,0.0015408494758281,442.82396423918976
RJP_0287,25.625,72.625,108184.55408486724,0.001538828254978,150.54063481476857
RJP_0288,24.875,75.625,107215.75774651766,0.001525047995944,417.3848330119103
RJP_0289,25.375,71.875,106423.05578514934,0.0015137725214897,93.81374222147727
RJP_0290,26.125,73.875,106418.16570347548,0.0015137029644636,277.614801324229
RJP_0291,25.125,75.625,106209.52101537584,0.0015107351809014,378.3543983068887
RJP_0292,29.625,73.875,105622.50359869003,0.0015023853846241,169.43764921316148
RJP_0293,28.375,75.875,105587.1665521264,0.0015018827468293,261.321648208741
RJP_0294,28.875,75.375,105304.01587742569,0.0014978551824294,208.02952628127343
RJP_0295,24.125,73.375,104970.6559396088,0.0014931134362926,444.45590850660017
RJP_0296,25.375,75.375,104296.46905881166,0.0014835237325675,355.3976387355774
RJP_0297,29.625,73.375,103421.44569176435,0.0014710773099486,158.4438337919932
RJP_0298,26.875,74.125,103365.65365129708,0.0014702837182109,311.87885938687015
RJP_0299,26.125,74.875,103081.0285500288,0.0014662351814155,431.2115475372579
RJP_0300,24.125,74.625,102857.13109847905,0.0014630504409728,439.9520291237324
RJP_0301,25.125,71.125,102700.7788027525,0.0014608264697929,133.23772365244503
RJP_0302,26.375,72.625,102638.81435635686,0.0014599450811167,255.9318903658487
RJP_0303,29.375,73.625,102344.49801126122,0.0014557586950696,164.45537952881463
RJP_0304,26.625,73.125,101782.74567472936,0.0014477682718981,296.1851878731524
RJP_0305,27.625,73.875,101712.28976383804,0.0014467660997551,297.7514082440232
RJP_0306,26.125,76.625,100979.6412115097,0.0014363448311846,259.0328633025804
RJP_0307,29.125,73.125,100333.88482709228,0.0014271595257722,147.8714479619697
RJP_0308,23.875,73.375,100329.71384835245,0.0014271001973404,333.1638420262016
RJP_0309,25.875,72.625,100176.37689721584,0.001424919116733,137.52610831999206
RJP_0310,29.125,75.375,100126.33227413891,0.001424207276853,205.27031760654762
RJP_0311,24.875,71.375,99528.65527665617,0.001415705857599,72.33397785240118
RJP_0312,26.125,72.625,97742.38838359714,0.0013902978130845,198.56568350621774
RJP_0313,25.125,71.625,97730.9967173338,0.0013901357768487,83.39033055694351
RJP_0314,27.875,77.125,96506.67255330086,0.0013727208636681,235.9765220698455
RJP_0315,25.375,73.125,96435.93085709214,0.0013717146264853,199.2997995142327
RJP_0316,24.625,71.875,96208.7529872656,0.0013684832250347,55.65683785046372
RJP_0317,28.875,72.875,95832.78838596492,0.0013631354657705,138.51674668783429
RJP_0318,27.375,74.125,95652.30440628529,0.0013605682430292,306.79780469439106
RJP_0319,28.625,75.125,95600.10913795231,0.0013598258121493,227.75545842935662
RJP_0320,25.625,72.125,95022.032027781,0.0013516031837139,119.05450677920085
