cluster_id,pcm_id,family,pcm_type,Tm_C,latent_heat_kJ_kg,cycles_tested,supercooling_K,flammable_raw,encapsulated_raw,source,breakeven_kappa,rescuable_by_kappa,calibrated_kappa,calibration_status,c1_melting_window,c2_absolute_band,c3_latent_heat,c4_cycling,c5_supercooling,c6_charging_feasibility,c7_corrosion_veto,c8_safety,survives_all,upstream_cluster_profile_fingerprint
0,RT42,Rubitherm Technologies,Organic (RT-line),40.5,165.0,1564.0,0.5,Yes,,manufacturer_datasheet_MICE_RF_PMM_completed,0.5283115296685656,False,0.5,in_band,fail,fail,pass,pass,pass,pass,not_applicable,flag_unverified_toxicity_flammable_raw=Yes,False,2542_3_1788975613.315
0,RT44HC,Rubitherm Technologies,Organic (RT-line),42.5,250.0,1216.0,0.0,No,,manufacturer_datasheet_MICE_RF_PMM_completed,0.8004720146493418,False,0.5,in_band,fail,pass,pass,pass,pass,pass,not_applicable,flag_unverified_toxicity_flammable_raw=No,False,2542_3_1788975613.315
0,savE® OM42,Pluss Advanced Technologies,Organic,44.0,199.0,2000.0,1.0,Yes,,manufacturer_datasheet_MICE_RF_PMM_completed,0.637175723660876,True,0.5,in_band,pass,pass,pass,pass,pass,pass,not_applicable,flag_unverified_toxicity_flammable_raw=Yes,True,2542_3_1788975613.315
0,RT47,Rubitherm Technologies,Organic (RT-line),44.5,160.0,1665.0,0.0,No,,manufacturer_datasheet_MICE_RF_PMM_completed,0.5123020893755788,True,0.5,in_band,pass,pass,pass,pass,pass,pass,not_applicable,flag_unverified_toxicity_flammable_raw=No,True,2542_3_1788975613.315
0,n-Docosane (C22),Literature,Organic n-alkane,44.5,249.0,1440.0,0.20000000000000284,No,,manufacturer_datasheet_MICE_RF_PMM_completed,0.7972701265907445,True,0.5,in_band,pass,pass,pass,pass,pass,pass,not_applicable,flag_unverified_toxicity_flammable_raw=No,True,2542_3_1788975613.315
0,Lauric acid (C12),Literature,Organic fatty acid,44.8,184.0,2000.0,0.0,Yes,,manufacturer_datasheet_MICE_RF_PMM_completed,0.5891474027819156,True,0.5,in_band,pass,pass,pass,pass,pass,pass,not_applicable,flag_unverified_toxicity_flammable_raw=Yes,True,2542_3_1788975613.315
0,RT45HC,Rubitherm Technologies,Organic (RT-line),45.0,240.0,1216.0,0.0,No,,manufacturer_datasheet_MICE_RF_PMM_completed,0.7684531340633681,True,0.5,in_band,pass,pass,pass,pass,pass,pass,not_applicable,flag_unverified_toxicity_flammable_raw=No,True,2542_3_1788975613.315
0,savE® OM46,Pluss Advanced Technologies,Organic,47.0,177.0,2000.0,2.0,No,,manufacturer_datasheet_MICE_RF_PMM_completed,0.566734186371734,True,0.5,in_band,pass,pass,pass,pass,pass,pass,not_applicable,flag_unverified_toxicity_flammable_raw=No,True,2542_3_1788975613.315
0,n-Tricosane (C23),Literature,Organic n-alkane,47.5,232.0,1216.0,2.6000000000000014,No,,manufacturer_datasheet_MICE_RF_PMM_completed,0.7428380295945892,True,0.5,in_band,pass,pass,pass,pass,pass,pass,not_applicable,flag_unverified_toxicity_flammable_raw=No,True,2542_3_1788975613.315
0,RT50,Rubitherm Technologies,Organic (RT-line),48.0,160.0,1675.0,-0.5,Yes,,manufacturer_datasheet_MICE_RF_PMM_completed,0.5123020893755788,True,0.5,in_band,pass,pass,pass,pass,pass,pass,not_applicable,flag_unverified_toxicity_flammable_raw=Yes,True,2542_3_1788975613.315
0,Paraffin/Expanded graphite (85.56% paraffin),Literature,Organic/composite blend,48.8,161.0,2000.0,2.1999999999999957,Yes,,manufacturer_datasheet_MICE_RF_PMM_completed,0.5155039774341761,False,0.5,in_band,pass,pass,pass,pass,pass,fail,not_applicable,flag_unverified_toxicity_flammable_raw=Yes,False,2542_3_1788975613.315
0,savE® OM49,Pluss Advanced Technologies,Organic,49.0,224.0,1200.0,3.5,No,,manufacturer_datasheet_MICE_RF_PMM_completed,0.7172229251258103,False,0.5,in_band,pass,pass,pass,pass,pass,fail,not_applicable,flag_unverified_toxicity_flammable_raw=No,False,2542_3_1788975613.315
0,Paraffin/HDPE PCM3,Literature,Organic blend,49.9,187.0,2000.0,-0.10000000000000142,Yes,,manufacturer_datasheet_MICE_RF_PMM_completed,0.5987530669577077,False,0.5,in_band,pass,pass,pass,pass,pass,fail,not_applicable,flag_unverified_toxicity_flammable_raw=Yes,False,2542_3_1788975613.315
0,PlusICE A50,PCM Products Ltd.,Organic PCM,50.0,190.0,1526.0,1.1000000000000014,Yes,,manufacturer_datasheet_MICE_RF_PMM_completed,0.6083587311334998,False,0.5,in_band,pass,pass,pass,pass,pass,fail,not_applicable,flag_unverified_toxicity_flammable_raw=Yes,False,2542_3_1788975613.315
0,savE® OM50,Pluss Advanced Technologies,Organic,50.0,189.0,2000.0,0.0,Yes,,manufacturer_datasheet_MICE_RF_PMM_completed,0.6051568430749025,False,0.5,in_band,pass,pass,pass,pass,pass,fail,not_applicable,flag_unverified_toxicity_flammable_raw=Yes,False,2542_3_1788975613.315
0,Paraffin/HDPE PCM6,Literature,Organic blend,50.3,187.0,2000.0,1.0,Yes,,manufacturer_datasheet_MICE_RF_PMM_completed,0.5987530669577077,False,0.5,in_band,pass,pass,pass,pass,pass,fail,not_applicable,flag_unverified_toxicity_flammable_raw=Yes,False,2542_3_1788975613.315
0,Paraffin/HDPE PCM2,Literature,Organic blend,50.6,187.0,2000.0,1.3999999999999986,Yes,,manufacturer_datasheet_MICE_RF_PMM_completed,0.5987530669577077,False,0.5,in_band,pass,pass,pass,pass,pass,fail,not_applicable,flag_unverified_toxicity_flammable_raw=Yes,False,2542_3_1788975613.315
0,savE® OM48,Pluss Advanced Technologies,Organic,51.0,165.0,2000.0,3.0,Yes,,manufacturer_datasheet_MICE_RF_PMM_completed,0.5283115296685656,False,0.5,in_band,pass,pass,pass,pass,pass,fail,not_applicable,flag_unverified_toxicity_flammable_raw=Yes,False,2542_3_1788975613.315
0,PlusICE A52,PCM Products Ltd.,Organic PCM,52.0,220.0,1447.0,2.799999999999997,Yes,,manufacturer_datasheet_MICE_RF_PMM_completed,0.7044153728914209,False,0.5,in_band,pass,pass,pass,pass,pass,fail,not_applicable,flag_unverified_toxicity_flammable_raw=Yes,False,2542_3_1788975613.315
0,n-Tetracosane (C24),Literature,Organic n-alkane,52.0,255.0,1368.0,2.700000000000003,Yes,,manufacturer_datasheet_MICE_RF_PMM_completed,0.8164814549423287,False,0.5,in_band,pass,pass,pass,pass,pass,fail,not_applicable,flag_unverified_toxicity_flammable_raw=Yes,False,2542_3_1788975613.315
0,Paraffin/Expanded graphite (92% paraffin),Literature,Organic/composite blend,52.2,170.0,2000.0,3.0,Yes,,manufacturer_datasheet_MICE_RF_PMM_completed,0.5443209699615524,False,0.5,in_band,pass,pass,pass,pass,pass,fail,not_applicable,flag_unverified_toxicity_flammable_raw=Yes,False,2542_3_1788975613.315
0,Myristic acid (C14),Literature,Organic fatty acid,53.0,199.0,1686.0,1.7999999999999972,Yes,,manufacturer_datasheet_MICE_RF_PMM_completed,0.637175723660876,False,0.5,in_band,pass,pass,pass,pass,pass,fail,not_applicable,flag_unverified_toxicity_flammable_raw=Yes,False,2542_3_1788975613.315
0,PureTemp 53,PureTemp,Organic bio-based PCM,53.0,225.0,1686.0,1.8999999999999986,Yes,,manufacturer_datasheet_MICE_RF_PMM_completed,0.7204248131844077,False,0.5,in_band,pass,pass,pass,pass,pass,fail,not_applicable,flag_unverified_toxicity_flammable_raw=Yes,False,2542_3_1788975613.315
0,RT54HC,Rubitherm Technologies,Organic (RT-line),53.5,200.0,1474.0,0.0,Yes,,manufacturer_datasheet_MICE_RF_PMM_completed,0.6403776117194735,False,0.5,in_band,pass,pass,pass,pass,pass,fail,not_applicable,flag_unverified_toxicity_flammable_raw=Yes,False,2542_3_1788975613.315
0,RT55,Rubitherm Technologies,Organic (RT-line),54.0,170.0,2000.0,-2.5,Yes,,manufacturer_datasheet_MICE_RF_PMM_completed,0.5443209699615524,False,0.5,in_band,pass,pass,pass,pass,pass,fail,not_applicable,flag_unverified_toxicity_flammable_raw=Yes,False,2542_3_1788975613.315
0,n-Pentacosane (C25),Literature,Organic n-alkane,54.0,238.0,1404.0,3.3999999999999986,Yes,,manufacturer_datasheet_MICE_RF_PMM_completed,0.7620493579461735,False,0.5,in_band,pass,pass,pass,pass,pass,fail,not_applicable,flag_unverified_toxicity_flammable_raw=Yes,False,2542_3_1788975613.315
0,Myristic acid/NBR-1.0,Literature,Organic/polymer blend,54.1,128.0,2000.0,4.899999999999999,Yes,,manufacturer_datasheet_MICE_RF_PMM_completed,0.409841671500463,False,0.5,in_band,pass,pass,fail,pass,pass,fail,not_applicable,flag_unverified_toxicity_flammable_raw=Yes,False,2542_3_1788975613.315
0,Myristic acid/NBR-0.5,Literature,Organic/polymer blend,54.6,142.0,2000.0,4.100000000000001,Yes,,manufacturer_datasheet_MICE_RF_PMM_completed,0.45466810432082616,False,0.5,in_band,pass,pass,fail,pass,pass,fail,not_applicable,flag_unverified_toxicity_flammable_raw=Yes,False,2542_3_1788975613.315
0,savE® OM55,Pluss Advanced Technologies,Organic,55.0,188.0,2000.0,1.0,Yes,,manufacturer_datasheet_MICE_RF_PMM_completed,0.601954955016305,False,0.5,in_band,pass,pass,pass,pass,pass,fail,not_applicable,flag_unverified_toxicity_flammable_raw=Yes,False,2542_3_1788975613.315
0,Palmitic-stearic acid/Expanded graphite,Literature,Organic/eutectic composite,55.2,176.0,2000.0,0.30000000000000426,Yes,,manufacturer_datasheet_MICE_RF_PMM_completed,0.5635322983131367,False,0.5,in_band,pass,pass,pass,pass,pass,fail,not_applicable,flag_unverified_toxicity_flammable_raw=Yes,False,2542_3_1788975613.315
0,RT57HC,Rubitherm Technologies,Organic (RT-line),56.5,240.0,1404.0,0.0,Yes,,manufacturer_datasheet_MICE_RF_PMM_completed,0.7684531340633681,False,0.5,in_band,pass,pass,pass,pass,pass,fail,not_applicable,flag_unverified_toxicity_flammable_raw=Yes,False,2542_3_1788975613.315
0,n-Hexacosane (C26),Literature,Organic n-alkane,56.5,256.0,1404.0,0.29999999999999716,Yes,,manufacturer_datasheet_MICE_RF_PMM_completed,0.819683343000926,False,0.5,in_band,pass,pass,pass,pass,pass,fail,not_applicable,flag_unverified_toxicity_flammable_raw=Yes,False,2542_3_1788975613.315
0,PlusICE A58,PCM Products Ltd.,Organic PCM,58.0,215.0,1581.0,-0.20000000000000284,Yes,,manufacturer_datasheet_MICE_RF_PMM_completed,0.688405932598434,False,0.5,in_band,pass,pass,pass,pass,pass,fail,not_applicable,flag_unverified_toxicity_flammable_raw=Yes,False,2542_3_1788975613.315
0,PureTemp 58,PureTemp,Organic bio-based PCM,58.0,225.0,1620.0,-0.10000000000000142,Yes,,manufacturer_datasheet_MICE_RF_PMM_completed,0.7204248131844077,False,0.5,in_band,pass,pass,pass,pass,pass,fail,not_applicable,flag_unverified_toxicity_flammable_raw=Yes,False,2542_3_1788975613.315
0,RT60,Rubitherm Technologies,Organic (RT-line),58.0,160.0,2000.0,0.0,Yes,,manufacturer_datasheet_MICE_RF_PMM_completed,0.5123020893755788,False,0.5,in_band,pass,pass,pass,pass,pass,fail,not_applicable,flag_unverified_toxicity_flammable_raw=Yes,False,2542_3_1788975613.315
0,n-Heptacosane (C27),Literature,Organic n-alkane,59.0,236.0,1404.0,-0.7000000000000028,Yes,,manufacturer_datasheet_MICE_RF_PMM_completed,0.7556455818289787,False,0.5,in_band,pass,pass,pass,pass,pass,fail,not_applicable,flag_unverified_toxicity_flammable_raw=Yes,False,2542_3_1788975613.315
0,CrodaTherm 60,CrodaTherm,Organic PCM,59.8,217.0,1533.0,-1.7000000000000028,Yes,,manufacturer_datasheet_MICE_RF_PMM_completed,0.6948097087156287,False,0.5,in_band,pass,pass,pass,pass,pass,fail,not_applicable,flag_unverified_toxicity_flammable_raw=Yes,False,2542_3_1788975613.315
0,Palmitic acid/Expanded graphite (80/20),Literature,Organic/composite blend,60.9,148.0,2000.0,0.10000000000000142,Yes,,manufacturer_datasheet_MICE_RF_PMM_completed,0.47387943267241034,False,0.5,in_band,pass,pass,fail,pass,pass,fail,not_applicable,flag_unverified_toxicity_flammable_raw=Yes,False,2542_3_1788975613.315
0,PureTemp 60,PureTemp,Organic bio-based PCM,61.0,220.0,1695.0,-0.5,Yes,,manufacturer_datasheet_MICE_RF_PMM_completed,0.7044153728914209,False,0.5,in_band,pass,pass,pass,pass,pass,fail,not_applicable,flag_unverified_toxicity_flammable_raw=Yes,False,2542_3_1788975613.315
0,RT65,Rubitherm Technologies,Organic (RT-line),61.5,150.0,2000.0,0.0,Yes,,manufacturer_datasheet_MICE_RF_PMM_completed,0.4802832087896051,False,0.5,in_band,pass,pass,fail,pass,pass,fail,not_applicable,flag_unverified_toxicity_flammable_raw=Yes,False,2542_3_1788975613.315
0,n-Octacosane (C28),Literature,Organic n-alkane,61.6,253.0,1581.0,-0.6999999999999957,No,,manufacturer_datasheet_MICE_RF_PMM_completed,0.8100776788251339,False,0.5,in_band,pass,pass,pass,pass,pass,fail,not_applicable,flag_unverified_toxicity_flammable_raw=No,False,2542_3_1788975613.315
0,PlusICE A62,PCM Products Ltd.,Organic PCM,62.0,205.0,1581.0,0.0,Yes,,manufacturer_datasheet_MICE_RF_PMM_completed,0.6563870520124603,False,0.5,in_band,pass,pass,pass,pass,pass,fail,not_applicable,flag_unverified_toxicity_flammable_raw=Yes,False,2542_3_1788975613.315
0,RT62HC,Rubitherm Technologies,Organic (RT-line),62.5,230.0,1404.0,0.5,Yes,,manufacturer_datasheet_MICE_RF_PMM_completed,0.7364342534773944,False,0.5,in_band,pass,pass,pass,pass,pass,fail,not_applicable,flag_unverified_toxicity_flammable_raw=Yes,False,2542_3_1788975613.315
0,Palmitic acid (C16),Literature,Organic fatty acid,62.6,198.0,1695.0,0.5,Yes,,manufacturer_datasheet_MICE_RF_PMM_completed,0.6339738356022787,False,0.5,in_band,pass,pass,pass,pass,pass,fail,not_applicable,flag_unverified_toxicity_flammable_raw=Yes,False,2542_3_1788975613.315
0,PureTemp 63,PureTemp,Organic bio-based PCM,63.0,206.0,1510.0,1.0,Yes,,manufacturer_datasheet_MICE_RF_PMM_completed,0.6595889400710576,False,0.5,in_band,pass,pass,pass,pass,pass,fail,not_applicable,flag_unverified_toxicity_flammable_raw=Yes,False,2542_3_1788975613.315
0,RT64HC,Rubitherm Technologies,Organic (RT-line),64.0,250.0,1404.0,1.5,Yes,,manufacturer_datasheet_MICE_RF_PMM_completed,0.8004720146493418,False,0.5,in_band,pass,pass,pass,pass,pass,fail,not_applicable,flag_unverified_toxicity_flammable_raw=Yes,False,2542_3_1788975613.315
0,n-Nonacosane (C29),Literature,Organic n-alkane,64.0,240.0,1404.0,1.7000000000000028,Yes,,manufacturer_datasheet_MICE_RF_PMM_completed,0.7684531340633681,False,0.5,in_band,pass,pass,pass,pass,pass,fail,not_applicable,flag_unverified_toxicity_flammable_raw=Yes,False,2542_3_1788975613.315
0,n-Triacontane (C30),Literature,Organic n-alkane,65.4,251.0,1581.0,2.3000000000000043,No,,manufacturer_datasheet_MICE_RF_PMM_completed,0.8036739027079391,False,0.5,in_band,pass,pass,pass,pass,pass,fail,not_applicable,flag_unverified_toxicity_flammable_raw=No,False,2542_3_1788975613.315
0,savE® OM65,Pluss Advanced Technologies,Organic,67.0,188.0,2000.0,1.0,Yes,,manufacturer_datasheet_MICE_RF_PMM_completed,0.601954955016305,False,0.5,in_band,pass,pass,pass,pass,pass,fail,not_applicable,flag_unverified_toxicity_flammable_raw=Yes,False,2542_3_1788975613.315
0,Stearic acid (C18),Literature,Organic fatty acid,67.9,259.0,1695.0,-0.29999999999999716,Yes,,manufacturer_datasheet_MICE_RF_PMM_completed,0.8292890071767182,False,0.5,in_band,pass,pass,pass,pass,pass,fail,not_applicable,flag_unverified_toxicity_flammable_raw=Yes,False,2542_3_1788975613.315
0,PureTemp 68,PureTemp,Organic commercial PCM,68.0,213.0,1404.0,0.7000000000000028,No,,manufacturer_datasheet_MICE_RF_PMM_completed,0.6820021564812393,False,0.5,in_band,pass,pass,pass,pass,pass,fail,not_applicable,flag_unverified_toxicity_flammable_raw=No,False,2542_3_1788975613.315
0,n-Hentriacontane (C31),Literature,Organic n-alkane,68.0,242.0,1695.0,-0.20000000000000284,Yes,,manufacturer_datasheet_MICE_RF_PMM_completed,0.7748569101805629,False,0.5,in_band,pass,pass,pass,pass,pass,fail,not_applicable,flag_unverified_toxicity_flammable_raw=Yes,False,2542_3_1788975613.315
0,RT69HC,Rubitherm Technologies,Organic (RT-line),69.0,230.0,1551.0,1.0,Yes,,manufacturer_datasheet_MICE_RF_PMM_completed,0.7364342534773944,False,0.5,in_band,pass,pass,pass,pass,pass,fail,not_applicable,flag_unverified_toxicity_flammable_raw=Yes,False,2542_3_1788975613.315
0,n-Dotriacontane (C32),Literature,Organic n-alkane,69.5,170.0,2000.0,1.5999999999999943,Yes,,manufacturer_datasheet_MICE_RF_PMM_completed,0.5443209699615524,False,0.5,in_band,pass,pass,pass,pass,pass,fail,not_applicable,flag_unverified_toxicity_flammable_raw=Yes,False,2542_3_1788975613.315
0,RT70HC,Rubitherm Technologies,Organic (RT-line),70.0,260.0,1404.0,0.0,Yes,,manufacturer_datasheet_MICE_RF_PMM_completed,0.8324908952353155,False,0.5,in_band,pass,pass,pass,pass,pass,fail,not_applicable,flag_unverified_toxicity_flammable_raw=Yes,False,2542_3_1788975613.315
0,Myristic acid,Fatty acid,Organic,53.0,190.0,,,not_reported,,Singh2025_Table2_literature,0.6083587311334998,False,0.5,in_band,pass,pass,pass,flag_unreported,flag_unknown,fail,not_applicable,flag_unverified_flammability_and_toxicity,False,2542_3_1788975613.315
0,Palmitic acid,Fatty acid,Organic,63.0,185.4,,,not_reported,,Singh2025_Table2_literature,0.593630046063952,False,0.5,in_band,pass,pass,pass,flag_unreported,flag_unknown,fail,not_applicable,flag_unverified_flammability_and_toxicity,False,2542_3_1788975613.315
0,Myristic-Palmitic eutectic (58/42),Eutectic,Organic,42.6,169.7,,,not_reported,,Singh2025_Table2_literature,0.5433604035439732,False,0.5,in_band,fail,pass,pass,flag_unreported,flag_unknown,pass,not_applicable,flag_unverified_flammability_and_toxicity,False,2542_3_1788975613.315
0,Palmitic-Stearic eutectic (64.2/35.8),Eutectic,Organic,52.3,181.7,,,not_reported,,Singh2025_Table2_literature,0.5817830602471417,False,0.5,in_band,pass,pass,pass,flag_unreported,flag_unknown,fail,not_applicable,flag_unverified_flammability_and_toxicity,False,2542_3_1788975613.315
0,Paraffin wax (generic),Paraffin,Organic,64.0,173.6,,,not_reported,,Singh2025_Table2_literature,0.5558477669725029,False,0.5,in_band,pass,pass,pass,flag_unreported,flag_unknown,fail,not_applicable,flag_unverified_flammability_and_toxicity,False,2542_3_1788975613.315
0,C22H46 (docosane-class paraffin),Paraffin,Organic,44.5,249.0,,,not_reported,,Singh2025_Table2_literature,0.7972701265907445,True,0.5,in_band,pass,pass,pass,flag_unreported,flag_unknown,pass,not_applicable,flag_unverified_flammability_and_toxicity,True,2542_3_1788975613.315
0,C30H62 (triacontane-class paraffin),Paraffin,Organic,65.5,252.0,,,not_reported,,Singh2025_Table2_literature,0.8068757907665366,False,0.5,in_band,pass,pass,pass,flag_unreported,flag_unknown,fail,not_applicable,flag_unverified_flammability_and_toxicity,False,2542_3_1788975613.315
1,RT42,Rubitherm Technologies,Organic (RT-line),40.5,165.0,1564.0,0.5,Yes,,manufacturer_datasheet_MICE_RF_PMM_completed,0.5470883933805518,False,0.6,in_band,fail,fail,fail,pass,pass,pass,not_applicable,flag_unverified_toxicity_flammable_raw=Yes,False,2542_3_1788975613.315
1,RT44HC,Rubitherm Technologies,Organic (RT-line),42.5,250.0,1216.0,0.0,No,,manufacturer_datasheet_MICE_RF_PMM_completed,0.8289218081523513,False,0.6,in_band,fail,pass,pass,pass,pass,pass,not_applicable,flag_unverified_toxicity_flammable_raw=No,False,2542_3_1788975613.315
1,savE® OM42,Pluss Advanced Technologies,Organic,44.0,199.0,2000.0,1.0,Yes,,manufacturer_datasheet_MICE_RF_PMM_completed,0.6598217592892716,True,0.6,in_band,pass,pass,pass,pass,pass,pass,not_applicable,flag_unverified_toxicity_flammable_raw=Yes,True,2542_3_1788975613.315
1,RT47,Rubitherm Technologies,Organic (RT-line),44.5,160.0,1665.0,0.0,No,,manufacturer_datasheet_MICE_RF_PMM_completed,0.5305099572175048,True,0.6,in_band,pass,pass,fail,pass,pass,pass,not_applicable,flag_unverified_toxicity_flammable_raw=No,False,2542_3_1788975613.315
1,n-Docosane (C22),Literature,Organic n-alkane,44.5,249.0,1440.0,0.20000000000000284,No,,manufacturer_datasheet_MICE_RF_PMM_completed,0.8256061209197418,True,0.6,in_band,pass,pass,pass,pass,pass,pass,not_applicable,flag_unverified_toxicity_flammable_raw=No,True,2542_3_1788975613.315
1,Lauric acid (C12),Literature,Organic fatty acid,44.8,184.0,2000.0,0.0,Yes,,manufacturer_datasheet_MICE_RF_PMM_completed,0.6100864508001305,True,0.6,in_band,pass,pass,pass,pass,pass,pass,not_applicable,flag_unverified_toxicity_flammable_raw=Yes,True,2542_3_1788975613.315
1,RT45HC,Rubitherm Technologies,Organic (RT-line),45.0,240.0,1216.0,0.0,No,,manufacturer_datasheet_MICE_RF_PMM_completed,0.7957649358262572,True,0.6,in_band,pass,pass,pass,pass,pass,pass,not_applicable,flag_unverified_toxicity_flammable_raw=No,True,2542_3_1788975613.315
1,savE® OM46,Pluss Advanced Technologies,Organic,47.0,177.0,2000.0,2.0,No,,manufacturer_datasheet_MICE_RF_PMM_completed,0.5868766401718647,True,0.6,in_band,pass,pass,fail,pass,pass,pass,not_applicable,flag_unverified_toxicity_flammable_raw=No,False,2542_3_1788975613.315
1,n-Tricosane (C23),Literature,Organic n-alkane,47.5,232.0,1216.0,2.6000000000000014,No,,manufacturer_datasheet_MICE_RF_PMM_completed,0.769239437965382,True,0.6,in_band,pass,pass,pass,pass,pass,pass,not_applicable,flag_unverified_toxicity_flammable_raw=No,True,2542_3_1788975613.315
1,RT50,Rubitherm Technologies,Organic (RT-line),48.0,160.0,1675.0,-0.5,Yes,,manufacturer_datasheet_MICE_RF_PMM_completed,0.5305099572175048,True,0.6,in_band,pass,pass,fail,pass,pass,pass,not_applicable,flag_unverified_toxicity_flammable_raw=Yes,False,2542_3_1788975613.315
1,Paraffin/Expanded graphite (85.56% paraffin),Literature,Organic/composite blend,48.8,161.0,2000.0,2.1999999999999957,Yes,,manufacturer_datasheet_MICE_RF_PMM_completed,0.5338256444501142,True,0.6,in_band,pass,pass,fail,pass,pass,pass,not_applicable,flag_unverified_toxicity_flammable_raw=Yes,False,2542_3_1788975613.315
1,savE® OM49,Pluss Advanced Technologies,Organic,49.0,224.0,1200.0,3.5,No,,manufacturer_datasheet_MICE_RF_PMM_completed,0.7427139401045068,True,0.6,in_band,pass,pass,pass,pass,pass,pass,not_applicable,flag_unverified_toxicity_flammable_raw=No,True,2542_3_1788975613.315
1,Paraffin/HDPE PCM3,Literature,Organic blend,49.9,187.0,2000.0,-0.10000000000000142,Yes,,manufacturer_datasheet_MICE_RF_PMM_completed,0.6200335124979587,True,0.6,in_band,pass,pass,pass,pass,pass,pass,not_applicable,flag_unverified_toxicity_flammable_raw=Yes,True,2542_3_1788975613.315
1,PlusICE A50,PCM Products Ltd.,Organic PCM,50.0,190.0,1526.0,1.1000000000000014,Yes,,manufacturer_datasheet_MICE_RF_PMM_completed,0.6299805741957869,True,0.6,in_band,pass,pass,pass,pass,pass,pass,not_applicable,flag_unverified_toxicity_flammable_raw=Yes,True,2542_3_1788975613.315
1,savE® OM50,Pluss Advanced Technologies,Organic,50.0,189.0,2000.0,0.0,Yes,,manufacturer_datasheet_MICE_RF_PMM_completed,0.6266648869631776,True,0.6,in_band,pass,pass,pass,pass,pass,pass,not_applicable,flag_unverified_toxicity_flammable_raw=Yes,True,2542_3_1788975613.315
1,Paraffin/HDPE PCM6,Literature,Organic blend,50.3,187.0,2000.0,1.0,Yes,,manufacturer_datasheet_MICE_RF_PMM_completed,0.6200335124979587,True,0.6,in_band,pass,pass,pass,pass,pass,pass,not_applicable,flag_unverified_toxicity_flammable_raw=Yes,True,2542_3_1788975613.315
1,Paraffin/HDPE PCM2,Literature,Organic blend,50.6,187.0,2000.0,1.3999999999999986,Yes,,manufacturer_datasheet_MICE_RF_PMM_completed,0.6200335124979587,True,0.6,in_band,pass,pass,pass,pass,pass,pass,not_applicable,flag_unverified_toxicity_flammable_raw=Yes,True,2542_3_1788975613.315
1,savE® OM48,Pluss Advanced Technologies,Organic,51.0,165.0,2000.0,3.0,Yes,,manufacturer_datasheet_MICE_RF_PMM_completed,0.5470883933805518,True,0.6,in_band,pass,pass,fail,pass,pass,pass,not_applicable,flag_unverified_toxicity_flammable_raw=Yes,False,2542_3_1788975613.315
1,PlusICE A52,PCM Products Ltd.,Organic PCM,52.0,220.0,1447.0,2.799999999999997,Yes,,manufacturer_datasheet_MICE_RF_PMM_completed,0.7294511911740691,True,0.6,in_band,pass,pass,pass,pass,pass,pass,not_applicable,flag_unverified_toxicity_flammable_raw=Yes,True,2542_3_1788975613.315
1,n-Tetracosane (C24),Literature,Organic n-alkane,52.0,255.0,1368.0,2.700000000000003,Yes,,manufacturer_datasheet_MICE_RF_PMM_completed,0.8455002443153983,True,0.6,in_band,pass,pass,pass,pass,pass,pass,not_applicable,flag_unverified_toxicity_flammable_raw=Yes,True,2542_3_1788975613.315
1,Paraffin/Expanded graphite (92% paraffin),Literature,Organic/composite blend,52.2,170.0,2000.0,3.0,Yes,,manufacturer_datasheet_MICE_RF_PMM_completed,0.5636668295435988,True,0.6,in_band,pass,pass,fail,pass,pass,pass,not_applicable,flag_unverified_toxicity_flammable_raw=Yes,False,2542_3_1788975613.315
1,Myristic acid (C14),Literature,Organic fatty acid,53.0,199.0,1686.0,1.7999999999999972,Yes,,manufacturer_datasheet_MICE_RF_PMM_completed,0.6598217592892716,False,0.6,in_band,pass,pass,pass,pass,pass,fail,not_applicable,flag_unverified_toxicity_flammable_raw=Yes,False,2542_3_1788975613.315
1,PureTemp 53,PureTemp,Organic bio-based PCM,53.0,225.0,1686.0,1.8999999999999986,Yes,,manufacturer_datasheet_MICE_RF_PMM_completed,0.7460296273371161,False,0.6,in_band,pass,pass,pass,pass,pass,fail,not_applicable,flag_unverified_toxicity_flammable_raw=Yes,False,2542_3_1788975613.315
1,RT54HC,Rubitherm Technologies,Organic (RT-line),53.5,200.0,1474.0,0.0,Yes,,manufacturer_datasheet_MICE_RF_PMM_completed,0.663137446521881,False,0.6,in_band,pass,pass,pass,pass,pass,fail,not_applicable,flag_unverified_toxicity_flammable_raw=Yes,False,2542_3_1788975613.315
1,RT55,Rubitherm Technologies,Organic (RT-line),54.0,170.0,2000.0,-2.5,Yes,,manufacturer_datasheet_MICE_RF_PMM_completed,0.5636668295435988,False,0.6,in_band,pass,pass,fail,pass,pass,fail,not_applicable,flag_unverified_toxicity_flammable_raw=Yes,False,2542_3_1788975613.315
1,n-Pentacosane (C25),Literature,Organic n-alkane,54.0,238.0,1404.0,3.3999999999999986,Yes,,manufacturer_datasheet_MICE_RF_PMM_completed,0.7891335613610384,False,0.6,in_band,pass,pass,pass,pass,pass,fail,not_applicable,flag_unverified_toxicity_flammable_raw=Yes,False,2542_3_1788975613.315
1,Myristic acid/NBR-1.0,Literature,Organic/polymer blend,54.1,128.0,2000.0,4.899999999999999,Yes,,manufacturer_datasheet_MICE_RF_PMM_completed,0.4244079657740038,False,0.6,in_band,pass,pass,fail,pass,pass,fail,not_applicable,flag_unverified_toxicity_flammable_raw=Yes,False,2542_3_1788975613.315
1,Myristic acid/NBR-0.5,Literature,Organic/polymer blend,54.6,142.0,2000.0,4.100000000000001,Yes,,manufacturer_datasheet_MICE_RF_PMM_completed,0.4708275870305355,False,0.6,in_band,pass,pass,fail,pass,pass,fail,not_applicable,flag_unverified_toxicity_flammable_raw=Yes,False,2542_3_1788975613.315
1,savE® OM55,Pluss Advanced Technologies,Organic,55.0,188.0,2000.0,1.0,Yes,,manufacturer_datasheet_MICE_RF_PMM_completed,0.6233491997305681,False,0.6,in_band,pass,pass,pass,pass,pass,fail,not_applicable,flag_unverified_toxicity_flammable_raw=Yes,False,2542_3_1788975613.315
1,Palmitic-stearic acid/Expanded graphite,Literature,Organic/eutectic composite,55.2,176.0,2000.0,0.30000000000000426,Yes,,manufacturer_datasheet_MICE_RF_PMM_completed,0.5835609529392553,False,0.6,in_band,pass,pass,fail,pass,pass,fail,not_applicable,flag_unverified_toxicity_flammable_raw=Yes,False,2542_3_1788975613.315
1,RT57HC,Rubitherm Technologies,Organic (RT-line),56.5,240.0,1404.0,0.0,Yes,,manufacturer_datasheet_MICE_RF_PMM_completed,0.7957649358262572,False,0.6,in_band,pass,pass,pass,pass,pass,fail,not_applicable,flag_unverified_toxicity_flammable_raw=Yes,False,2542_3_1788975613.315
1,n-Hexacosane (C26),Literature,Organic n-alkane,56.5,256.0,1404.0,0.29999999999999716,Yes,,manufacturer_datasheet_MICE_RF_PMM_completed,0.8488159315480076,False,0.6,in_band,pass,pass,pass,pass,pass,fail,not_applicable,flag_unverified_toxicity_flammable_raw=Yes,False,2542_3_1788975613.315
1,PlusICE A58,PCM Products Ltd.,Organic PCM,58.0,215.0,1581.0,-0.20000000000000284,Yes,,manufacturer_datasheet_MICE_RF_PMM_completed,0.7128727550110221,False,0.6,in_band,pass,pass,pass,pass,pass,fail,not_applicable,flag_unverified_toxicity_flammable_raw=Yes,False,2542_3_1788975613.315
1,PureTemp 58,PureTemp,Organic bio-based PCM,58.0,225.0,1620.0,-0.10000000000000142,Yes,,manufacturer_datasheet_MICE_RF_PMM_completed,0.7460296273371161,False,0.6,in_band,pass,pass,pass,pass,pass,fail,not_applicable,flag_unverified_toxicity_flammable_raw=Yes,False,2542_3_1788975613.315
1,RT60,Rubitherm Technologies,Organic (RT-line),58.0,160.0,2000.0,0.0,Yes,,manufacturer_datasheet_MICE_RF_PMM_completed,0.5305099572175048,False,0.6,in_band,pass,pass,fail,pass,pass,fail,not_applicable,flag_unverified_toxicity_flammable_raw=Yes,False,2542_3_1788975613.315
1,n-Heptacosane (C27),Literature,Organic n-alkane,59.0,236.0,1404.0,-0.7000000000000028,Yes,,manufacturer_datasheet_MICE_RF_PMM_completed,0.7825021868958195,False,0.6,in_band,pass,pass,pass,pass,pass,fail,not_applicable,flag_unverified_toxicity_flammable_raw=Yes,False,2542_3_1788975613.315
1,CrodaTherm 60,CrodaTherm,Organic PCM,59.8,217.0,1533.0,-1.7000000000000028,Yes,,manufacturer_datasheet_MICE_RF_PMM_completed,0.7195041294762409,False,0.6,in_band,pass,pass,pass,pass,pass,fail,not_applicable,flag_unverified_toxicity_flammable_raw=Yes,False,2542_3_1788975613.315
1,Palmitic acid/Expanded graphite (80/20),Literature,Organic/composite blend,60.9,148.0,2000.0,0.10000000000000142,Yes,,manufacturer_datasheet_MICE_RF_PMM_completed,0.49072171042619195,False,0.6,in_band,pass,pass,fail,pass,pass,fail,not_applicable,flag_unverified_toxicity_flammable_raw=Yes,False,2542_3_1788975613.315
1,PureTemp 60,PureTemp,Organic bio-based PCM,61.0,220.0,1695.0,-0.5,Yes,,manufacturer_datasheet_MICE_RF_PMM_completed,0.7294511911740691,False,0.6,in_band,pass,pass,pass,pass,pass,fail,not_applicable,flag_unverified_toxicity_flammable_raw=Yes,False,2542_3_1788975613.315
1,RT65,Rubitherm Technologies,Organic (RT-line),61.5,150.0,2000.0,0.0,Yes,,manufacturer_datasheet_MICE_RF_PMM_completed,0.4973530848914107,False,0.6,in_band,pass,pass,fail,pass,pass,fail,not_applicable,flag_unverified_toxicity_flammable_raw=Yes,False,2542_3_1788975613.315
1,n-Octacosane (C28),Literature,Organic n-alkane,61.6,253.0,1581.0,-0.6999999999999957,No,,manufacturer_datasheet_MICE_RF_PMM_completed,0.8388688698501794,False,0.6,in_band,pass,pass,pass,pass,pass,fail,not_applicable,flag_unverified_toxicity_flammable_raw=No,False,2542_3_1788975613.315
1,PlusICE A62,PCM Products Ltd.,Organic PCM,62.0,205.0,1581.0,0.0,Yes,,manufacturer_datasheet_MICE_RF_PMM_completed,0.679715882684928,False,0.6,in_band,pass,pass,pass,pass,pass,fail,not_applicable,flag_unverified_toxicity_flammable_raw=Yes,False,2542_3_1788975613.315
1,RT62HC,Rubitherm Technologies,Organic (RT-line),62.5,230.0,1404.0,0.5,Yes,,manufacturer_datasheet_MICE_RF_PMM_completed,0.7626080635001631,False,0.6,in_band,pass,pass,pass,pass,pass,fail,not_applicable,flag_unverified_toxicity_flammable_raw=Yes,False,2542_3_1788975613.315
1,Palmitic acid (C16),Literature,Organic fatty acid,62.6,198.0,1695.0,0.5,Yes,,manufacturer_datasheet_MICE_RF_PMM_completed,0.6565060720566622,False,0.6,in_band,pass,pass,pass,pass,pass,fail,not_applicable,flag_unverified_toxicity_flammable_raw=Yes,False,2542_3_1788975613.315
1,PureTemp 63,PureTemp,Organic bio-based PCM,63.0,206.0,1510.0,1.0,Yes,,manufacturer_datasheet_MICE_RF_PMM_completed,0.6830315699175374,False,0.6,in_band,pass,pass,pass,pass,pass,fail,not_applicable,flag_unverified_toxicity_flammable_raw=Yes,False,2542_3_1788975613.315
1,RT64HC,Rubitherm Technologies,Organic (RT-line),64.0,250.0,1404.0,1.5,Yes,,manufacturer_datasheet_MICE_RF_PMM_completed,0.8289218081523513,False,0.6,in_band,pass,pass,pass,pass,pass,fail,not_applicable,flag_unverified_toxicity_flammable_raw=Yes,False,2542_3_1788975613.315
1,n-Nonacosane (C29),Literature,Organic n-alkane,64.0,240.0,1404.0,1.7000000000000028,Yes,,manufacturer_datasheet_MICE_RF_PMM_completed,0.7957649358262572,False,0.6,in_band,pass,pass,pass,pass,pass,fail,not_applicable,flag_unverified_toxicity_flammable_raw=Yes,False,2542_3_1788975613.315
1,n-Triacontane (C30),Literature,Organic n-alkane,65.4,251.0,1581.0,2.3000000000000043,No,,manufacturer_datasheet_MICE_RF_PMM_completed,0.8322374953849606,False,0.6,in_band,pass,pass,pass,pass,pass,fail,not_applicable,flag_unverified_toxicity_flammable_raw=No,False,2542_3_1788975613.315
1,savE® OM65,Pluss Advanced Technologies,Organic,67.0,188.0,2000.0,1.0,Yes,,manufacturer_datasheet_MICE_RF_PMM_completed,0.6233491997305681,False,0.6,in_band,pass,pass,pass,pass,pass,fail,not_applicable,flag_unverified_toxicity_flammable_raw=Yes,False,2542_3_1788975613.315
1,Stearic acid (C18),Literature,Organic fatty acid,67.9,259.0,1695.0,-0.29999999999999716,Yes,,manufacturer_datasheet_MICE_RF_PMM_completed,0.8587629932458358,False,0.6,in_band,pass,pass,pass,pass,pass,fail,not_applicable,flag_unverified_toxicity_flammable_raw=Yes,False,2542_3_1788975613.315
1,PureTemp 68,PureTemp,Organic commercial PCM,68.0,213.0,1404.0,0.7000000000000028,No,,manufacturer_datasheet_MICE_RF_PMM_completed,0.7062413805458032,False,0.6,in_band,pass,pass,pass,pass,pass,fail,not_applicable,flag_unverified_toxicity_flammable_raw=No,False,2542_3_1788975613.315
1,n-Hentriacontane (C31),Literature,Organic n-alkane,68.0,242.0,1695.0,-0.20000000000000284,Yes,,manufacturer_datasheet_MICE_RF_PMM_completed,0.802396310291476,False,0.6,in_band,pass,pass,pass,pass,pass,fail,not_applicable,flag_unverified_toxicity_flammable_raw=Yes,False,2542_3_1788975613.315
1,RT69HC,Rubitherm Technologies,Organic (RT-line),69.0,230.0,1551.0,1.0,Yes,,manufacturer_datasheet_MICE_RF_PMM_completed,0.7626080635001631,False,0.6,in_band,pass,pass,pass,pass,pass,fail,not_applicable,flag_unverified_toxicity_flammable_raw=Yes,False,2542_3_1788975613.315
1,n-Dotriacontane (C32),Literature,Organic n-alkane,69.5,170.0,2000.0,1.5999999999999943,Yes,,manufacturer_datasheet_MICE_RF_PMM_completed,0.5636668295435988,False,0.6,in_band,pass,pass,fail,pass,pass,fail,not_applicable,flag_unverified_toxicity_flammable_raw=Yes,False,2542_3_1788975613.315
1,RT70HC,Rubitherm Technologies,Organic (RT-line),70.0,260.0,1404.0,0.0,Yes,,manufacturer_datasheet_MICE_RF_PMM_completed,0.8620786804784453,False,0.6,in_band,pass,pass,pass,pass,pass,fail,not_applicable,flag_unverified_toxicity_flammable_raw=Yes,False,2542_3_1788975613.315
1,Myristic acid,Fatty acid,Organic,53.0,190.0,,,not_reported,,Singh2025_Table2_literature,0.6299805741957869,False,0.6,in_band,pass,pass,pass,flag_unreported,flag_unknown,fail,not_applicable,flag_unverified_flammability_and_toxicity,False,2542_3_1788975613.315
1,Palmitic acid,Fatty acid,Organic,63.0,185.4,,,not_reported,,Singh2025_Table2_literature,0.6147284129257837,False,0.6,in_band,pass,pass,pass,flag_unreported,flag_unknown,fail,not_applicable,flag_unverified_flammability_and_toxicity,False,2542_3_1788975613.315
1,Myristic-Palmitic eutectic (58/42),Eutectic,Organic,42.6,169.7,,,not_reported,,Singh2025_Table2_literature,0.562672123373816,False,0.6,in_band,fail,pass,fail,flag_unreported,flag_unknown,pass,not_applicable,flag_unverified_flammability_and_toxicity,False,2542_3_1788975613.315
1,Palmitic-Stearic eutectic (64.2/35.8),Eutectic,Organic,52.3,181.7,,,not_reported,,Singh2025_Table2_literature,0.6024603701651289,True,0.6,in_band,pass,pass,pass,flag_unreported,flag_unknown,pass,not_applicable,flag_unverified_flammability_and_toxicity,True,2542_3_1788975613.315
1,Paraffin wax (generic),Paraffin,Organic,64.0,173.6,,,not_reported,,Singh2025_Table2_literature,0.5756033035809927,False,0.6,in_band,pass,pass,fail,flag_unreported,flag_unknown,fail,not_applicable,flag_unverified_flammability_and_toxicity,False,2542_3_1788975613.315
1,C22H46 (docosane-class paraffin),Paraffin,Organic,44.5,249.0,,,not_reported,,Singh2025_Table2_literature,0.8256061209197418,True,0.6,in_band,pass,pass,pass,flag_unreported,flag_unknown,pass,not_applicable,flag_unverified_flammability_and_toxicity,True,2542_3_1788975613.315
1,C30H62 (triacontane-class paraffin),Paraffin,Organic,65.5,252.0,,,not_reported,,Singh2025_Table2_literature,0.8355531826175701,False,0.6,in_band,pass,pass,pass,flag_unreported,flag_unknown,fail,not_applicable,flag_unverified_flammability_and_toxicity,False,2542_3_1788975613.315
2,RT42,Rubitherm Technologies,Organic (RT-line),40.5,165.0,1564.0,0.5,Yes,,manufacturer_datasheet_MICE_RF_PMM_completed,0.5192416394976488,False,0.5,in_band,fail,fail,pass,pass,pass,pass,not_applicable,flag_unverified_toxicity_flammable_raw=Yes,False,2542_3_1788975613.315
2,RT44HC,Rubitherm Technologies,Organic (RT-line),42.5,250.0,1216.0,0.0,No,,manufacturer_datasheet_MICE_RF_PMM_completed,0.7867297568146194,False,0.5,in_band,fail,pass,pass,pass,pass,pass,not_applicable,flag_unverified_toxicity_flammable_raw=No,False,2542_3_1788975613.315
2,savE® OM42,Pluss Advanced Technologies,Organic,44.0,199.0,2000.0,1.0,Yes,,manufacturer_datasheet_MICE_RF_PMM_completed,0.6262368864244371,True,0.5,in_band,pass,pass,pass,pass,pass,pass,not_applicable,flag_unverified_toxicity_flammable_raw=Yes,True,2542_3_1788975613.315
2,RT47,Rubitherm Technologies,Organic (RT-line),44.5,160.0,1665.0,0.0,No,,manufacturer_datasheet_MICE_RF_PMM_completed,0.5035070443613564,True,0.5,in_band,pass,pass,pass,pass,pass,pass,not_applicable,flag_unverified_toxicity_flammable_raw=No,True,2542_3_1788975613.315
2,n-Docosane (C22),Literature,Organic n-alkane,44.5,249.0,1440.0,0.20000000000000284,No,,manufacturer_datasheet_MICE_RF_PMM_completed,0.7835828377873609,True,0.5,in_band,pass,pass,pass,pass,pass,pass,not_applicable,flag_unverified_toxicity_flammable_raw=No,True,2542_3_1788975613.315
2,Lauric acid (C12),Literature,Organic fatty acid,44.8,184.0,2000.0,0.0,Yes,,manufacturer_datasheet_MICE_RF_PMM_completed,0.5790331010155599,True,0.5,in_band,pass,pass,pass,pass,pass,pass,not_applicable,flag_unverified_toxicity_flammable_raw=Yes,True,2542_3_1788975613.315
2,RT45HC,Rubitherm Technologies,Organic (RT-line),45.0,240.0,1216.0,0.0,No,,manufacturer_datasheet_MICE_RF_PMM_completed,0.7552605665420347,True,0.5,in_band,pass,pass,pass,pass,pass,pass,not_applicable,flag_unverified_toxicity_flammable_raw=No,True,2542_3_1788975613.315
2,savE® OM46,Pluss Advanced Technologies,Organic,47.0,177.0,2000.0,2.0,No,,manufacturer_datasheet_MICE_RF_PMM_completed,0.5570046678247506,True,0.5,in_band,pass,pass,pass,pass,pass,pass,not_applicable,flag_unverified_toxicity_flammable_raw=No,True,2542_3_1788975613.315
2,n-Tricosane (C23),Literature,Organic n-alkane,47.5,232.0,1216.0,2.6000000000000014,No,,manufacturer_datasheet_MICE_RF_PMM_completed,0.7300852143239669,True,0.5,in_band,pass,pass,pass,pass,pass,pass,not_applicable,flag_unverified_toxicity_flammable_raw=No,True,2542_3_1788975613.315
2,RT50,Rubitherm Technologies,Organic (RT-line),48.0,160.0,1675.0,-0.5,Yes,,manufacturer_datasheet_MICE_RF_PMM_completed,0.5035070443613564,True,0.5,in_band,pass,pass,pass,pass,pass,pass,not_applicable,flag_unverified_toxicity_flammable_raw=Yes,True,2542_3_1788975613.315
2,Paraffin/Expanded graphite (85.56% paraffin),Literature,Organic/composite blend,48.8,161.0,2000.0,2.1999999999999957,Yes,,manufacturer_datasheet_MICE_RF_PMM_completed,0.5066539633886149,True,0.5,in_band,pass,pass,pass,pass,pass,pass,not_applicable,flag_unverified_toxicity_flammable_raw=Yes,True,2542_3_1788975613.315
2,savE® OM49,Pluss Advanced Technologies,Organic,49.0,224.0,1200.0,3.5,No,,manufacturer_datasheet_MICE_RF_PMM_completed,0.704909862105899,True,0.5,in_band,pass,pass,pass,pass,pass,pass,not_applicable,flag_unverified_toxicity_flammable_raw=No,True,2542_3_1788975613.315
2,Paraffin/HDPE PCM3,Literature,Organic blend,49.9,187.0,2000.0,-0.10000000000000142,Yes,,manufacturer_datasheet_MICE_RF_PMM_completed,0.5884738580973353,True,0.5,in_band,pass,pass,pass,pass,pass,pass,not_applicable,flag_unverified_toxicity_flammable_raw=Yes,True,2542_3_1788975613.315
2,PlusICE A50,PCM Products Ltd.,Organic PCM,50.0,190.0,1526.0,1.1000000000000014,Yes,,manufacturer_datasheet_MICE_RF_PMM_completed,0.5979146151791108,True,0.5,in_band,pass,pass,pass,pass,pass,pass,not_applicable,flag_unverified_toxicity_flammable_raw=Yes,True,2542_3_1788975613.315
2,savE® OM50,Pluss Advanced Technologies,Organic,50.0,189.0,2000.0,0.0,Yes,,manufacturer_datasheet_MICE_RF_PMM_completed,0.5947676961518523,True,0.5,in_band,pass,pass,pass,pass,pass,pass,not_applicable,flag_unverified_toxicity_flammable_raw=Yes,True,2542_3_1788975613.315
2,Paraffin/HDPE PCM6,Literature,Organic blend,50.3,187.0,2000.0,1.0,Yes,,manufacturer_datasheet_MICE_RF_PMM_completed,0.5884738580973353,True,0.5,in_band,pass,pass,pass,pass,pass,pass,not_applicable,flag_unverified_toxicity_flammable_raw=Yes,True,2542_3_1788975613.315
2,Paraffin/HDPE PCM2,Literature,Organic blend,50.6,187.0,2000.0,1.3999999999999986,Yes,,manufacturer_datasheet_MICE_RF_PMM_completed,0.5884738580973353,True,0.5,in_band,pass,pass,pass,pass,pass,pass,not_applicable,flag_unverified_toxicity_flammable_raw=Yes,True,2542_3_1788975613.315
2,savE® OM48,Pluss Advanced Technologies,Organic,51.0,165.0,2000.0,3.0,Yes,,manufacturer_datasheet_MICE_RF_PMM_completed,0.5192416394976488,True,0.5,in_band,pass,pass,pass,pass,pass,pass,not_applicable,flag_unverified_toxicity_flammable_raw=Yes,True,2542_3_1788975613.315
2,PlusICE A52,PCM Products Ltd.,Organic PCM,52.0,220.0,1447.0,2.799999999999997,Yes,,manufacturer_datasheet_MICE_RF_PMM_completed,0.6923221859968651,False,0.5,in_band,pass,pass,pass,pass,pass,fail,not_applicable,flag_unverified_toxicity_flammable_raw=Yes,False,2542_3_1788975613.315
2,n-Tetracosane (C24),Literature,Organic n-alkane,52.0,255.0,1368.0,2.700000000000003,Yes,,manufacturer_datasheet_MICE_RF_PMM_completed,0.8024643519509118,False,0.5,in_band,pass,pass,pass,pass,pass,fail,not_applicable,flag_unverified_toxicity_flammable_raw=Yes,False,2542_3_1788975613.315
2,Paraffin/Expanded graphite (92% paraffin),Literature,Organic/composite blend,52.2,170.0,2000.0,3.0,Yes,,manufacturer_datasheet_MICE_RF_PMM_completed,0.5349762346339412,False,0.5,in_band,pass,pass,pass,pass,pass,fail,not_applicable,flag_unverified_toxicity_flammable_raw=Yes,False,2542_3_1788975613.315
2,Myristic acid (C14),Literature,Organic fatty acid,53.0,199.0,1686.0,1.7999999999999972,Yes,,manufacturer_datasheet_MICE_RF_PMM_completed,0.6262368864244371,False,0.5,in_band,pass,pass,pass,pass,pass,fail,not_applicable,flag_unverified_toxicity_flammable_raw=Yes,False,2542_3_1788975613.315
2,PureTemp 53,PureTemp,Organic bio-based PCM,53.0,225.0,1686.0,1.8999999999999986,Yes,,manufacturer_datasheet_MICE_RF_PMM_completed,0.7080567811331575,False,0.5,in_band,pass,pass,pass,pass,pass,fail,not_applicable,flag_unverified_toxicity_flammable_raw=Yes,False,2542_3_1788975613.315
2,RT54HC,Rubitherm Technologies,Organic (RT-line),53.5,200.0,1474.0,0.0,Yes,,manufacturer_datasheet_MICE_RF_PMM_completed,0.6293838054516956,False,0.5,in_band,pass,pass,pass,pass,pass,fail,not_applicable,flag_unverified_toxicity_flammable_raw=Yes,False,2542_3_1788975613.315
2,RT55,Rubitherm Technologies,Organic (RT-line),54.0,170.0,2000.0,-2.5,Yes,,manufacturer_datasheet_MICE_RF_PMM_completed,0.5349762346339412,False,0.5,in_band,pass,pass,pass,pass,pass,fail,not_applicable,flag_unverified_toxicity_flammable_raw=Yes,False,2542_3_1788975613.315
2,n-Pentacosane (C25),Literature,Organic n-alkane,54.0,238.0,1404.0,3.3999999999999986,Yes,,manufacturer_datasheet_MICE_RF_PMM_completed,0.7489667284875177,False,0.5,in_band,pass,pass,pass,pass,pass,fail,not_applicable,flag_unverified_toxicity_flammable_raw=Yes,False,2542_3_1788975613.315
2,Myristic acid/NBR-1.0,Literature,Organic/polymer blend,54.1,128.0,2000.0,4.899999999999999,Yes,,manufacturer_datasheet_MICE_RF_PMM_completed,0.40280563548908516,False,0.5,in_band,pass,pass,fail,pass,pass,fail,not_applicable,flag_unverified_toxicity_flammable_raw=Yes,False,2542_3_1788975613.315
2,Myristic acid/NBR-0.5,Literature,Organic/polymer blend,54.6,142.0,2000.0,4.100000000000001,Yes,,manufacturer_datasheet_MICE_RF_PMM_completed,0.44686250187070387,False,0.5,in_band,pass,pass,fail,pass,pass,fail,not_applicable,flag_unverified_toxicity_flammable_raw=Yes,False,2542_3_1788975613.315
2,savE® OM55,Pluss Advanced Technologies,Organic,55.0,188.0,2000.0,1.0,Yes,,manufacturer_datasheet_MICE_RF_PMM_completed,0.5916207771245938,False,0.5,in_band,pass,pass,pass,pass,pass,fail,not_applicable,flag_unverified_toxicity_flammable_raw=Yes,False,2542_3_1788975613.315
2,Palmitic-stearic acid/Expanded graphite,Literature,Organic/eutectic composite,55.2,176.0,2000.0,0.30000000000000426,Yes,,manufacturer_datasheet_MICE_RF_PMM_completed,0.553857748797492,False,0.5,in_band,pass,pass,pass,pass,pass,fail,not_applicable,flag_unverified_toxicity_flammable_raw=Yes,False,2542_3_1788975613.315
2,RT57HC,Rubitherm Technologies,Organic (RT-line),56.5,240.0,1404.0,0.0,Yes,,manufacturer_datasheet_MICE_RF_PMM_completed,0.7552605665420347,False,0.5,in_band,pass,pass,pass,pass,pass,fail,not_applicable,flag_unverified_toxicity_flammable_raw=Yes,False,2542_3_1788975613.315
2,n-Hexacosane (C26),Literature,Organic n-alkane,56.5,256.0,1404.0,0.29999999999999716,Yes,,manufacturer_datasheet_MICE_RF_PMM_completed,0.8056112709781703,False,0.5,in_band,pass,pass,pass,pass,pass,fail,not_applicable,flag_unverified_toxicity_flammable_raw=Yes,False,2542_3_1788975613.315
2,PlusICE A58,PCM Products Ltd.,Organic PCM,58.0,215.0,1581.0,-0.20000000000000284,Yes,,manufacturer_datasheet_MICE_RF_PMM_completed,0.6765875908605727,False,0.5,in_band,pass,pass,pass,pass,pass,fail,not_applicable,flag_unverified_toxicity_flammable_raw=Yes,False,2542_3_1788975613.315
2,PureTemp 58,PureTemp,Organic bio-based PCM,58.0,225.0,1620.0,-0.10000000000000142,Yes,,manufacturer_datasheet_MICE_RF_PMM_completed,0.7080567811331575,False,0.5,in_band,pass,pass,pass,pass,pass,fail,not_applicable,flag_unverified_toxicity_flammable_raw=Yes,False,2542_3_1788975613.315
2,RT60,Rubitherm Technologies,Organic (RT-line),58.0,160.0,2000.0,0.0,Yes,,manufacturer_datasheet_MICE_RF_PMM_completed,0.5035070443613564,False,0.5,in_band,pass,pass,pass,pass,pass,fail,not_applicable,flag_unverified_toxicity_flammable_raw=Yes,False,2542_3_1788975613.315
2,n-Heptacosane (C27),Literature,Organic n-alkane,59.0,236.0,1404.0,-0.7000000000000028,Yes,,manufacturer_datasheet_MICE_RF_PMM_completed,0.7426728904330008,False,0.5,in_band,pass,pass,pass,pass,pass,fail,not_applicable,flag_unverified_toxicity_flammable_raw=Yes,False,2542_3_1788975613.315
2,CrodaTherm 60,CrodaTherm,Organic PCM,59.8,217.0,1533.0,-1.7000000000000028,Yes,,manufacturer_datasheet_MICE_RF_PMM_completed,0.6828814289150897,False,0.5,in_band,pass,pass,pass,pass,pass,fail,not_applicable,flag_unverified_toxicity_flammable_raw=Yes,False,2542_3_1788975613.315
2,Palmitic acid/Expanded graphite (80/20),Literature,Organic/composite blend,60.9,148.0,2000.0,0.10000000000000142,Yes,,manufacturer_datasheet_MICE_RF_PMM_completed,0.4657440160342547,False,0.5,in_band,pass,pass,fail,pass,pass,fail,not_applicable,flag_unverified_toxicity_flammable_raw=Yes,False,2542_3_1788975613.315
2,PureTemp 60,PureTemp,Organic bio-based PCM,61.0,220.0,1695.0,-0.5,Yes,,manufacturer_datasheet_MICE_RF_PMM_completed,0.6923221859968651,False,0.5,in_band,pass,pass,pass,pass,pass,fail,not_applicable,flag_unverified_toxicity_flammable_raw=Yes,False,2542_3_1788975613.315
2,RT65,Rubitherm Technologies,Organic (RT-line),61.5,150.0,2000.0,0.0,Yes,,manufacturer_datasheet_MICE_RF_PMM_completed,0.4720378540887717,False,0.5,in_band,pass,pass,fail,pass,pass,fail,not_applicable,flag_unverified_toxicity_flammable_raw=Yes,False,2542_3_1788975613.315
2,n-Octacosane (C28),Literature,Organic n-alkane,61.6,253.0,1581.0,-0.6999999999999957,No,,manufacturer_datasheet_MICE_RF_PMM_completed,0.7961705138963949,False,0.5,in_band,pass,pass,pass,pass,pass,fail,not_applicable,flag_unverified_toxicity_flammable_raw=No,False,2542_3_1788975613.315
2,PlusICE A62,PCM Products Ltd.,Organic PCM,62.0,205.0,1581.0,0.0,Yes,,manufacturer_datasheet_MICE_RF_PMM_completed,0.645118400587988,False,0.5,in_band,pass,pass,pass,pass,pass,fail,not_applicable,flag_unverified_toxicity_flammable_raw=Yes,False,2542_3_1788975613.315
2,RT62HC,Rubitherm Technologies,Organic (RT-line),62.5,230.0,1404.0,0.5,Yes,,manufacturer_datasheet_MICE_RF_PMM_completed,0.7237913762694499,False,0.5,in_band,pass,pass,pass,pass,pass,fail,not_applicable,flag_unverified_toxicity_flammable_raw=Yes,False,2542_3_1788975613.315
2,Palmitic acid (C16),Literature,Organic fatty acid,62.6,198.0,1695.0,0.5,Yes,,manufacturer_datasheet_MICE_RF_PMM_completed,0.6230899673971786,False,0.5,in_band,pass,pass,pass,pass,pass,fail,not_applicable,flag_unverified_toxicity_flammable_raw=Yes,False,2542_3_1788975613.315
2,PureTemp 63,PureTemp,Organic bio-based PCM,63.0,206.0,1510.0,1.0,Yes,,manufacturer_datasheet_MICE_RF_PMM_completed,0.6482653196152465,False,0.5,in_band,pass,pass,pass,pass,pass,fail,not_applicable,flag_unverified_toxicity_flammable_raw=Yes,False,2542_3_1788975613.315
2,RT64HC,Rubitherm Technologies,Organic (RT-line),64.0,250.0,1404.0,1.5,Yes,,manufacturer_datasheet_MICE_RF_PMM_completed,0.7867297568146194,False,0.5,in_band,pass,pass,pass,pass,pass,fail,not_applicable,flag_unverified_toxicity_flammable_raw=Yes,False,2542_3_1788975613.315
2,n-Nonacosane (C29),Literature,Organic n-alkane,64.0,240.0,1404.0,1.7000000000000028,Yes,,manufacturer_datasheet_MICE_RF_PMM_completed,0.7552605665420347,False,0.5,in_band,pass,pass,pass,pass,pass,fail,not_applicable,flag_unverified_toxicity_flammable_raw=Yes,False,2542_3_1788975613.315
2,n-Triacontane (C30),Literature,Organic n-alkane,65.4,251.0,1581.0,2.3000000000000043,No,,manufacturer_datasheet_MICE_RF_PMM_completed,0.7898766758418779,False,0.5,in_band,pass,pass,pass,pass,pass,fail,not_applicable,flag_unverified_toxicity_flammable_raw=No,False,2542_3_1788975613.315
2,savE® OM65,Pluss Advanced Technologies,Organic,67.0,188.0,2000.0,1.0,Yes,,manufacturer_datasheet_MICE_RF_PMM_completed,0.5916207771245938,False,0.5,in_band,pass,pass,pass,pass,pass,fail,not_applicable,flag_unverified_toxicity_flammable_raw=Yes,False,2542_3_1788975613.315
2,Stearic acid (C18),Literature,Organic fatty acid,67.9,259.0,1695.0,-0.29999999999999716,Yes,,manufacturer_datasheet_MICE_RF_PMM_completed,0.8150520280599457,False,0.5,in_band,pass,pass,pass,pass,pass,fail,not_applicable,flag_unverified_toxicity_flammable_raw=Yes,False,2542_3_1788975613.315
2,PureTemp 68,PureTemp,Organic commercial PCM,68.0,213.0,1404.0,0.7000000000000028,No,,manufacturer_datasheet_MICE_RF_PMM_completed,0.6702937528060557,False,0.5,in_band,pass,pass,pass,pass,pass,fail,not_applicable,flag_unverified_toxicity_flammable_raw=No,False,2542_3_1788975613.315
2,n-Hentriacontane (C31),Literature,Organic n-alkane,68.0,242.0,1695.0,-0.20000000000000284,Yes,,manufacturer_datasheet_MICE_RF_PMM_completed,0.7615544045965517,False,0.5,in_band,pass,pass,pass,pass,pass,fail,not_applicable,flag_unverified_toxicity_flammable_raw=Yes,False,2542_3_1788975613.315
2,RT69HC,Rubitherm Technologies,Organic (RT-line),69.0,230.0,1551.0,1.0,Yes,,manufacturer_datasheet_MICE_RF_PMM_completed,0.7237913762694499,False,0.5,in_band,pass,pass,pass,pass,pass,fail,not_applicable,flag_unverified_toxicity_flammable_raw=Yes,False,2542_3_1788975613.315
2,n-Dotriacontane (C32),Literature,Organic n-alkane,69.5,170.0,2000.0,1.5999999999999943,Yes,,manufacturer_datasheet_MICE_RF_PMM_completed,0.5349762346339412,False,0.5,in_band,pass,pass,pass,pass,pass,fail,not_applicable,flag_unverified_toxicity_flammable_raw=Yes,False,2542_3_1788975613.315
2,RT70HC,Rubitherm Technologies,Organic (RT-line),70.0,260.0,1404.0,0.0,Yes,,manufacturer_datasheet_MICE_RF_PMM_completed,0.8181989470872042,False,0.5,in_band,pass,pass,pass,pass,pass,fail,not_applicable,flag_unverified_toxicity_flammable_raw=Yes,False,2542_3_1788975613.315
2,Myristic acid,Fatty acid,Organic,53.0,190.0,,,not_reported,,Singh2025_Table2_literature,0.5979146151791108,False,0.5,in_band,pass,pass,pass,flag_unreported,flag_unknown,fail,not_applicable,flag_unverified_flammability_and_toxicity,False,2542_3_1788975613.315
2,Palmitic acid,Fatty acid,Organic,63.0,185.4,,,not_reported,,Singh2025_Table2_literature,0.5834387876537218,False,0.5,in_band,pass,pass,pass,flag_unreported,flag_unknown,fail,not_applicable,flag_unverified_flammability_and_toxicity,False,2542_3_1788975613.315
2,Myristic-Palmitic eutectic (58/42),Eutectic,Organic,42.6,169.7,,,not_reported,,Singh2025_Table2_literature,0.5340321589257636,False,0.5,in_band,fail,pass,pass,flag_unreported,flag_unknown,pass,not_applicable,flag_unverified_flammability_and_toxicity,False,2542_3_1788975613.315
2,Palmitic-Stearic eutectic (64.2/35.8),Eutectic,Organic,52.3,181.7,,,not_reported,,Singh2025_Table2_literature,0.5717951872528654,False,0.5,in_band,pass,pass,pass,flag_unreported,flag_unknown,fail,not_applicable,flag_unverified_flammability_and_toxicity,False,2542_3_1788975613.315
2,Paraffin wax (generic),Paraffin,Organic,64.0,173.6,,,not_reported,,Singh2025_Table2_literature,0.5463051431320717,False,0.5,in_band,pass,pass,pass,flag_unreported,flag_unknown,fail,not_applicable,flag_unverified_flammability_and_toxicity,False,2542_3_1788975613.315
2,C22H46 (docosane-class paraffin),Paraffin,Organic,44.5,249.0,,,not_reported,,Singh2025_Table2_literature,0.7835828377873609,True,0.5,in_band,pass,pass,pass,flag_unreported,flag_unknown,pass,not_applicable,flag_unverified_flammability_and_toxicity,True,2542_3_1788975613.315
2,C30H62 (triacontane-class paraffin),Paraffin,Organic,65.5,252.0,,,not_reported,,Singh2025_Table2_literature,0.7930235948691364,False,0.5,in_band,pass,pass,pass,flag_unreported,flag_unknown,fail,not_applicable,flag_unverified_flammability_and_toxicity,False,2542_3_1788975613.315
