cluster_id,pcm_id,name,candidate_pool_status,n_survivors_in_cluster,L_required_kJ_per_kg,Tm_C,latent_heat_kJ_kg,density_kg_m3,Cp_kJ_kgK,TC_W_mK,cycles_tested,supercooling_K,crit_Tm_fitness,weight_Tm_fitness,crit_latent_heat,weight_latent_heat,crit_vol_latent_heat,weight_vol_latent_heat,crit_thermal_conductivity,weight_thermal_conductivity,crit_cycling,weight_cycling,crit_supercooling,weight_supercooling,crit_corrosion,weight_corrosion,crit_cost,weight_cost,crit_f_Tm,weight_f_Tm,f_Tm,crit_latent_heat_margin_ratio,weight_latent_heat_margin_ratio,latent_heat_margin_ratio,crit_rho_H_MJ_m3,weight_rho_H_MJ_m3,rho_H_MJ_m3,crit_cycles_confidence,weight_cycles_confidence,cycles_confidence,weight_TC_W_mK,TOPSIS_rank,PROMETHEE_II_rank,VIKOR_rank,GRA_rank,topsis_score,gra_grade,promethee_flow,vikor_Q,borda_score,consensus_rank,copeland_score,copeland_rank,kendalls_w_cluster,kendall_w,borda_copeland_agree,entropy_weight_dominant_criterion,entropy_weight_dominant_value,top3_at_lambda05,top3_at_lambda00,mc_top3_inclusion_pct,mc_top1_retention_pct,mc_rank_reversal_freq_cluster,mc_mean_spearman_vs_baseline_cluster,top3_inclusion_probability,top1_retention_rate,mean_spearman_rho_vs_baseline,pcm_database_status,upstream_cluster_profile_fingerprint
0,savE® OM42,savE® OM42,healthy,9,312.3157280014543,44.0,199.0,903.0,2.78,0.429,2000.0,1.0,0.0050860692310127275,0.47621557821955673,0.637175723660876,0.10575137500097724,179.697,0.06464976611410062,0.429,0.09860706862949989,1.0,0.052134702601903164,1.0,0.11773584905660378,1.0,0.056603773584905655,,0.028301886792452827,0.0050860692310127275,0.47621557821955673,0.0050860692310127275,0.637175723660876,0.10575137500097724,0.637175723660876,179.697,0.06464976611410062,179.697,1.0,0.052134702601903164,1.0,0.09860706862949989,8,2,7,5,0.16192082715345554,0.13336958704657148,0.13934380365708235,0.8516750655045253,14.0,6,-2,6,0.35208333333333336,0.35208333333333336,True,Tm_fitness,0.7260160620994909,False,False,13.8,1.2,1.0,0.6650633359705854,0.138,0.012,0.6650633359705854,"COMPLETE — 55-row manufacturer database (+7 literature rows = 62 candidates total) as of 2026-08-12, inside the 40-60-row target (was ~25 rows/18 manufacturer at the prior run)",2542_3_1788975613.315
0,RT47,RT47,healthy,9,312.3157280014543,44.5,160.0,880.0,2.0,0.2,1665.0,0.0,0.007575677444259976,0.47621557821955673,0.5123020893755788,0.10575137500097724,140.8,0.06464976611410062,0.2,0.09860706862949989,0.9758963538841574,0.052134702601903164,0.0,0.11773584905660378,1.0,0.056603773584905655,,0.028301886792452827,0.007575677444259976,0.47621557821955673,0.007575677444259976,0.5123020893755788,0.10575137500097724,0.5123020893755788,140.8,0.06464976611410062,140.8,0.9758963538841574,0.052134702601903164,0.9758963538841574,0.09860706862949989,6,9,9,9,0.22133471729076581,0.1321244049308416,0.0376676984390518,0.978513931848902,3.0,9,-8,9,0.35208333333333336,0.35208333333333336,True,Tm_fitness,0.7260160620994909,False,False,0.4,0.0,1.0,0.6650633359705854,0.004,0.0,0.6650633359705854,"COMPLETE — 55-row manufacturer database (+7 literature rows = 62 candidates total) as of 2026-08-12, inside the 40-60-row target (was ~25 rows/18 manufacturer at the prior run)",2542_3_1788975613.315
0,n-Docosane (C22),n-Docosane (C22),healthy,9,312.3157280014543,44.5,249.0,880.0,2.06,0.2,1440.0,0.2000000000000028,0.007575677444259976,0.47621557821955673,0.7972701265907445,0.10575137500097724,219.12,0.06464976611410062,0.2,0.09860706862949989,0.9568093196316532,0.052134702601903164,0.2000000000000028,0.11773584905660378,1.0,0.056603773584905655,,0.028301886792452827,0.007575677444259976,0.47621557821955673,0.007575677444259976,0.7972701265907445,0.10575137500097724,0.7972701265907445,219.12,0.06464976611410062,219.12,0.9568093196316532,0.052134702601903164,0.9568093196316532,0.09860706862949989,7,3,6,2,0.2120158003889775,0.13830371528802088,0.12106245032123265,0.824742733508452,18.0,3,2,3,0.35208333333333336,0.35208333333333336,True,Tm_fitness,0.7260160620994909,True,True,40.0,5.7,1.0,0.6650633359705854,0.4,0.057,0.6650633359705854,"COMPLETE — 55-row manufacturer database (+7 literature rows = 62 candidates total) as of 2026-08-12, inside the 40-60-row target (was ~25 rows/18 manufacturer at the prior run)",2542_3_1788975613.315
0,Lauric acid (C12),Lauric acid (C12),healthy,9,312.3157280014543,44.8,184.0,960.0,1.6,0.2,2000.0,0.0,0.00954965739502034,0.47621557821955673,0.5891474027819156,0.10575137500097724,176.64,0.06464976611410062,0.2,0.09860706862949989,1.0,0.052134702601903164,0.0,0.11773584905660378,1.0,0.056603773584905655,,0.028301886792452827,0.00954965739502034,0.47621557821955673,0.00954965739502034,0.5891474027819156,0.10575137500097724,0.5891474027819156,176.64,0.06464976611410062,176.64,1.0,0.052134702601903164,1.0,0.09860706862949989,5,7,8,4,0.2294586834353678,0.1335131687438073,0.06663914406598453,0.8677798581906224,12.0,8,-4,8,0.35208333333333336,0.35208333333333336,True,Tm_fitness,0.7260160620994909,False,False,10.6,0.5,1.0,0.6650633359705854,0.106,0.005,0.6650633359705854,"COMPLETE — 55-row manufacturer database (+7 literature rows = 62 candidates total) as of 2026-08-12, inside the 40-60-row target (was ~25 rows/18 manufacturer at the prior run)",2542_3_1788975613.315
0,RT45HC,RT45HC,healthy,9,312.3157280014543,45.0,240.0,880.0,2.0,0.2,1216.0,0.0,0.011108996538242365,0.47621557821955673,0.7684531340633681,0.10575137500097724,211.2,0.06464976611410062,0.2,0.09860706862949989,0.9345833545300115,0.052134702601903164,0.0,0.11773584905660378,1.0,0.056603773584905655,,0.028301886792452827,0.011108996538242365,0.47621557821955673,0.011108996538242365,0.7684531340633681,0.10575137500097724,0.7684531340633681,211.2,0.06464976611410062,211.2,0.9345833545300115,0.052134702601903164,0.9345833545300115,0.09860706862949989,4,6,5,3,0.2391948172041292,0.13682416968880898,0.10535442911454322,0.7992035929119069,18.0,3,0,5,0.35208333333333336,0.35208333333333336,True,Tm_fitness,0.7260160620994909,False,False,43.5,6.800000000000001,1.0,0.6650633359705854,0.435,0.068,0.6650633359705854,"COMPLETE — 55-row manufacturer database (+7 literature rows = 62 candidates total) as of 2026-08-12, inside the 40-60-row target (was ~25 rows/18 manufacturer at the prior run)",2542_3_1788975613.315
0,savE® OM46,savE® OM46,healthy,9,312.3157280014543,47.0,177.0,917.0,2.7,0.35,2000.0,2.0,0.043936933623407615,0.47621557821955673,0.566734186371734,0.10575137500097724,162.309,0.06464976611410062,0.35,0.09860706862949989,1.0,0.052134702601903164,2.0,0.11773584905660378,1.0,0.056603773584905655,,0.028301886792452827,0.043936933623407615,0.47621557821955673,0.043936933623407615,0.566734186371734,0.10575137500097724,0.566734186371734,162.309,0.06464976611410062,162.309,1.0,0.052134702601903164,1.0,0.09860706862949989,3,5,3,8,0.49076484498707773,0.13215892916494992,0.10914245642071158,0.37475171980628363,17.0,5,2,3,0.35208333333333336,0.35208333333333336,True,Tm_fitness,0.7260160620994909,False,True,51.4,14.799999999999999,1.0,0.6650633359705854,0.514,0.148,0.6650633359705854,"COMPLETE — 55-row manufacturer database (+7 literature rows = 62 candidates total) as of 2026-08-12, inside the 40-60-row target (was ~25 rows/18 manufacturer at the prior run)",2542_3_1788975613.315
0,n-Tricosane (C23),n-Tricosane (C23),healthy,9,312.3157280014543,47.5,232.0,797.0,2.39,0.209,1216.0,2.6000000000000014,0.05958731876198632,0.47621557821955673,0.7428380295945892,0.10575137500097724,184.904,0.06464976611410062,0.209,0.09860706862949989,0.9345833545300115,0.052134702601903164,2.6000000000000014,0.11773584905660378,1.0,0.056603773584905655,,0.028301886792452827,0.05958731876198632,0.47621557821955673,0.05958731876198632,0.7428380295945892,0.10575137500097724,0.7428380295945892,184.904,0.06464976611410062,184.904,0.9345833545300115,0.052134702601903164,0.9345833545300115,0.09860706862949989,2,4,2,6,0.6283685418759046,0.133126759902606,0.1133831863767719,0.18921477367358486,22.0,2,4,2,0.35208333333333336,0.35208333333333336,True,Tm_fitness,0.7260160620994909,True,True,67.9,31.1,1.0,0.6650633359705854,0.679,0.311,0.6650633359705854,"COMPLETE — 55-row manufacturer database (+7 literature rows = 62 candidates total) as of 2026-08-12, inside the 40-60-row target (was ~25 rows/18 manufacturer at the prior run)",2542_3_1788975613.315
0,RT50,RT50,healthy,9,312.3157280014543,48.0,160.0,880.0,2.0,0.2,1675.0,-0.5,0.079559508718228,0.47621557821955673,0.5123020893755788,0.10575137500097724,140.8,0.06464976611410062,0.2,0.09860706862949989,0.9766836373421075,0.052134702601903164,-0.5,0.11773584905660378,1.0,0.056603773584905655,,0.028301886792452827,0.079559508718228,0.47621557821955673,0.079559508718228,0.5123020893755788,0.10575137500097724,0.5123020893755788,140.8,0.06464976611410062,140.8,0.9766836373421075,0.052134702601903164,0.9766836373421075,0.09860706862949989,1,1,1,7,0.905083351316354,0.13246142407070124,0.1409114366644925,0.0,26.0,1,8,1,0.35208333333333336,0.35208333333333336,True,Tm_fitness,0.7260160620994909,True,False,81.8,49.8,1.0,0.6650633359705854,0.818,0.498,0.6650633359705854,"COMPLETE — 55-row manufacturer database (+7 literature rows = 62 candidates total) as of 2026-08-12, inside the 40-60-row target (was ~25 rows/18 manufacturer at the prior run)",2542_3_1788975613.315
0,C22H46 (docosane-class paraffin),C22H46 (docosane-class paraffin),healthy,9,312.3157280014543,44.5,249.0,,,,,,0.007575677444259976,0.47621557821955673,0.7972701265907445,0.10575137500097724,,0.06464976611410062,,0.09860706862949989,,0.052134702601903164,,0.11773584905660378,1.0,0.056603773584905655,,0.028301886792452827,0.007575677444259976,0.47621557821955673,0.007575677444259976,0.7972701265907445,0.10575137500097724,0.7972701265907445,,0.06464976611410062,,,0.052134702601903164,,0.09860706862949989,9,8,4,1,0.05623391399619228,0.21256565149257944,0.058074139923289476,0.6584480252315884,14.0,6,-2,6,0.35208333333333336,0.35208333333333336,True,Tm_fitness,0.7260160620994909,False,False,9.9,1.5,1.0,0.6650633359705854,0.099,0.015,0.6650633359705854,"COMPLETE — 55-row manufacturer database (+7 literature rows = 62 candidates total) as of 2026-08-12, inside the 40-60-row target (was ~25 rows/18 manufacturer at the prior run)",2542_3_1788975613.315
1,savE® OM42,savE® OM42,healthy,15,301.5966012008353,44.0,199.0,903.0,2.78,0.429,2000.0,1.0,0.005086069231012701,0.49925690351547536,0.6598217592892716,0.10194538912838783,179.697,0.06006874952769015,0.429,0.08787954381003785,1.0,0.05281212083075571,1.0,0.11819627068123471,1.0,0.05119381949549242,,0.02864720301092603,0.005086069231012701,0.49925690351547536,0.005086069231012701,0.6598217592892716,0.10194538912838783,0.6598217592892716,179.697,0.06006874952769015,179.697,1.0,0.05281212083075571,1.0,0.08787954381003785,13,10,13,12,0.17205209344265815,0.13236553414637472,0.12084316672320054,0.9342702652167771,12.0,13,-8,12,0.6397321428571429,0.6397321428571429,True,Tm_fitness,0.7693361829435424,False,False,0.2,0.0,1.0,0.7571107240775595,0.002,0.0,0.7571107240775595,"COMPLETE — 55-row manufacturer database (+7 literature rows = 62 candidates total) as of 2026-08-12, inside the 40-60-row target (was ~25 rows/18 manufacturer at the prior run)",2542_3_1788975613.315
1,n-Docosane (C22),n-Docosane (C22),healthy,15,301.5966012008353,44.5,249.0,880.0,2.06,0.2,1440.0,0.2000000000000028,0.0075756774442599355,0.49925690351547536,0.8256061209197418,0.10194538912838783,219.12,0.06006874952769015,0.2,0.08787954381003785,0.9568093196316532,0.05281212083075571,0.2000000000000028,0.11819627068123471,1.0,0.05119381949549242,,0.02864720301092603,0.0075756774442599355,0.49925690351547536,0.0075756774442599355,0.8256061209197418,0.10194538912838783,0.8256061209197418,219.12,0.06006874952769015,219.12,0.9568093196316532,0.05281212083075571,0.9568093196316532,0.08787954381003785,12,9,11,3,0.2001169316402352,0.13744037051809685,0.1236687836630159,0.9210655364883867,25.0,8,-4,9,0.6397321428571429,0.6397321428571429,True,Tm_fitness,0.7693361829435424,False,False,0.0,0.0,1.0,0.7571107240775595,0.0,0.0,0.7571107240775595,"COMPLETE — 55-row manufacturer database (+7 literature rows = 62 candidates total) as of 2026-08-12, inside the 40-60-row target (was ~25 rows/18 manufacturer at the prior run)",2542_3_1788975613.315
1,Lauric acid (C12),Lauric acid (C12),healthy,15,301.5966012008353,44.8,184.0,960.0,1.6,0.2,2000.0,0.0,0.00954965739502029,0.49925690351547536,0.6100864508001305,0.10194538912838783,176.64,0.06006874952769015,0.2,0.08787954381003785,1.0,0.05281212083075571,0.0,0.11819627068123471,1.0,0.05119381949549242,,0.02864720301092603,0.00954965739502029,0.49925690351547536,0.00954965739502029,0.6100864508001305,0.10194538912838783,0.6100864508001305,176.64,0.06006874952769015,176.64,1.0,0.05281212083075571,1.0,0.08787954381003785,11,14,15,9,0.20826059517597467,0.1326067427383007,0.06069075608764317,0.9876280421642514,11.0,14,-11,14,0.6397321428571429,0.6397321428571429,True,Tm_fitness,0.7693361829435424,False,False,0.2,0.1,1.0,0.7571107240775595,0.002,0.001,0.7571107240775595,"COMPLETE — 55-row manufacturer database (+7 literature rows = 62 candidates total) as of 2026-08-12, inside the 40-60-row target (was ~25 rows/18 manufacturer at the prior run)",2542_3_1788975613.315
1,RT45HC,RT45HC,healthy,15,301.5966012008353,45.0,240.0,880.0,2.0,0.2,1216.0,0.0,0.011108996538242306,0.49925690351547536,0.7957649358262572,0.10194538912838783,211.2,0.06006874952769015,0.2,0.08787954381003785,0.9345833545300115,0.05281212083075571,0.0,0.11819627068123471,1.0,0.05119381949549242,,0.02864720301092603,0.011108996538242306,0.49925690351547536,0.011108996538242306,0.7957649358262572,0.10194538912838783,0.7957649358262572,211.2,0.06006874952769015,211.2,0.9345833545300115,0.05281212083075571,0.9345833545300115,0.08787954381003785,10,11,14,4,0.21034651568791907,0.13585487817718359,0.10678457737466306,0.9382483850979387,21.0,10,-7,11,0.6397321428571429,0.6397321428571429,True,Tm_fitness,0.7693361829435424,False,False,0.3,0.0,1.0,0.7571107240775595,0.003,0.0,0.7571107240775595,"COMPLETE — 55-row manufacturer database (+7 literature rows = 62 candidates total) as of 2026-08-12, inside the 40-60-row target (was ~25 rows/18 manufacturer at the prior run)",2542_3_1788975613.315
1,n-Tricosane (C23),n-Tricosane (C23),healthy,15,301.5966012008353,47.5,232.0,797.0,2.39,0.209,1216.0,2.6000000000000014,0.059587318761986086,0.49925690351547536,0.769239437965382,0.10194538912838783,184.904,0.06006874952769015,0.209,0.08787954381003785,0.9345833545300115,0.05281212083075571,2.6000000000000014,0.11819627068123471,1.0,0.05119381949549242,,0.02864720301092603,0.059587318761986086,0.49925690351547536,0.059587318761986086,0.769239437965382,0.10194538912838783,0.769239437965382,184.904,0.06006874952769015,184.904,0.9345833545300115,0.05281212083075571,0.9345833545300115,0.08787954381003785,14,13,12,13,0.12550449266384228,0.13199317149225737,0.07403618779614578,0.9327047346062035,8.0,15,-12,15,0.6397321428571429,0.6397321428571429,True,Tm_fitness,0.7693361829435424,False,False,0.1,0.0,1.0,0.7571107240775595,0.001,0.0,0.7571107240775595,"COMPLETE — 55-row manufacturer database (+7 literature rows = 62 candidates total) as of 2026-08-12, inside the 40-60-row target (was ~25 rows/18 manufacturer at the prior run)",2542_3_1788975613.315
1,savE® OM49,savE® OM49,healthy,15,301.5966012008353,49.0,224.0,816.0,2.4,0.208,1200.0,3.5,0.1353352832366127,0.49925690351547536,0.7427139401045068,0.10194538912838783,182.784,0.06006874952769015,0.208,0.08787954381003785,0.9328423243457084,0.05281212083075571,3.5,0.11819627068123471,1.0,0.05119381949549242,,0.02864720301092603,0.1353352832366127,0.49925690351547536,0.1353352832366127,0.7427139401045068,0.10194538912838783,0.7427139401045068,182.784,0.06006874952769015,182.784,0.9328423243457084,0.05281212083075571,0.9328423243457084,0.08787954381003785,9,12,9,15,0.24999861713213894,0.13162589988385456,0.10625138251285911,0.8139468212532468,15.0,12,-5,10,0.6397321428571429,0.6397321428571429,True,Tm_fitness,0.7693361829435424,False,False,1.0999999999999999,0.1,1.0,0.7571107240775595,0.011,0.001,0.7571107240775595,"COMPLETE — 55-row manufacturer database (+7 literature rows = 62 candidates total) as of 2026-08-12, inside the 40-60-row target (was ~25 rows/18 manufacturer at the prior run)",2542_3_1788975613.315
1,Paraffin/HDPE PCM3,Paraffin/HDPE PCM3,healthy,15,301.5966012008353,49.9,187.0,952.0,2.19,0.206,2000.0,-0.1000000000000014,0.2069428729276775,0.49925690351547536,0.6200335124979587,0.10194538912838783,178.024,0.06006874952769015,0.206,0.08787954381003785,1.0,0.05281212083075571,-0.1000000000000014,0.11819627068123471,1.0,0.05119381949549242,,0.02864720301092603,0.2069428729276775,0.49925690351547536,0.2069428729276775,0.6200335124979587,0.10194538912838783,0.6200335124979587,178.024,0.06006874952769015,178.024,1.0,0.05281212083075571,1.0,0.08787954381003785,7,5,7,7,0.44797876111495954,0.13315650242102636,0.1664931782384083,0.5776907886752245,34.0,6,4,6,0.6397321428571429,0.6397321428571429,True,Tm_fitness,0.7693361829435424,False,False,26.900000000000002,3.0,1.0,0.7571107240775595,0.269,0.03,0.7571107240775595,"COMPLETE — 55-row manufacturer database (+7 literature rows = 62 candidates total) as of 2026-08-12, inside the 40-60-row target (was ~25 rows/18 manufacturer at the prior run)",2542_3_1788975613.315
1,PlusICE A50,PlusICE A50,healthy,15,301.5966012008353,50.0,190.0,810.0,2.15,0.205,1526.0,1.1000000000000014,0.2162651668298873,0.49925690351547536,0.6299805741957869,0.10194538912838783,153.9,0.06006874952769015,0.205,0.08787954381003785,0.9644352426742183,0.05281212083075571,1.1000000000000014,0.11819627068123471,1.0,0.05119381949549242,,0.02864720301092603,0.2162651668298873,0.49925690351547536,0.2162651668298873,0.6299805741957869,0.10194538912838783,0.6299805741957869,153.9,0.06006874952769015,153.9,0.9644352426742183,0.05281212083075571,0.9644352426742183,0.08787954381003785,8,8,8,14,0.4391853332066438,0.13163680580675072,0.13237069667654228,0.6267815801137325,22.0,9,0,8,0.6397321428571429,0.6397321428571429,True,Tm_fitness,0.7693361829435424,False,False,9.8,1.3,1.0,0.7571107240775595,0.098,0.013000000000000001,0.7571107240775595,"COMPLETE — 55-row manufacturer database (+7 literature rows = 62 candidates total) as of 2026-08-12, inside the 40-60-row target (was ~25 rows/18 manufacturer at the prior run)",2542_3_1788975613.315
1,savE® OM50,savE® OM50,healthy,15,301.5966012008353,50.0,189.0,961.0,2.78,0.336,2000.0,0.0,0.2162651668298873,0.49925690351547536,0.6266648869631776,0.10194538912838783,181.629,0.06006874952769015,0.336,0.08787954381003785,1.0,0.05281212083075571,0.0,0.11819627068123471,1.0,0.05119381949549242,,0.02864720301092603,0.2162651668298873,0.49925690351547536,0.2162651668298873,0.6266648869631776,0.10194538912838783,0.6266648869631776,181.629,0.06006874952769015,181.629,1.0,0.05281212083075571,1.0,0.08787954381003785,6,3,5,6,0.46560854439016297,0.1333726457143866,0.20871850315132923,0.5169468887445773,40.0,4,7,4,0.6397321428571429,0.6397321428571429,True,Tm_fitness,0.7693361829435424,False,True,39.5,4.6,1.0,0.7571107240775595,0.395,0.046,0.7571107240775595,"COMPLETE — 55-row manufacturer database (+7 literature rows = 62 candidates total) as of 2026-08-12, inside the 40-60-row target (was ~25 rows/18 manufacturer at the prior run)",2542_3_1788975613.315
1,Paraffin/HDPE PCM6,Paraffin/HDPE PCM6,healthy,15,301.5966012008353,50.3,187.0,953.0,2.19,0.206,2000.0,1.0,0.24590438437706738,0.49925690351547536,0.6200335124979587,0.10194538912838783,178.211,0.06006874952769015,0.206,0.08787954381003785,1.0,0.05281212083075571,1.0,0.11819627068123471,1.0,0.05119381949549242,,0.02864720301092603,0.24590438437706738,0.49925690351547536,0.24590438437706738,0.6200335124979587,0.10194538912838783,0.6200335124979587,178.211,0.06006874952769015,178.211,1.0,0.05281212083075571,1.0,0.08787954381003785,5,7,6,8,0.4951812537518676,0.1326989693482673,0.158750748784468,0.5270076926104328,34.0,6,3,7,0.6397321428571429,0.6397321428571429,True,Tm_fitness,0.7693361829435424,False,False,26.0,4.9,1.0,0.7571107240775595,0.26,0.049,0.7571107240775595,"COMPLETE — 55-row manufacturer database (+7 literature rows = 62 candidates total) as of 2026-08-12, inside the 40-60-row target (was ~25 rows/18 manufacturer at the prior run)",2542_3_1788975613.315
1,Paraffin/HDPE PCM2,Paraffin/HDPE PCM2,healthy,15,301.5966012008353,50.6,187.0,954.0,2.06,0.205,2000.0,1.3999999999999986,0.2780373004531943,0.49925690351547536,0.6200335124979587,0.10194538912838783,178.398,0.06006874952769015,0.205,0.08787954381003785,1.0,0.05281212083075571,1.3999999999999986,0.11819627068123471,1.0,0.05119381949549242,,0.02864720301092603,0.2780373004531943,0.49925690351547536,0.2780373004531943,0.6200335124979587,0.10194538912838783,0.6200335124979587,178.398,0.06006874952769015,178.398,1.0,0.05281212083075571,1.0,0.08787954381003785,4,6,4,10,0.5469418272451373,0.13258600665123188,0.16442131141911728,0.47228206950319407,36.0,5,6,5,0.6397321428571429,0.6397321428571429,True,Tm_fitness,0.7693361829435424,False,False,30.9,6.0,1.0,0.7571107240775595,0.309,0.06,0.7571107240775595,"COMPLETE — 55-row manufacturer database (+7 literature rows = 62 candidates total) as of 2026-08-12, inside the 40-60-row target (was ~25 rows/18 manufacturer at the prior run)",2542_3_1788975613.315
1,PlusICE A52,PlusICE A52,healthy,15,301.5966012008353,52.0,220.0,810.0,2.15,0.205,1447.0,2.799999999999997,0.45783336177161427,0.49925690351547536,0.7294511911740691,0.10194538912838783,178.2,0.06006874952769015,0.205,0.08787954381003785,0.957446830545145,0.05281212083075571,2.799999999999997,0.11819627068123471,1.0,0.05119381949549242,,0.02864720301092603,0.45783336177161427,0.49925690351547536,0.45783336177161427,0.7294511911740691,0.10194538912838783,0.7294511911740691,178.2,0.06006874952769015,178.2,0.957446830545145,0.05281212083075571,0.957446830545145,0.08787954381003785,3,2,3,11,0.7841630722622557,0.13236786611051166,0.2165895917545208,0.1966538213368796,41.0,3,10,3,0.6397321428571429,0.6397321428571429,True,Tm_fitness,0.7693361829435424,True,False,40.400000000000006,6.5,1.0,0.7571107240775595,0.4040000000000001,0.065,0.7571107240775595,"COMPLETE — 55-row manufacturer database (+7 literature rows = 62 candidates total) as of 2026-08-12, inside the 40-60-row target (was ~25 rows/18 manufacturer at the prior run)",2542_3_1788975613.315
1,n-Tetracosane (C24),n-Tetracosane (C24),healthy,15,301.5966012008353,52.0,255.0,799.0,2.39,0.209,1368.0,2.700000000000003,0.45783336177161427,0.49925690351547536,0.8455002443153983,0.10194538912838783,203.745,0.06006874952769015,0.209,0.08787954381003785,0.9500662519113888,0.05281212083075571,2.700000000000003,0.11819627068123471,1.0,0.05119381949549242,,0.02864720301092603,0.45783336177161427,0.49925690351547536,0.45783336177161427,0.8455002443153983,0.10194538912838783,0.8455002443153983,203.745,0.06006874952769015,203.745,0.9500662519113888,0.05281212083075571,0.9500662519113888,0.08787954381003785,2,1,2,5,0.7897607344911948,0.1344891062915768,0.2712787978118318,0.13614564548358835,50.0,2,12,2,0.6397321428571429,0.6397321428571429,True,Tm_fitness,0.7693361829435424,True,True,43.8,8.6,1.0,0.7571107240775595,0.43799999999999994,0.086,0.7571107240775595,"COMPLETE — 55-row manufacturer database (+7 literature rows = 62 candidates total) as of 2026-08-12, inside the 40-60-row target (was ~25 rows/18 manufacturer at the prior run)",2542_3_1788975613.315
1,Palmitic-Stearic eutectic (64.2/35.8),Palmitic-Stearic eutectic (64.2/35.8),healthy,15,301.5966012008353,52.3,181.7,,,,,,0.50141935103294,0.49925690351547536,0.6024603701651289,0.10194538912838783,,0.06006874952769015,,0.08787954381003785,,0.05281212083075571,,0.11819627068123471,1.0,0.05119381949549242,,0.02864720301092603,0.50141935103294,0.49925690351547536,0.50141935103294,0.6024603701651289,0.10194538912838783,0.6024603701651289,,0.06006874952769015,,,0.05281212083075571,,0.08787954381003785,1,4,1,1,0.9653418493792009,0.2172139805359449,0.19910840794962398,0.012293525090017385,53.0,1,14,1,0.6397321428571429,0.6397321428571429,True,Tm_fitness,0.7693361829435424,True,True,94.8,71.1,1.0,0.7571107240775595,0.948,0.711,0.7571107240775595,"COMPLETE — 55-row manufacturer database (+7 literature rows = 62 candidates total) as of 2026-08-12, inside the 40-60-row target (was ~25 rows/18 manufacturer at the prior run)",2542_3_1788975613.315
1,C22H46 (docosane-class paraffin),C22H46 (docosane-class paraffin),healthy,15,301.5966012008353,44.5,249.0,,,,,,0.0075756774442599355,0.49925690351547536,0.8256061209197418,0.10194538912838783,,0.06006874952769015,,0.08787954381003785,,0.05281212083075571,,0.11819627068123471,1.0,0.05119381949549242,,0.02864720301092603,0.0075756774442599355,0.49925690351547536,0.0075756774442599355,0.8256061209197418,0.10194538912838783,0.8256061209197418,,0.06006874952769015,,,0.05281212083075571,,0.08787954381003785,15,15,10,2,0.03242447379289135,0.214962011503254,0.05635706417124774,0.8166305800031431,18.0,11,-9,13,0.6397321428571429,0.6397321428571429,True,Tm_fitness,0.7693361829435424,False,False,0.0,0.0,1.0,0.7571107240775595,0.0,0.0,0.7571107240775595,"COMPLETE — 55-row manufacturer database (+7 literature rows = 62 candidates total) as of 2026-08-12, inside the 40-60-row target (was ~25 rows/18 manufacturer at the prior run)",2542_3_1788975613.315
2,savE® OM42,savE® OM42,healthy,17,317.7711251347883,44.0,199.0,903.0,2.78,0.429,2000.0,1.0,0.0050860692310127275,0.4970882918988985,0.6262368864244371,0.10909113472002356,179.697,0.06564371537141132,0.429,0.09290247042962016,1.0,0.05527438758004643,1.0,0.12,1.0,0.03,,0.03,0.0050860692310127275,0.4970882918988985,0.0050860692310127275,0.6262368864244371,0.10909113472002356,0.6262368864244371,179.697,0.06564371537141132,179.697,1.0,0.05527438758004643,1.0,0.09290247042962016,15,8,13,9,0.17316099150902658,0.13259729905249873,0.13972490408386748,0.8303422987894505,23.0,12,-5,12,0.553921568627451,0.553921568627451,True,Tm_fitness,0.7541765837977971,False,False,0.1,0.0,1.0,0.8072457737860342,0.001,0.0,0.8072457737860342,"COMPLETE — 55-row manufacturer database (+7 literature rows = 62 candidates total) as of 2026-08-12, inside the 40-60-row target (was ~25 rows/18 manufacturer at the prior run)",2542_3_1788975613.315
2,RT47,RT47,healthy,17,317.7711251347883,44.5,160.0,880.0,2.0,0.2,1665.0,0.0,0.007575677444259976,0.4970882918988985,0.5035070443613564,0.10909113472002356,140.8,0.06564371537141132,0.2,0.09290247042962016,0.9758963538841574,0.05527438758004643,0.0,0.12,1.0,0.03,,0.03,0.007575677444259976,0.4970882918988985,0.007575677444259976,0.5035070443613564,0.10909113472002356,0.5035070443613564,140.8,0.06564371537141132,140.8,0.9758963538841574,0.05527438758004643,0.9758963538841574,0.09290247042962016,12,17,17,15,0.20978281946168792,0.13134046891222137,0.041786513083196274,0.9952332950132523,7.0,17,-16,17,0.553921568627451,0.553921568627451,True,Tm_fitness,0.7541765837977971,False,False,0.0,0.0,1.0,0.8072457737860342,0.0,0.0,0.8072457737860342,"COMPLETE — 55-row manufacturer database (+7 literature rows = 62 candidates total) as of 2026-08-12, inside the 40-60-row target (was ~25 rows/18 manufacturer at the prior run)",2542_3_1788975613.315
2,n-Docosane (C22),n-Docosane (C22),healthy,17,317.7711251347883,44.5,249.0,880.0,2.06,0.2,1440.0,0.2000000000000028,0.007575677444259976,0.4970882918988985,0.7835828377873609,0.10909113472002356,219.12,0.06564371537141132,0.2,0.09290247042962016,0.9568093196316532,0.05527438758004643,0.2000000000000028,0.12,1.0,0.03,,0.03,0.007575677444259976,0.4970882918988985,0.007575677444259976,0.7835828377873609,0.10909113472002356,0.7835828377873609,219.12,0.06564371537141132,219.12,0.9568093196316532,0.05527438758004643,0.9568093196316532,0.09290247042962016,13,7,14,2,0.20447450863709152,0.137614148068729,0.1400799670356818,0.8322316521271187,32.0,8,0,8,0.553921568627451,0.553921568627451,True,Tm_fitness,0.7541765837977971,False,False,0.7000000000000001,0.0,1.0,0.8072457737860342,0.007000000000000001,0.0,0.8072457737860342,"COMPLETE — 55-row manufacturer database (+7 literature rows = 62 candidates total) as of 2026-08-12, inside the 40-60-row target (was ~25 rows/18 manufacturer at the prior run)",2542_3_1788975613.315
2,Lauric acid (C12),Lauric acid (C12),healthy,17,317.7711251347883,44.8,184.0,960.0,1.6,0.2,2000.0,0.0,0.00954965739502034,0.4970882918988985,0.5790331010155599,0.10909113472002356,176.64,0.06564371537141132,0.2,0.09290247042962016,1.0,0.05527438758004643,0.0,0.12,1.0,0.03,,0.03,0.00954965739502034,0.4970882918988985,0.00954965739502034,0.5790331010155599,0.10909113472002356,0.5790331010155599,176.64,0.06564371537141132,176.64,1.0,0.05527438758004643,1.0,0.09290247042962016,11,16,16,8,0.21155180330597242,0.13275080501460937,0.06585941660937752,0.9037177986299942,17.0,15,-11,15,0.553921568627451,0.553921568627451,True,Tm_fitness,0.7541765837977971,False,False,0.0,0.0,1.0,0.8072457737860342,0.0,0.0,0.8072457737860342,"COMPLETE — 55-row manufacturer database (+7 literature rows = 62 candidates total) as of 2026-08-12, inside the 40-60-row target (was ~25 rows/18 manufacturer at the prior run)",2542_3_1788975613.315
2,RT45HC,RT45HC,healthy,17,317.7711251347883,45.0,240.0,880.0,2.0,0.2,1216.0,0.0,0.011108996538242365,0.4970882918988985,0.7552605665420347,0.10909113472002356,211.2,0.06564371537141132,0.2,0.09290247042962016,0.9345833545300115,0.05527438758004643,0.0,0.12,1.0,0.03,,0.03,0.011108996538242365,0.4970882918988985,0.011108996538242365,0.7552605665420347,0.10909113472002356,0.7552605665420347,211.2,0.06564371537141132,211.2,0.9345833545300115,0.05527438758004643,0.9345833545300115,0.09290247042962016,10,10,15,3,0.2153344102819075,0.13611209925313617,0.12383454534768536,0.8515286050599176,30.0,9,-4,10,0.553921568627451,0.553921568627451,True,Tm_fitness,0.7541765837977971,False,False,1.4000000000000001,0.0,1.0,0.8072457737860342,0.014000000000000002,0.0,0.8072457737860342,"COMPLETE — 55-row manufacturer database (+7 literature rows = 62 candidates total) as of 2026-08-12, inside the 40-60-row target (was ~25 rows/18 manufacturer at the prior run)",2542_3_1788975613.315
2,savE® OM46,savE® OM46,healthy,17,317.7711251347883,47.0,177.0,917.0,2.7,0.35,2000.0,2.0,0.043936933623407615,0.4970882918988985,0.5570046678247506,0.10909113472002356,162.309,0.06564371537141132,0.35,0.09290247042962016,1.0,0.05527438758004643,2.0,0.12,1.0,0.03,,0.03,0.043936933623407615,0.4970882918988985,0.043936933623407615,0.5570046678247506,0.10909113472002356,0.5570046678247506,162.309,0.06564371537141132,162.309,1.0,0.05527438758004643,1.0,0.09290247042962016,16,13,12,14,0.16415340511094997,0.13136968631555648,0.09369835298821845,0.8019269645293905,13.0,16,-11,15,0.553921568627451,0.553921568627451,True,Tm_fitness,0.7541765837977971,False,False,0.1,0.0,1.0,0.8072457737860342,0.001,0.0,0.8072457737860342,"COMPLETE — 55-row manufacturer database (+7 literature rows = 62 candidates total) as of 2026-08-12, inside the 40-60-row target (was ~25 rows/18 manufacturer at the prior run)",2542_3_1788975613.315
2,n-Tricosane (C23),n-Tricosane (C23),healthy,17,317.7711251347883,47.5,232.0,797.0,2.39,0.209,1216.0,2.6000000000000014,0.05958731876198632,0.4970882918988985,0.7300852143239669,0.10909113472002356,184.904,0.06564371537141132,0.209,0.09290247042962016,0.9345833545300115,0.05527438758004643,2.6000000000000014,0.12,1.0,0.03,,0.03,0.05958731876198632,0.4970882918988985,0.05958731876198632,0.7300852143239669,0.10909113472002356,0.7300852143239669,184.904,0.06564371537141132,184.904,0.9345833545300115,0.05527438758004643,0.9345833545300115,0.09290247042962016,14,12,11,10,0.17877914997093358,0.13235498857021,0.09594640775440023,0.791503378686357,21.0,13,-8,14,0.553921568627451,0.553921568627451,True,Tm_fitness,0.7541765837977971,False,False,0.6,0.0,1.0,0.8072457737860342,0.006,0.0,0.8072457737860342,"COMPLETE — 55-row manufacturer database (+7 literature rows = 62 candidates total) as of 2026-08-12, inside the 40-60-row target (was ~25 rows/18 manufacturer at the prior run)",2542_3_1788975613.315
2,RT50,RT50,healthy,17,317.7711251347883,48.0,160.0,880.0,2.0,0.2,1675.0,-0.5,0.079559508718228,0.4970882918988985,0.5035070443613564,0.10909113472002356,140.8,0.06564371537141132,0.2,0.09290247042962016,0.9766836373421075,0.05527438758004643,-0.5,0.12,1.0,0.03,,0.03,0.079559508718228,0.4970882918988985,0.079559508718228,0.5035070443613564,0.10909113472002356,0.5035070443613564,140.8,0.06564371537141132,140.8,0.9766836373421075,0.05527438758004643,0.9766836373421075,0.09290247042962016,9,11,10,13,0.3304518991046913,0.13168543163259924,0.10095313080986644,0.7214705526572607,25.0,11,-3,9,0.553921568627451,0.553921568627451,True,Tm_fitness,0.7541765837977971,False,False,1.7999999999999998,0.1,1.0,0.8072457737860342,0.018,0.001,0.8072457737860342,"COMPLETE — 55-row manufacturer database (+7 literature rows = 62 candidates total) as of 2026-08-12, inside the 40-60-row target (was ~25 rows/18 manufacturer at the prior run)",2542_3_1788975613.315
2,Paraffin/Expanded graphite (85.56% paraffin),Paraffin/Expanded graphite (85.56% paraffin),healthy,17,317.7711251347883,48.8,161.0,937.0,2.01,0.2,2000.0,2.199999999999996,0.12230345334690088,0.4970882918988985,0.5066539633886149,0.10909113472002356,150.857,0.06564371537141132,0.2,0.09290247042962016,1.0,0.05527438758004643,2.199999999999996,0.12,1.0,0.03,,0.03,0.12230345334690088,0.4970882918988985,0.12230345334690088,0.5066539633886149,0.10909113472002356,0.5066539633886149,150.857,0.06564371537141132,150.857,1.0,0.05527438758004643,1.0,0.09290247042962016,8,14,8,17,0.3605710347236125,0.13095491987143434,0.09247281728501788,0.6243625539757252,21.0,13,-4,10,0.553921568627451,0.553921568627451,True,Tm_fitness,0.7541765837977971,False,False,0.7000000000000001,0.0,1.0,0.8072457737860342,0.007000000000000001,0.0,0.8072457737860342,"COMPLETE — 55-row manufacturer database (+7 literature rows = 62 candidates total) as of 2026-08-12, inside the 40-60-row target (was ~25 rows/18 manufacturer at the prior run)",2542_3_1788975613.315
2,savE® OM49,savE® OM49,healthy,17,317.7711251347883,49.0,224.0,816.0,2.4,0.208,1200.0,3.5,0.13533528323661317,0.4970882918988985,0.704909862105899,0.10909113472002356,182.784,0.06564371537141132,0.208,0.09290247042962016,0.9328423243457084,0.05527438758004643,3.5,0.12,1.0,0.03,,0.03,0.13533528323661317,0.4970882918988985,0.13533528323661317,0.704909862105899,0.10909113472002356,0.704909862105899,182.784,0.06564371537141132,182.784,0.9328423243457084,0.05527438758004643,0.9328423243457084,0.09290247042962016,7,9,7,11,0.37888048214212733,0.13200830962937155,0.13030607007838904,0.56402168864475,34.0,7,2,7,0.553921568627451,0.553921568627451,True,Tm_fitness,0.7541765837977971,False,False,6.4,1.0999999999999999,1.0,0.8072457737860342,0.064,0.011,0.8072457737860342,"COMPLETE — 55-row manufacturer database (+7 literature rows = 62 candidates total) as of 2026-08-12, inside the 40-60-row target (was ~25 rows/18 manufacturer at the prior run)",2542_3_1788975613.315
2,Paraffin/HDPE PCM3,Paraffin/HDPE PCM3,healthy,17,317.7711251347883,49.9,187.0,952.0,2.19,0.206,2000.0,-0.1000000000000014,0.20694287292767813,0.4970882918988985,0.5884738580973353,0.10909113472002356,178.024,0.06564371537141132,0.206,0.09290247042962016,1.0,0.05527438758004643,-0.1000000000000014,0.12,1.0,0.03,,0.03,0.20694287292767813,0.4970882918988985,0.20694287292767813,0.5884738580973353,0.10909113472002356,0.5884738580973353,178.024,0.06564371537141132,178.024,1.0,0.05527438758004643,1.0,0.09290247042962016,6,4,5,5,0.6433886321823279,0.1332309224530135,0.18214364914087905,0.1877750240057628,48.0,4,9,5,0.553921568627451,0.553921568627451,True,Tm_fitness,0.7541765837977971,False,True,56.8,20.3,1.0,0.8072457737860342,0.568,0.203,0.8072457737860342,"COMPLETE — 55-row manufacturer database (+7 literature rows = 62 candidates total) as of 2026-08-12, inside the 40-60-row target (was ~25 rows/18 manufacturer at the prior run)",2542_3_1788975613.315
2,PlusICE A50,PlusICE A50,healthy,17,317.7711251347883,50.0,190.0,810.0,2.15,0.205,1526.0,1.1000000000000014,0.21626516682988797,0.4970882918988985,0.5979146151791108,0.10909113472002356,153.9,0.06564371537141132,0.205,0.09290247042962016,0.9644352426742183,0.05527438758004643,1.1000000000000014,0.12,1.0,0.03,,0.03,0.21626516682988797,0.4970882918988985,0.21626516682988797,0.5979146151791108,0.10909113472002356,0.5979146151791108,153.9,0.06564371537141132,153.9,0.9644352426742183,0.05527438758004643,0.9644352426742183,0.09290247042962016,5,6,6,12,0.6477510437290234,0.13168682873820667,0.14847544791192516,0.24205982625996186,39.0,6,6,6,0.553921568627451,0.553921568627451,True,Tm_fitness,0.7541765837977971,False,False,21.099999999999998,3.3000000000000003,1.0,0.8072457737860342,0.21099999999999997,0.033,0.8072457737860342,"COMPLETE — 55-row manufacturer database (+7 literature rows = 62 candidates total) as of 2026-08-12, inside the 40-60-row target (was ~25 rows/18 manufacturer at the prior run)",2542_3_1788975613.315
2,savE® OM50,savE® OM50,healthy,17,317.7711251347883,50.0,189.0,961.0,2.78,0.336,2000.0,0.0,0.21626516682988797,0.4970882918988985,0.5947676961518523,0.10909113472002356,181.629,0.06564371537141132,0.336,0.09290247042962016,1.0,0.05527438758004643,0.0,0.12,1.0,0.03,,0.03,0.21626516682988797,0.4970882918988985,0.21626516682988797,0.5947676961518523,0.10909113472002356,0.5947676961518523,181.629,0.06564371537141132,181.629,1.0,0.05527438758004643,1.0,0.09290247042962016,4,1,4,4,0.6742771355429172,0.13346633111799716,0.22967355152244984,0.09566792386643365,55.0,2,13,2,0.553921568627451,0.553921568627451,True,Tm_fitness,0.7541765837977971,True,True,78.4,37.8,1.0,0.8072457737860342,0.784,0.37799999999999995,0.8072457737860342,"COMPLETE — 55-row manufacturer database (+7 literature rows = 62 candidates total) as of 2026-08-12, inside the 40-60-row target (was ~25 rows/18 manufacturer at the prior run)",2542_3_1788975613.315
2,Paraffin/HDPE PCM6,Paraffin/HDPE PCM6,healthy,17,317.7711251347883,50.3,187.0,953.0,2.19,0.206,2000.0,1.0,0.2459043843770681,0.4970882918988985,0.5884738580973353,0.10909113472002356,178.211,0.06564371537141132,0.206,0.09290247042962016,1.0,0.05527438758004643,1.0,0.12,1.0,0.03,,0.03,0.2459043843770681,0.4970882918988985,0.2459043843770681,0.5884738580973353,0.10909113472002356,0.5884738580973353,178.211,0.06564371537141132,178.211,1.0,0.05527438758004643,1.0,0.09290247042962016,3,5,3,6,0.7301071200467657,0.13285282165573872,0.18047002657806244,0.08360611156462829,51.0,3,10,4,0.553921568627451,0.553921568627451,True,Tm_fitness,0.7541765837977971,True,False,55.1,19.400000000000002,1.0,0.8072457737860342,0.551,0.19400000000000003,0.8072457737860342,"COMPLETE — 55-row manufacturer database (+7 literature rows = 62 candidates total) as of 2026-08-12, inside the 40-60-row target (was ~25 rows/18 manufacturer at the prior run)",2542_3_1788975613.315
2,Paraffin/HDPE PCM2,Paraffin/HDPE PCM2,healthy,17,317.7711251347883,50.6,187.0,954.0,2.06,0.205,2000.0,1.3999999999999986,0.278037300453195,0.4970882918988985,0.5884738580973353,0.10909113472002356,178.398,0.06564371537141132,0.205,0.09290247042962016,1.0,0.05527438758004643,1.3999999999999986,0.12,1.0,0.03,,0.03,0.278037300453195,0.4970882918988985,0.278037300453195,0.5884738580973353,0.10909113472002356,0.5884738580973353,178.398,0.06564371537141132,178.398,1.0,0.05527438758004643,1.0,0.09290247042962016,1,2,1,7,0.7937860947614268,0.13276046476656297,0.18964845361023608,0.004492496392718609,57.0,1,15,1,0.553921568627451,0.553921568627451,True,Tm_fitness,0.7541765837977971,True,True,58.699999999999996,20.8,1.0,0.8072457737860342,0.587,0.20800000000000002,0.8072457737860342,"COMPLETE — 55-row manufacturer database (+7 literature rows = 62 candidates total) as of 2026-08-12, inside the 40-60-row target (was ~25 rows/18 manufacturer at the prior run)",2542_3_1788975613.315
2,savE® OM48,savE® OM48,healthy,17,317.7711251347883,51.0,165.0,960.0,2.35,0.208,2000.0,3.0,0.32465246735835057,0.4970882918988985,0.5192416394976488,0.10909113472002356,158.4,0.06564371537141132,0.208,0.09290247042962016,1.0,0.05527438758004643,3.0,0.12,1.0,0.03,,0.03,0.32465246735835057,0.4970882918988985,0.32465246735835057,0.5192416394976488,0.10909113472002356,0.5192416394976488,158.4,0.06564371537141132,158.4,1.0,0.05527438758004643,1.0,0.09290247042962016,2,3,2,16,0.7793601427719,0.1312850209563631,0.18522012827494935,0.04105362155878961,45.0,5,13,2,0.553921568627451,0.553921568627451,True,Tm_fitness,0.7541765837977971,False,False,28.799999999999997,3.8,1.0,0.8072457737860342,0.288,0.038,0.8072457737860342,"COMPLETE — 55-row manufacturer database (+7 literature rows = 62 candidates total) as of 2026-08-12, inside the 40-60-row target (was ~25 rows/18 manufacturer at the prior run)",2542_3_1788975613.315
2,C22H46 (docosane-class paraffin),C22H46 (docosane-class paraffin),healthy,17,317.7711251347883,44.5,249.0,,,,,,0.007575677444259976,0.4970882918988985,0.7835828377873609,0.10909113472002356,,0.06564371537141132,,0.09290247042962016,,0.05527438758004643,,0.12,1.0,0.03,,0.03,0.007575677444259976,0.4970882918988985,0.007575677444259976,0.7835828377873609,0.10909113472002356,0.7835828377873609,,0.06564371537141132,,,0.05527438758004643,,0.09290247042962016,17,15,9,1,0.047287768030085935,0.21072895079265938,0.0684117860287788,0.6730375088399482,26.0,10,-6,13,0.553921568627451,0.553921568627451,True,Tm_fitness,0.7541765837977971,False,False,0.2,0.0,1.0,0.8072457737860342,0.002,0.0,0.8072457737860342,"COMPLETE — 55-row manufacturer database (+7 literature rows = 62 candidates total) as of 2026-08-12, inside the 40-60-row target (was ~25 rows/18 manufacturer at the prior run)",2542_3_1788975613.315
