case_id,lf_valid,lf_runtime_s,lf_useful_energy_kWh,lf_solar_fraction,lf_unmet_energy_kWh,lf_pump_energy_kWh
c0_baseline_noPCM,True,23.894896030426025,1673.2902185277098,0.5226428323641213,1158.1496484729262,2.7709929780539453e-09
c0_n_Octacosane__C28__lhs_000,True,35.4809045791626,1666.0193177794276,0.5165966873879267,1172.818624144697,3.401247336164742e-08
c0_n_Octacosane__C28__lhs_001,False,3.62396240234375e-05,,,,
c0_n_Octacosane__C28__lhs_002,True,34.63931751251221,1662.9586800858892,0.5140373756146603,1179.0279496382695,1.7388782015309274e-09
c0_n_Octacosane__C28__lhs_003,True,33.66302847862244,1671.7389720375493,0.5213815271222555,1161.2097894355488,1.3833115052196876e-09
c0_n_Octacosane__C28__lhs_004,True,31.10662055015564,1669.5003875757914,0.5195105768517161,1165.7490328889712,6.460500780604209e-10
c0_n_Octacosane__C28__lhs_005,True,35.63354802131653,1672.3291499738214,0.5218655618212114,1160.0354389607862,3.655529798577836e-10
c0_n_Octacosane__C28__lhs_006,False,7.724761962890625e-05,,,,
c0_n_Octacosane__C28__lhs_007,False,2.5987625122070312e-05,,,,
c0_n_Octacosane__C28__bnd_dmin_fmin,False,2.0503997802734375e-05,,,,
c0_n_Octacosane__C28__bnd_dmin_fmax,False,1.71661376953125e-05,,,,
c0_n_Octacosane__C28__bnd_dmax_fmin,True,32.40942883491516,1664.4510154944858,0.5152445347202401,1176.099176408149,6.431444600986447e-10
c0_n_Octacosane__C28__bnd_dmax_fmax,True,33.09610724449158,1664.5634611470443,0.5153469493392334,1175.8507011300403,5.976093762508625e-08
c0_n_Octacosane__C28__bnd_nmin,True,31.70155620574951,1672.262300492639,0.5218101131048969,1160.1699669739005,5.976331346415082e-10
c0_n_Octacosane__C28__bnd_nmax,True,32.3500874042511,1670.203095072328,0.520130278057227,1164.2455324034224,2.0259289106679733e-09
c0_n_Hexacosane__C26__lhs_000,True,20.513391256332397,1671.969078946424,0.5222030938660362,1159.2165288331803,5.061754633189954e-11
c0_n_Hexacosane__C26__lhs_001,True,11.188700914382935,1670.0037936123426,0.5214835052899774,1160.9623730624292,2.2777828151053235e-09
c0_n_Hexacosane__C26__lhs_002,True,10.074838161468506,1672.3249523435338,0.5222893824021914,1159.0071781737774,3.050794324321502e-10
c0_n_Hexacosane__C26__lhs_003,False,3.0279159545898438e-05,,,,
c0_n_Hexacosane__C26__lhs_004,True,15.14203143119812,1666.8035006437167,0.5200248465960741,1164.5013270535312,6.199535500917155e-08
c0_n_Hexacosane__C26__lhs_005,False,3.218650817871094e-05,,,,
c0_n_Hexacosane__C26__lhs_006,True,13.33726716041565,1671.1986578702763,0.5218656148151659,1160.0353103884424,6.559928956610693e-09
c0_n_Hexacosane__C26__lhs_007,False,2.47955322265625e-05,,,,
c0_n_Hexacosane__C26__bnd_dmin_fmin,False,7.62939453125e-06,,,,
c0_n_Hexacosane__C26__bnd_dmin_fmax,False,6.198883056640625e-06,,,,
c0_n_Hexacosane__C26__bnd_dmax_fmin,True,11.806172847747803,1666.6470556614388,0.5196792419402658,1165.3398227078799,6.426219596519426e-10
c0_n_Hexacosane__C26__bnd_dmax_fmax,True,8.221220254898071,1666.943883992917,0.5200515204392521,1164.4366117749212,5.970491758148404e-08
c0_n_Hexacosane__C26__bnd_nmin,True,11.103831768035889,1672.6051088886377,0.5223967397418933,1158.746711014873,5.97558413376055e-10
c0_n_Hexacosane__C26__bnd_nmax,True,10.27617359161377,1671.2401542901348,0.5218798518296517,1160.000768970737,2.025084632908902e-09
c0_PureTemp_58_lhs_000,True,11.887874126434326,1672.3904143301604,0.5222128595758878,1159.1928355607242,1.2738494699198425e-10
c0_PureTemp_58_lhs_001,True,10.950845003128052,1671.5167816483251,0.5218332700139323,1160.1137843754661,1.3853328506883868e-09
c0_PureTemp_58_lhs_002,True,12.747524976730347,1669.114504719593,0.5206605841189995,1162.958919735456,3.318542462674637e-08
c0_PureTemp_58_lhs_003,False,3.528594970703125e-05,,,,
c0_PureTemp_58_lhs_004,True,7.176772594451904,1669.2851521208686,0.5205013231600363,1163.34531389929,5.067841715461987e-10
c0_PureTemp_58_lhs_005,False,2.5272369384765625e-05,,,,
c0_PureTemp_58_lhs_006,True,12.368888139724731,1672.4626541385726,0.5222462222194508,1159.1118921151572,2.0349450846463454e-09
c0_PureTemp_58_lhs_007,True,8.828516244888306,1670.5737353156353,0.5212584843255228,1161.5083121800355,9.753621882203638e-10
c0_PureTemp_58_bnd_dmin_fmin,False,5.221366882324219e-05,,,,
c0_PureTemp_58_bnd_dmin_fmax,False,1.4543533325195312e-05,,,,
c0_PureTemp_58_bnd_dmax_fmin,True,8.920130968093872,1666.640515787108,0.5189084676122808,1167.209852273852,6.42876511151618e-10
c0_PureTemp_58_bnd_dmax_fmax,True,10.77802038192749,1666.9586823399331,0.5192796561097521,1166.3092858698894,5.973728471778754e-08
c0_PureTemp_58_bnd_nmin,True,10.31329870223999,1672.625593845456,0.5223408334456352,1158.8823491947276,5.976082275530238e-10
c0_PureTemp_58_bnd_nmax,True,10.29646897315979,1671.300555823741,0.5217212522529389,1160.3855585087838,2.0255067717884375e-09
c1_baseline_noPCM,True,10.228081226348877,1809.9340445647624,0.5311391962515881,1233.7324358315725,2.7612345373010713e-09
c1_n_Octacosane__C28__lhs_000,False,3.6716461181640625e-05,,,,
c1_n_Octacosane__C28__lhs_001,True,14.603764057159424,1807.3433510943862,0.5290191649194269,1239.3109602007578,5.1999574743910035e-09
c1_n_Octacosane__C28__lhs_002,True,9.734160900115967,1804.2037421597008,0.5264485290587717,1246.0751785287714,6.710785332880589e-09
c1_n_Octacosane__C28__lhs_003,True,11.334238052368164,1805.272658270119,0.5273480840917424,1243.70814291155,3.528125953046665e-09
c1_n_Octacosane__C28__lhs_004,True,9.860687255859375,1807.9760482056531,0.5295619913626994,1237.8825989798192,3.3314595942353695e-09
c1_n_Octacosane__C28__lhs_005,True,10.697481155395508,1803.215665010415,0.5256442239169202,1248.1915792470127,2.7322466659033642e-09
c1_n_Octacosane__C28__lhs_006,False,2.765655517578125e-05,,,,
c1_n_Octacosane__C28__lhs_007,False,8.58306884765625e-06,,,,
c1_n_Octacosane__C28__bnd_dmin_fmin,False,6.67572021484375e-06,,,,
c1_n_Octacosane__C28__bnd_dmin_fmax,False,5.9604644775390625e-06,,,,
c1_n_Octacosane__C28__bnd_dmax_fmin,True,11.503822326660156,1800.5019231731555,0.523509684081598,1253.8082804285955,6.413759970482683e-10
c1_n_Octacosane__C28__bnd_dmax_fmax,True,9.64801836013794,1800.631799317789,0.5235909086162089,1253.5945510186434,5.9597857053710934e-08
c1_n_Octacosane__C28__bnd_nmin,True,13.0849027633667,1808.8520731641333,0.530265709425321,1236.03087711995,5.955284856645748e-10
c1_n_Octacosane__C28__bnd_nmax,True,11.290868520736694,1806.6816957544484,0.5285093177093356,1240.6525418287788,2.0194279719231252e-09
c1_RT64HC_lhs_000,True,11.192362785339355,1805.825990508289,0.5275066143465337,1243.2909958268865,2.6546268200780832e-09
c1_RT64HC_lhs_001,False,9.72747802734375e-05,,,,
c1_RT64HC_lhs_002,True,11.77701187133789,1803.199390547643,0.5252222619465303,1249.3019048818185,3.5450487638532597e-09
c1_RT64HC_lhs_003,True,10.202635288238525,1803.8390056359235,0.5257350023286361,1247.9527103330156,2.8712837277718166e-08
c1_RT64HC_lhs_004,True,9.930721998214722,1806.7445051255709,0.528278629146498,1241.2595619939807,5.551327464013187e-09
c1_RT64HC_lhs_005,False,2.765655517578125e-05,,,,
c1_RT64HC_lhs_006,True,11.840119361877441,1808.358410402052,0.5297239821237265,1237.4563461248433,7.20345446684443e-11
c1_RT64HC_lhs_007,False,2.2411346435546875e-05,,,,
c1_RT64HC_bnd_dmin_fmin,False,6.67572021484375e-06,,,,
c1_RT64HC_bnd_dmin_fmax,False,4.76837158203125e-06,,,,
c1_RT64HC_bnd_dmax_fmin,True,13.125374794006348,1799.9804989923257,0.5225686343729762,1256.2845026676368,6.414161893903223e-10
c1_RT64HC_bnd_dmax_fmax,True,21.14019012451172,1800.0834453380148,0.5225913389227199,1256.2247592656809,5.960283661314224e-08
c1_RT64HC_bnd_nmin,True,15.745778799057007,1808.796993749117,0.5301165079925987,1236.4234768970061,5.955284856645748e-10
c1_RT64HC_bnd_nmax,True,15.800246715545654,1806.499337726015,0.5280613303929802,1241.8313490112305,2.019639041362893e-09
c1_n_Hexacosane__C26__lhs_000,False,2.1696090698242188e-05,,,,
c1_n_Hexacosane__C26__lhs_001,True,17.151262998580933,1807.8777227200894,0.5303943237242243,1235.692449102508,2.928351814457063e-09
c1_n_Hexacosane__C26__lhs_002,True,16.942462921142578,1805.8662911632855,0.5296114325330347,1237.7525024244655,7.698265676451271e-10
c1_n_Hexacosane__C26__lhs_003,False,2.4080276489257812e-05,,,,
c1_n_Hexacosane__C26__lhs_004,True,9.379145383834839,1808.83795341199,0.530710680594328,1234.8600064482605,2.995420871044238e-10
c1_n_Hexacosane__C26__lhs_005,True,8.454982280731201,1801.467537548144,0.5275927637305422,1243.0643074611103,7.365624913865127e-08
c1_n_Hexacosane__C26__lhs_006,True,6.432351350784302,1806.554147620563,0.5297842989321127,1237.2976320622965,1.8916628269032205e-10
c1_n_Hexacosane__C26__lhs_007,True,5.554983139038086,1809.5219350406333,0.5309626998610435,1234.196857937411,2.605404081407499e-10
c1_n_Hexacosane__C26__bnd_dmin_fmin,False,5.91278076171875e-05,,,,
c1_n_Hexacosane__C26__bnd_dmin_fmax,False,1.4781951904296875e-05,,,,
c1_n_Hexacosane__C26__bnd_dmax_fmin,True,6.977829217910767,1802.3417148267063,0.5275247560283007,1243.2432588843708,6.408802914962688e-10
c1_n_Hexacosane__C26__bnd_dmax_fmax,True,6.226531982421875,1802.6409893500604,0.5279189020421808,1242.2061265033099,5.95455716796822e-08
c1_n_Hexacosane__C26__bnd_nmin,True,6.815911531448364,1809.1320293275826,0.5308476057557713,1234.499709721378,5.954786714876059e-10
c1_n_Hexacosane__C26__bnd_nmax,True,6.212318658828735,1807.5272653458505,0.5302354536461121,1236.110490378049,2.018668121939961e-09
c2_baseline_noPCM,True,5.084924697875977,1749.798578875721,0.5330281915884771,1136.649422171359,2.713885889861092e-09
c2_n_Octacosane__C28__lhs_000,True,6.343195199966431,1748.5354371122592,0.5320226622941178,1139.096966692939,7.964038121245021e-10
c2_n_Octacosane__C28__lhs_001,False,2.1457672119140625e-05,,,,
c2_n_Octacosane__C28__lhs_002,False,6.198883056640625e-06,,,,
c2_n_Octacosane__C28__lhs_003,True,6.515925884246826,1740.0356976416588,0.5249479672445084,1156.3173810634153,4.689766379473443e-09
c2_n_Octacosane__C28__lhs_004,True,9.162129163742065,1748.1831469653898,0.5317172069754998,1139.8404711297212,5.458386675444237e-10
c2_n_Octacosane__C28__lhs_005,True,8.65299940109253,1748.94310501975,0.5323489812189677,1138.3026784496383,3.473419842537552e-10
c2_n_Octacosane__C28__lhs_006,True,9.495417356491089,1745.2260935569334,0.5292622597191141,1145.8160232512168,1.8603127212365405e-10
c2_n_Octacosane__C28__lhs_007,True,9.045312881469727,1746.111973738026,0.5299840090551202,1144.0592234809812,7.946897135727789e-09
c2_n_Octacosane__C28__bnd_dmin_fmin,False,3.0279159545898438e-05,,,,
c2_n_Octacosane__C28__bnd_dmin_fmax,False,1.0728836059570312e-05,,,,
c2_n_Octacosane__C28__bnd_dmax_fmin,True,6.226540803909302,1740.9801966345995,0.5256921947119421,1154.5058675938976,6.298809872208212e-10
c2_n_Octacosane__C28__bnd_dmax_fmax,True,8.526559352874756,1741.132719404901,0.5258408726272384,1154.1439727996783,5.852974155569548e-08
c2_n_Octacosane__C28__bnd_nmin,True,9.188578128814697,1748.7926779637116,0.5322225894425388,1138.6103268709292,5.853539400186891e-10
c2_n_Octacosane__C28__bnd_nmax,True,7.386846303939819,1746.7804943818564,0.5305949918538442,1142.572038960167,1.984221589369857e-09
c2_PureTemp_58_lhs_000,True,7.1957433223724365,1745.7160482316474,0.5315237821009919,1140.3112838594895,3.2250487360646716e-09
c2_PureTemp_58_lhs_001,True,5.799667596817017,1745.6073969877598,0.5314237329302116,1140.5548121198851,1.2489247235374921e-08
c2_PureTemp_58_lhs_002,True,7.064541816711426,1746.7409533733585,0.5321138676070263,1138.8749651409203,1.2319980329738338e-09
c2_PureTemp_58_lhs_003,True,9.255773544311523,1749.2876345014108,0.5328522376771934,1137.0777090785919,1.2295336159405696e-09
c2_PureTemp_58_lhs_004,True,8.82079267501831,1748.0688925598386,0.5325495550494977,1137.814464547925,1.736666691193989e-10
c2_PureTemp_58_lhs_005,False,4.792213439941406e-05,,,,
c2_PureTemp_58_lhs_006,False,1.33514404296875e-05,,,,
c2_PureTemp_58_lhs_007,True,9.249399185180664,1749.2216260878406,0.532858238146613,1137.0631034215141,9.566887992693139e-10
c2_PureTemp_58_bnd_dmin_fmin,False,3.552436828613281e-05,,,,
c2_PureTemp_58_bnd_dmin_fmax,False,1.2159347534179688e-05,,,,
c2_PureTemp_58_bnd_dmax_fmin,True,8.536472797393799,1743.4261258208576,0.5300133300995749,1143.9878535446455,6.293852816688217e-10
c2_PureTemp_58_bnd_dmax_fmax,True,7.357485771179199,1743.7936968945473,0.530422539348232,1142.991803145767,5.8492394859960674e-08
c2_PureTemp_58_bnd_nmin,True,6.121660232543945,1749.2087788162523,0.5328674787050236,1137.0406111100112,5.853041258417204e-10
c2_PureTemp_58_bnd_nmax,True,7.650642395019531,1748.026753914992,0.5325139104788235,1137.90122648929,1.9836728088264606e-09
c2_n_Hexacosane__C26__lhs_000,True,7.863008260726929,1748.5499938489882,0.5328368596108513,1137.1151406106608,3.884293621428032e-09
c2_n_Hexacosane__C26__lhs_001,True,7.426806926727295,1748.1944247348627,0.5327675939828391,1137.2837390884235,3.146896365122684e-10
c2_n_Hexacosane__C26__lhs_002,False,4.410743713378906e-05,,,,
c2_n_Hexacosane__C26__lhs_003,True,5.701597213745117,1745.3187639050163,0.5321640851702718,1138.7527312860757,3.750464523705407e-08
c2_n_Hexacosane__C26__lhs_004,False,1.8596649169921875e-05,,,,
c2_n_Hexacosane__C26__lhs_005,True,8.63102650642395,1748.589109640311,0.5327707060219082,1137.2761641184875,3.914487348503546e-10
c2_n_Hexacosane__C26__lhs_006,False,8.463859558105469e-05,,,,
c2_n_Hexacosane__C26__lhs_007,True,7.22102952003479,1746.944757544434,0.5323810542783707,1138.2246098729468,2.3284179972698667e-09
c2_n_Hexacosane__C26__bnd_dmin_fmin,False,1.5735626220703125e-05,,,,
c2_n_Hexacosane__C26__bnd_dmin_fmax,False,4.5299530029296875e-06,,,,
c2_n_Hexacosane__C26__bnd_dmax_fmin,True,6.700623035430908,1743.5516420494625,0.5310063425673969,1141.5707760521127,6.293852816688217e-10
c2_n_Hexacosane__C26__bnd_dmax_fmax,True,8.132725954055786,1743.875869123273,0.5314496008234035,1140.4918474498133,5.846251750337283e-08
c2_n_Hexacosane__C26__bnd_nmin,True,7.7124035358428955,1749.1675765810423,0.5329198333554894,1136.913175401628,5.853165793859626e-10
c2_n_Hexacosane__C26__bnd_nmax,True,7.448652744293213,1747.909976272968,0.5326718606211749,1137.5167622993715,1.9834617393866927e-09
c3_baseline_noPCM,True,6.179873466491699,1816.5040378565952,0.5442213253493946,1118.0165881898743,2.737213760063228e-09
c3_n_Octacosane__C28__lhs_000,True,5.567662477493286,1813.9415254705423,0.54218324293809,1123.0159663325298,1.9746632745010435e-09
c3_n_Octacosane__C28__lhs_001,False,1.621246337890625e-05,,,,
c3_n_Octacosane__C28__lhs_002,True,8.535637140274048,1812.505667781097,0.5409432023914381,1126.0577626654704,9.984546990119899e-10
c3_n_Octacosane__C28__lhs_003,True,7.838956117630005,1814.0749896259163,0.5422300005775689,1122.9012707149648,6.035456122697272e-11
c3_n_Octacosane__C28__lhs_004,False,1.8835067749023438e-05,,,,
c3_n_Octacosane__C28__lhs_005,True,6.926413297653198,1807.8731862950665,0.537143450555918,1135.3784830488298,2.3495372012553666e-08
c3_n_Octacosane__C28__lhs_006,True,6.647068977355957,1814.1499144910754,0.5423835689256742,1122.5245704212657,3.917719951609023e-09
c3_n_Octacosane__C28__lhs_007,False,1.8596649169921875e-05,,,,
c3_n_Octacosane__C28__bnd_dmin_fmin,False,5.7220458984375e-06,,,,
c3_n_Octacosane__C28__bnd_dmin_fmax,False,4.291534423828125e-06,,,,
c3_n_Octacosane__C28__bnd_dmax_fmin,True,7.283905506134033,1807.0359261406459,0.5364536240060833,1137.0706147096193,6.354141329769233e-10
c3_n_Octacosane__C28__bnd_dmax_fmax,True,7.123434543609619,1807.169545536304,0.5365791556552734,1136.7626879154468,5.9042636177120146e-08
c3_n_Octacosane__C28__bnd_nmin,True,7.470891714096069,1815.4179705309105,0.5433735810731244,1120.0960890882868,5.904349860695109e-10
c3_n_Octacosane__C28__bnd_nmax,True,7.361663579940796,1813.2408499888434,0.541656584165756,1124.307850478352,2.0017403528705838e-09
c3_PureTemp_58_lhs_000,False,6.008148193359375e-05,,,,
c3_PureTemp_58_lhs_001,True,7.565290212631226,1814.5362167681994,0.5437364909951955,1119.2058778180792,5.671315358871818e-09
c3_PureTemp_58_lhs_002,False,1.7404556274414062e-05,,,,
c3_PureTemp_58_lhs_003,True,7.481942176818848,1815.1067976757045,0.5438494492829923,1118.9287932448988,5.561763300383737e-09
c3_PureTemp_58_lhs_004,True,6.763701677322388,1810.9869864951115,0.5418249407083752,1123.8948750193251,7.81023606153104e-10
c3_PureTemp_58_lhs_005,True,8.071595191955566,1815.0361707167042,0.5437858932969084,1119.0846948933797,5.239342865135993e-10
c3_PureTemp_58_lhs_006,False,1.5974044799804688e-05,,,,
c3_PureTemp_58_lhs_007,True,5.652460098266602,1813.6038601943305,0.5431738006742077,1120.586146680725,4.3781424020319835e-09
c3_PureTemp_58_bnd_dmin_fmin,False,1.7642974853515625e-05,,,,
c3_PureTemp_58_bnd_dmin_fmax,False,5.4836273193359375e-06,,,,
c3_PureTemp_58_bnd_dmax_fmin,True,7.540254592895508,1809.712566144758,0.5409673753858305,1125.9984667610763,6.352399661613559e-10
c3_PureTemp_58_bnd_dmax_fmax,True,9.970942258834839,1810.1005899295722,0.5414162122316085,1124.897478349639,5.90264526089684e-08
c3_PureTemp_58_bnd_nmin,True,6.082261562347412,1815.851875518858,0.5440685506697194,1118.3913416297173,5.903602648040576e-10
c3_PureTemp_58_bnd_nmax,True,5.452239036560059,1814.5536837939128,0.543728948564866,1119.2243792590039,2.0015292834308163e-09
c3_n_Hexacosane__C26__lhs_000,True,6.320551156997681,1814.412748246719,0.5439404162607383,1118.705652945113,6.5989701290116465e-09
c3_n_Hexacosane__C26__lhs_001,True,7.453913450241089,1814.1635301074803,0.5440046599779916,1118.5480643049,2.5238074748936736e-09
c3_n_Hexacosane__C26__lhs_002,True,9.99803376197815,1812.5089758514187,0.5437862749816902,1119.083758627729,3.6949721654178806e-09
c3_n_Hexacosane__C26__lhs_003,False,3.7670135498046875e-05,,,,
c3_n_Hexacosane__C26__lhs_004,True,10.190500020980835,1813.6191242491968,0.5437778859460214,1119.1043367757607,2.333512539576182e-09
c3_n_Hexacosane__C26__lhs_005,True,8.708939552307129,1815.6601516661974,0.5440107112276142,1118.5332207024378,1.8662436856085577e-09
c3_n_Hexacosane__C26__lhs_006,False,1.8596649169921875e-05,,,,
c3_n_Hexacosane__C26__lhs_007,True,6.885738134384155,1815.8687245465046,0.5441574708403379,1118.17322210964,2.4148023891077515e-11
c3_n_Hexacosane__C26__bnd_dmin_fmin,False,1.71661376953125e-05,,,,
c3_n_Hexacosane__C26__bnd_dmin_fmax,False,5.245208740234375e-06,,,,
c3_n_Hexacosane__C26__bnd_dmax_fmin,True,6.964862823486328,1810.0965901063832,0.5424096544531787,1122.4605831088181,6.351461840298966e-10
c3_n_Hexacosane__C26__bnd_dmax_fmax,True,7.492323637008667,1810.4544965626371,0.5429566182282688,1121.1188911699435,5.9015248600247955e-08
c3_n_Hexacosane__C26__bnd_nmin,True,8.195231437683105,1815.8563902912397,0.5441440972518063,1118.206027272877,5.903727183482998e-10
c3_n_Hexacosane__C26__bnd_nmax,True,7.99513578414917,1814.5748367615997,0.5439598480916474,1118.6579870263158,2.001233786215141e-09
c4_baseline_noPCM,True,5.605000019073486,1622.354931808939,0.5106186961464176,1309.6596129557981,2.73143953476567e-09
c4_n_Octacosane__C28__lhs_000,False,1.52587890625e-05,,,,
c4_n_Octacosane__C28__lhs_001,True,5.948824167251587,1620.577287485483,0.5089569605898363,1314.1066728020367,6.971974335577747e-10
c4_n_Octacosane__C28__lhs_002,False,2.002716064453125e-05,,,,
c4_n_Octacosane__C28__lhs_003,True,8.60105562210083,1614.0623296096617,0.5031844394296257,1329.5548269692063,5.137793162587567e-08
c4_n_Octacosane__C28__lhs_004,True,9.671746015548706,1620.6906600028813,0.5090728972867848,1313.7964083753875,6.891698383560533e-11
c4_n_Octacosane__C28__lhs_005,False,2.7179718017578125e-05,,,,
c4_n_Octacosane__C28__lhs_006,True,6.542659521102905,1618.7548638395765,0.507335698654533,1318.4454190147949,6.058930269594389e-09
c4_n_Octacosane__C28__lhs_007,True,5.86234974861145,1618.5748505138433,0.5071468388900805,1318.950836782225,4.267874482718217e-10
c4_n_Octacosane__C28__bnd_dmin_fmin,False,2.288818359375e-05,,,,
c4_n_Octacosane__C28__bnd_dmin_fmax,False,7.152557373046875e-06,,,,
c4_n_Octacosane__C28__bnd_dmax_fmin,True,7.330143451690674,1614.0345114903323,0.5032811767323573,1329.2959430734459,6.340207984523843e-10
c4_n_Octacosane__C28__bnd_dmax_fmax,True,8.095501899719238,1614.1407530323277,0.5032938805732101,1329.2619456420703,5.891565741162181e-08
c4_n_Octacosane__C28__bnd_nmin,True,8.122490406036377,1621.4164762124078,0.5097405306694176,1312.0097187928266,5.891273639240788e-10
c4_n_Octacosane__C28__bnd_nmax,True,8.000268459320068,1619.519235727723,0.5079736173310256,1316.73825055459,1.9971812529715995e-09
c4_RT64HC_lhs_000,True,9.110142707824707,1618.1116493255997,0.5067043029921751,1320.1351308862418,6.643873724773864e-09
c4_RT64HC_lhs_001,True,8.010996103286743,1611.9477446718693,0.5012149916982916,1334.8253719067532,5.85498398469371e-08
c4_RT64HC_lhs_002,False,3.504753112792969e-05,,,,
c4_RT64HC_lhs_003,True,7.55616569519043,1620.946144270336,0.5092816052374975,1313.2378738098066,8.545814323980221e-10
c4_RT64HC_lhs_004,True,8.223447322845459,1620.9598475590751,0.5093009301928361,1313.186157258051,4.681409180220023e-10
c4_RT64HC_lhs_005,True,8.834931135177612,1618.4778702833933,0.507018799827988,1319.2934889987741,2.7688717330184436e-10
c4_RT64HC_lhs_006,True,7.997492790222168,1621.6213709928631,0.5099204564240265,1311.528209809369,1.2784256350042711e-10
c4_RT64HC_lhs_007,False,5.1021575927734375e-05,,,,
c4_RT64HC_bnd_dmin_fmin,False,1.239776611328125e-05,,,,
c4_RT64HC_bnd_dmin_fmax,False,1.2159347534179688e-05,,,,
c4_RT64HC_bnd_dmax_fmin,True,6.143332004547119,1613.7707327546868,0.5029199240349871,1330.2627108352947,6.340609907944383e-10
c4_RT64HC_bnd_dmax_fmax,True,9.80184268951416,1613.8663860174242,0.5029264846258391,1330.2451536854642,5.891690230147964e-08
c4_RT64HC_bnd_nmin,True,8.0808687210083,1621.379007490722,0.5096952262529043,1312.1309603771062,5.89139817468321e-10
c4_RT64HC_bnd_nmax,True,7.031292676925659,1619.405284857723,0.5078356621072238,1317.1074399445133,1.9971812529715995e-09
c4_n_Hexacosane__C26__lhs_000,True,5.036993741989136,1621.069960139496,0.5095883858142377,1312.416881818016,1.4580547806724763e-09
c4_n_Hexacosane__C26__lhs_001,False,1.8835067749023438e-05,,,,
c4_n_Hexacosane__C26__lhs_002,False,5.7220458984375e-06,,,,
c4_n_Hexacosane__C26__lhs_003,True,7.5559163093566895,1621.0226815030235,0.509550442607738,1312.5184236724913,6.726426848295012e-10
c4_n_Hexacosane__C26__lhs_004,True,6.736127138137817,1613.0049347269583,0.5031077559998354,1329.7600436176324,2.5378886945040223e-08
c4_n_Hexacosane__C26__lhs_005,True,7.08172345161438,1618.405286349184,0.5074220258718114,1318.214394108289,3.108008745780772e-10
c4_n_Hexacosane__C26__lhs_006,False,1.8835067749023438e-05,,,,
c4_n_Hexacosane__C26__lhs_007,True,6.097414970397949,1618.4152576442739,0.5074485144170877,1318.1435066884362,9.551440655230994e-09
c4_n_Hexacosane__C26__bnd_dmin_fmin,False,1.7404556274414062e-05,,,,
c4_n_Hexacosane__C26__bnd_dmin_fmax,False,4.5299530029296875e-06,,,,
c4_n_Hexacosane__C26__bnd_dmax_fmin,True,6.931117057800293,1614.132931697563,0.5040021595562346,1327.3664821834782,6.340609907944383e-10
c4_n_Hexacosane__C26__bnd_dmax_fmax,True,8.63991093635559,1614.3030249236995,0.504133189819918,1327.0158250515653,5.891690230147964e-08
c4_n_Hexacosane__C26__bnd_nmin,True,1.7119016647338867,1621.4676642465981,0.5099105351031408,1311.5547607894919,5.89139817468321e-10
c4_n_Hexacosane__C26__bnd_nmax,True,2.211171865463257,1619.6744406471003,0.5084702893740225,1315.409079802714,1.9971812529715995e-09
