case_id,regime_id,pcm_id,sampling_method,seed,capsule_diameter_m,n_capsule,flow_rate_kg_s,simulator_version,runtime_s,valid,reason,geom_pcm_thickness_m,geom_pcm_volume_fraction,geom_void_fraction,geom_pressure_drop_pa,geom_pump_power_w,geom_reynolds_number_particle,geom_hydraulic_diameter_m,geom_below_min_pcm_fraction,state,cluster_id,pcm_name,mains_temp_C,useful_energy_kWh,solar_fraction,delivery_temp_hours,unmet_energy_kWh,pump_energy_kWh,collector_energy_kWh,loss_energy_kWh,charge_energy_kWh,discharge_energy_kWh,residual_pct_of_collector,pcm_mass_kg,max_water_temp_C,max_pcm_temp_C,n_safety_violations,final_f_melt,complete_melt_cycles,n_hours_simulated,split
c0_baseline_noPCM,0,NONE_plain_tank,baseline,0,0.08,8,0.030000000000000002,sim_v1_uttarakhand,0.8827123641967773,True,,0.04,0.04289321169701264,0.9571067883029873,1.3858140714189671e-05,6.929070357094836e-10,46.70409175705556,1.1900646595720985,True,uttarakhand,0.0,,20.63,1537.3712182492661,0.39010525042433675,,2286.9565026887885,2.6620333466890173e-09,1624.2371928189757,87.48895730428056,0.0,0.0,0.003943851710477611,0.0,71.52322982015599,71.52322982015599,0.0,0.0,0.0,8784.0,train
c0_RT42_lhs_000,0,RT42,lhs,20261607,0.07186975194340527,33,0.026057428359814887,sim_v1_uttarakhand,2.429631233215332,True,,0.03593487597170263,0.12828651151552595,0.871713488484474,0.00015044647616698308,6.533747124512933e-09,36.44360975613738,0.3255724572702115,False,uttarakhand,0.0,RT42,20.63,1537.0090171801824,0.3927910710429061,,2276.8853306825263,2.509766539548588e-08,1624.0111474221899,87.64851759476903,96.22947814053317,96.27387672797705,0.006838665762687923,5.644606506683143,71.05263827545171,70.63722800648439,715.0,0.0,203.0,8784.0,train
c0_RT42_lhs_001,0,RT42,lhs,20261607,0.06440493438137834,23,0.02499959750143054,sim_v1_uttarakhand,2.3897924423217773,True,,0.03220246719068917,0.06434486295857665,0.9356551370414233,3.398671915771364e-05,1.4160904988949992e-09,31.33255767444085,0.6243524339935426,True,uttarakhand,0.0,RT42,20.63,1538.0290764670608,0.3916503196465986,,2281.1628700867464,5.438141538374585e-09,1624.9342401711865,87.53749485706176,49.875086147093334,49.89731327246612,0.00523518393902959,2.8311739701773733,71.35942127532097,71.04761936962657,861.0,0.0,215.0,8784.0,train
c0_RT42_lhs_002,0,RT42,lhs,20261607,0.05085440369734333,14,0.03818613116903662,sim_v1_uttarakhand,2.6936633586883545,True,,0.025427201848671664,0.019281568183899613,0.9807184318161004,9.26533650867253e-06,5.896789254090551e-10,37.79008906412509,1.7244050749857884,True,uttarakhand,0.0,RT42,20.63,1539.0641957192302,0.3907825926937665,,2284.4166344431674,2.265382631725782e-09,1625.844656051977,87.41322227470116,15.72099321574984,15.727650378279783,0.004710107803257562,0.8483890000915831,71.58954297166993,71.40613544278868,1432.0,0.0,249.0,8784.0,holdout
c0_RT42_lhs_003,0,RT42,lhs,20261607,0.03779929966407464,29,0.04721789562945252,sim_v1_uttarakhand,0.0,False,bounds_violation,,,,,,,,,,,,,,,,,,,,,,,,,,,,,,train
c0_RT42_lhs_004,0,RT42,lhs,20261607,0.03229944563333931,17,0.043148400449789646,sim_v1_uttarakhand,0.0,False,bounds_violation,,,,,,,,,,,,,,,,,,,,,,,,,,,,,,holdout
c0_RT42_lhs_005,0,RT42,lhs,20261607,0.02468473042689504,35,0.018558533313853327,sim_v1_uttarakhand,0.0,False,bounds_violation,,,,,,,,,,,,,,,,,,,,,,,,,,,,,,train
c0_RT42_lhs_006,0,RT42,lhs,20261607,0.07411766849176239,10,0.03119171303598279,sim_v1_uttarakhand,2.378816604614258,True,,0.037058834245881196,0.042637709463708054,0.957362290536292,1.4957315805565956e-05,7.77573837326305e-10,44.98882651188268,1.1094633016794688,True,uttarakhand,0.0,RT42,20.63,1537.6098559581812,0.39098662148837904,,2283.651576244356,2.986704307721169e-09,1624.4786908193269,87.49691447297123,32.1282925581456,32.14299768224627,0.004734208090273149,1.8760592164031544,71.42963458060066,71.02048192711916,868.0,0.0,211.0,8784.0,train
c0_RT42_lhs_007,0,RT42,lhs,20261607,0.04735358606288867,21,0.01475287640632164,sim_v1_uttarakhand,2.6646673679351807,True,,0.023676793031444335,0.023351056419613686,0.9766489435803863,1.8716703847575062e-06,4.602086976616659e-11,13.594813895254857,1.3203636692632996,True,uttarakhand,0.0,RT42,20.63,1539.1379277870772,0.39089750971776627,,2283.985723641773,1.7680259396067486e-10,1625.9257240650604,87.42123892883207,19.070757015762727,19.078821170227908,0.004796875192448106,1.0274464824630023,71.57770349858458,71.39106914856893,1420.0,0.0,250.0,8784.0,holdout
c0_RT42_bnd_dmin_fmin,0,RT42,boundary,0,0.02,22,0.01,sim_v1_uttarakhand,0.0,False,bounds_violation,,,,,,,,,,,,,,,,,,,,,,,,,,,,,,train
c0_RT42_bnd_dmin_fmax,0,RT42,boundary,0,0.02,22,0.05,sim_v1_uttarakhand,0.0,False,bounds_violation,,,,,,,,,,,,,,,,,,,,,,,,,,,,,,train
c0_RT42_bnd_dmax_fmin,0,RT42,boundary,0,0.08,22,0.01,sim_v1_uttarakhand,2.385140895843506,True,,0.04,0.11795633216678478,0.8820436678332152,1.6544910901276784e-05,2.7574851502127974e-10,15.568030585685188,0.39881139135955096,False,uttarakhand,0.0,RT42,20.63,1535.0921663303163,0.3918704715902048,,2280.3373540130956,1.059268771251003e-09,1622.1205760974956,87.66897810441841,84.85770560141643,84.8984647786066,0.006381223827045958,5.190078615338531,70.98756212415994,70.45964442492631,324.0,0.0,191.0,8784.0,train
c0_RT42_bnd_dmax_fmax,0,RT42,boundary,0,0.08,22,0.05,sim_v1_uttarakhand,2.4376466274261475,True,,0.04,0.11795633216678478,0.8820436678332152,0.00028333669561690297,2.3611391301408582e-08,77.84015292842594,0.39881139135955096,False,uttarakhand,0.0,RT42,20.63,1536.0923181860758,0.3922878156670031,,2278.772415552883,9.06949612844781e-08,1623.0945535642377,87.64425470062132,86.75514279747284,86.79592426323579,0.00646084059692232,5.190078615338531,71.00712066449788,70.61754319336342,358.0,0.0,197.0,8784.0,train
c0_RT42_bnd_nmin,0,RT42,boundary,0,0.05,8,0.030000000000000002,sim_v1_uttarakhand,2.68509578704834,True,,0.025,0.010471975511965978,0.989528024488034,2.988850618139812e-06,1.4944253090699062e-10,29.19005734815973,3.149765528504569,True,uttarakhand,0.0,RT42,20.63,1538.9548065518181,0.39053950058220566,,2285.328170549476,5.74133296655478e-10,1625.7196913429177,87.39630837750052,8.553458826937813,8.557073123952682,0.004530253159366175,0.46076692252650303,71.62004510931516,71.4376096364342,1456.0,0.0,252.0,8784.0,train
c0_RT42_bnd_nmax,0,RT42,boundary,0,0.05,37,0.030000000000000002,sim_v1_uttarakhand,2.6912760734558105,True,,0.025,0.04843288674284265,0.9515671132571574,3.445149506227315e-05,1.7225747531136576e-09,29.19005734815973,0.6549042584154036,True,uttarakhand,0.0,RT42,20.63,1539.4599920587452,0.39157939378254225,,2281.428824771756,6.6164335513661256e-09,1626.2883268414826,87.46641066553723,39.34688788384727,39.36363034932961,0.005361276290370274,2.1310470166850766,71.49188436097386,71.30413791189642,1366.0,0.0,245.0,8784.0,train
c0_RT44HC_lhs_000,0,RT44HC,lhs,20260946,0.03744493275511633,25,0.013022570618024115,sim_v1_uttarakhand,0.0,False,bounds_violation,,,,,,,,,,,,,,,,,,,,,,,,,,,,,,train
c0_RT44HC_lhs_001,0,RT44HC,lhs,20260946,0.07401409869152885,34,0.049296895096704985,sim_v1_uttarakhand,2.42414927482605,True,,0.037007049345764424,0.1443613383387638,0.8556386616612361,0.000577327854964601,4.7434117837659417e-08,71.00316543383637,0.2924574546862465,False,uttarakhand,0.0,RT44HC,20.63,1538.5545807744131,0.39530712970218085,,2267.450724603398,1.82238586696642e-07,1625.5783333849965,87.69055126309176,118.14855367221934,118.20048275330761,0.008128381730263914,5.7744535335505525,69.62675966934111,69.42400067688365,387.0,0.0,156.0,8784.0,train
c0_RT44HC_lhs_002,0,RT44HC,lhs,20260946,0.06401824133623348,30,0.02540665884100321,sim_v1_uttarakhand,2.7695298194885254,True,,0.03200912066811674,0.08242540518566085,0.9175745948143391,4.960340823795163e-05,2.1004281174210757e-09,31.65155013543354,0.47510846704368564,True,uttarakhand,0.0,RT44HC,20.63,1539.7768821285417,0.39364102100994913,,2273.698225685407,8.065906524408051e-09,1626.64515227912,87.52038371797538,70.36328776805333,70.39288938215665,0.006531172740732075,3.2970162074264344,70.57055318172462,70.38731191942689,653.0,0.0,182.0,8784.0,train
c0_RT44HC_lhs_003,0,RT44HC,lhs,20260946,0.04933328871135921,22,0.037541288736369915,sim_v1_uttarakhand,2.8116257190704346,True,,0.024666644355679605,0.02766123092839905,0.972338769071601,1.3483512179248389e-05,8.436473731692069e-10,36.04067649641801,1.1560986890285454,True,uttarakhand,0.0,RT44HC,20.63,1539.549297897778,0.39154501630140026,,2281.557731938277,3.2402620831497986e-09,1626.3703452309596,87.45704116955284,25.34659006394904,25.356509424825497,0.004973230320590417,1.106449237135962,71.3451260477828,71.22454482342606,1796.0,0.0,208.0,8784.0,holdout
c0_RT44HC_lhs_004,0,RT44HC,lhs,20260946,0.032618324892173596,12,0.03093529504101304,sim_v1_uttarakhand,0.0,False,bounds_violation,,,,,,,,,,,,,,,,,,,,,,,,,,,,,,train
c0_RT44HC_lhs_005,0,RT44HC,lhs,20260946,0.07002330766236942,29,0.021704101134731722,sim_v1_uttarakhand,2.4178433418273926,True,,0.03501165383118471,0.10426882520661197,0.895731174793388,5.220189258898031e-05,1.8883252602927183e-09,29.575228937038005,0.40102788480351803,False,uttarakhand,0.0,RT44HC,20.63,1538.526038193174,0.39398207851090006,,2272.419343271461,7.252768830665006e-09,1625.4855654056078,87.60924406286756,86.37100841768908,86.40846259642224,0.006654362301854718,4.170753008264479,70.20853768616111,69.98076485360829,509.0,0.0,165.0,8784.0,train
c0_RT44HC_lhs_006,0,RT44HC,lhs,20260946,0.025741370291440305,16,0.016758615865105006,sim_v1_uttarakhand,0.0,False,bounds_violation,,,,,,,,,,,,,,,,,,,,,,,,,,,,,,train
c0_RT44HC_lhs_007,0,RT44HC,lhs,20260946,0.05286442505579607,13,0.04100066899228216,sim_v1_uttarakhand,2.677063465118408,True,,0.026432212527898034,0.020112335734075434,0.9798876642659246,1.1115844447053903e-05,7.595950979055914e-10,42.1791812624864,1.7170622274010847,True,uttarakhand,0.0,RT44HC,20.63,1539.2807977116966,0.39118699266978507,,2282.900233202648,2.917763020028583e-09,1626.0794093327625,87.43277176586645,18.241009410309896,18.24821877865117,0.004784896804024181,0.8044934293630174,71.41840918082757,71.29041961562156,1381.0,0.0,207.0,8784.0,holdout
c0_RT44HC_bnd_dmin_fmin,0,RT44HC,boundary,0,0.02,22,0.01,sim_v1_uttarakhand,0.0,False,bounds_violation,,,,,,,,,,,,,,,,,,,,,,,,,,,,,,train
c0_RT44HC_bnd_dmin_fmax,0,RT44HC,boundary,0,0.02,22,0.05,sim_v1_uttarakhand,0.0,False,bounds_violation,,,,,,,,,,,,,,,,,,,,,,,,,,,,,,holdout
c0_RT44HC_bnd_dmax_fmin,0,RT44HC,boundary,0,0.08,22,0.01,sim_v1_uttarakhand,2.480337142944336,True,,0.04,0.11795633216678478,0.8820436678332152,1.6544910901276784e-05,2.7574851502127974e-10,15.568030585685188,0.39881139135955096,False,uttarakhand,0.0,RT44HC,20.63,1536.4345304908495,0.39337970923456356,,2274.678081085643,1.0599236739739442e-09,1623.4308031056362,87.64912682058139,91.76030775914876,91.80266542439222,0.007008027773781497,4.718253286671391,69.85847153405298,69.49540359884267,375.0,0.0,144.0,8784.0,train
c0_RT44HC_bnd_dmax_fmax,0,RT44HC,boundary,0,0.08,22,0.05,sim_v1_uttarakhand,2.383089542388916,True,,0.04,0.11795633216678478,0.8820436678332152,0.00028333669561690297,2.3611391301408582e-08,77.84015292842594,0.39881139135955096,False,uttarakhand,0.0,RT44HC,20.63,1537.6394142882925,0.3940107070292508,,2272.3119933127177,9.073824883521051e-08,1624.6218564833443,87.63648034345157,94.79011036121456,94.8324856330748,0.00707154841566515,4.718253286671391,69.93921249833967,69.68331757306541,425.0,0.0,155.0,8784.0,train
c0_RT44HC_bnd_nmin,0,RT44HC,boundary,0,0.05,8,0.030000000000000002,sim_v1_uttarakhand,2.5510470867156982,True,,0.025,0.010471975511965978,0.989528024488034,2.988850618139812e-06,1.4944253090699062e-10,29.19005734815973,3.149765528504569,True,uttarakhand,0.0,RT44HC,20.63,1539.0624594278154,0.39074165157802754,,2284.5701536379656,5.74118767520388e-10,1625.8386429293275,87.40823374738116,9.590335625656905,9.59408817305282,0.0045580951173598535,0.4188790204786391,71.53454364761836,71.41704682235431,1422.0,0.0,210.0,8784.0,train
c0_RT44HC_bnd_nmax,0,RT44HC,boundary,0,0.05,37,0.030000000000000002,sim_v1_uttarakhand,2.605844497680664,True,,0.025,0.04843288674284265,0.9515671132571574,3.445149506227315e-05,1.7225747531136576e-09,29.19005734815973,0.6549042584154036,True,uttarakhand,0.0,RT44HC,20.63,1540.053712999482,0.392506113622375,,2277.953851482757,6.615309092846675e-09,1626.918229637726,87.50609267960607,43.92544121434771,43.942822771214956,0.005526972327903418,1.937315469713706,71.08910100034072,70.97289063076212,1246.0,0.0,205.0,8784.0,train
c0_savE__OM42_lhs_000,0,savE® OM42,lhs,20261714,0.03298293524627131,14,0.011947309752795796,sim_v1_uttarakhand,0.0,False,bounds_violation,,,,,,,,,,,,,,,,,,,,,,,,,,,,,,train
c0_savE__OM42_lhs_001,0,savE® OM42,lhs,20261714,0.046169524093895034,21,0.038311885281037836,sim_v1_uttarakhand,2.1887056827545166,True,,0.023084762046947517,0.021642832910747544,0.9783571670892525,1.0707404862075146e-05,6.837014445557496e-10,34.42172342214004,1.3913854680250348,True,uttarakhand,0.0,savE® OM42,20.63,1538.3359211883871,0.39106557073486126,,2283.355535832874,2.6260117858602597e-09,1625.2133901157788,87.50638023073516,19.360265165933786,19.373217289967958,0.0042217660200198695,0.9771739059202517,71.27568787530525,71.03699097461498,889.0,0.0,178.0,8784.0,holdout
c0_savE__OM42_lhs_002,0,savE® OM42,lhs,20261714,0.0526677722780312,36,0.029249188980186046,sim_v1_uttarakhand,2.1758060455322266,True,,0.0263338861390156,0.055076453352421485,0.9449235466475785,3.842934003705684e-05,1.8733783818795093e-09,29.977986989430338,0.6023992123159734,True,uttarakhand,0.0,savE® OM42,20.63,1538.6329573756761,0.39235926626661577,,2278.5044932375677,7.193642890684992e-09,1625.5650929851417,87.57003562768814,47.384052736847686,47.41702083771498,0.004649881883085325,2.48670186886183,70.7009329881921,70.3771820286284,707.0,0.0,164.0,8784.0,train
c0_savE__OM42_lhs_003,0,savE® OM42,lhs,20261714,0.06308343426453657,18,0.034612608104877415,sim_v1_uttarakhand,2.181680917739868,True,,0.031541717132268283,0.0473202584549863,0.9526797415450137,2.1159510909101574e-05,1.220643097979352e-09,42.49064685970909,0.8466889490622628,True,uttarakhand,0.0,savE® OM42,20.63,1537.8490192040467,0.391765685217644,,2280.7302773433717,4.688422325842924e-09,1624.7594379331872,87.54472817207768,38.79970129611884,38.82799546947486,0.004468320040577249,2.1365096692426317,70.74232297707917,70.32105515569697,324.0,0.0,146.0,8784.0,train
c0_savE__OM42_lhs_004,0,savE® OM42,lhs,20261714,0.039934377499404775,10,0.023727671563947964,sim_v1_uttarakhand,0.0,False,bounds_violation,,,,,,,,,,,,,,,,,,,,,,,,,,,,,,train
c0_savE__OM42_lhs_005,0,savE® OM42,lhs,20261714,0.02173647987305576,28,0.04516063667382185,sim_v1_uttarakhand,0.0,False,bounds_violation,,,,,,,,,,,,,,,,,,,,,,,,,,,,,,train
c0_savE__OM42_lhs_006,0,savE® OM42,lhs,20261714,0.07724729097988532,31,0.016151000452381874,sim_v1_uttarakhand,2.3241686820983887,True,,0.03862364548994266,0.14963737654057263,0.8503626234594274,8.502699457382603e-05,2.288785046377559e-09,24.278752973365016,0.29265508627776277,False,uttarakhand,0.0,savE® OM42,20.63,1533.5608712917021,0.39279955221518825,,2276.8535283557894,8.794179710466631e-09,1620.7579459130886,87.84773601493313,109.21111824125924,109.30054823557091,0.00518270323264337,6.756127550806855,68.96492708093686,68.06170116543697,70.0,0.0,106.0,8784.0,train
c0_savE__OM42_lhs_007,0,savE® OM42,lhs,20261714,0.0691151877522924,24,0.04295626061118339,sim_v1_uttarakhand,2.2173941135406494,True,,0.0345575938761462,0.08297749810381473,0.9170225018961853,0.00013086827540626772,9.36935290681293e-09,57.77549164468512,0.5092158222810046,True,uttarakhand,0.0,savE® OM42,20.63,1537.1210820621657,0.39253671526731626,,2277.8391027807224,3.6005382181695773e-08,1624.0979551184114,87.61861294529803,65.42437902476934,65.4739955484394,0.0048101854308089656,3.7464340393872355,70.05213108166816,69.53572536944954,192.0,0.0,134.0,8784.0,holdout
c0_savE__OM42_bnd_dmin_fmin,0,savE® OM42,boundary,0,0.02,22,0.01,sim_v1_uttarakhand,0.0,False,bounds_violation,,,,,,,,,,,,,,,,,,,,,,,,,,,,,,holdout
c0_savE__OM42_bnd_dmin_fmax,0,savE® OM42,boundary,0,0.02,22,0.05,sim_v1_uttarakhand,0.0,False,bounds_violation,,,,,,,,,,,,,,,,,,,,,,,,,,,,,,train
c0_savE__OM42_bnd_dmax_fmin,0,savE® OM42,boundary,0,0.08,22,0.01,sim_v1_uttarakhand,2.3838908672332764,True,,0.04,0.11795633216678478,0.8820436678332152,1.6544910901276784e-05,2.7574851502127974e-10,15.568030585685188,0.39881139135955096,False,uttarakhand,0.0,savE® OM42,20.63,1533.38642103156,0.39166855599192596,,2281.0944882412546,1.0591806849197996e-09,1620.5185827366413,87.77376411700808,84.19221011162297,84.26262137877792,0.004739869263654696,5.325728397330333,69.92414335615693,68.16138508908342,58.0,0.0,102.0,8784.0,train
c0_savE__OM42_bnd_dmax_fmax,0,savE® OM42,boundary,0,0.08,22,0.05,sim_v1_uttarakhand,2.4084062576293945,True,,0.04,0.11795633216678478,0.8820436678332152,0.00028333669561690297,2.3611391301408582e-08,77.84015292842594,0.39881139135955096,False,uttarakhand,0.0,savE® OM42,20.63,1534.567703534825,0.3922946888839651,,2278.746642666272,9.075300595480605e-08,1621.6656430957712,87.74227494609006,86.77689180201871,86.84735574416752,0.004889608106275984,5.325728397330333,69.51532488772386,68.57577444420916,94.0,0.0,108.0,8784.0,train
c0_savE__OM42_bnd_nmin,0,savE® OM42,boundary,0,0.05,8,0.030000000000000002,sim_v1_uttarakhand,2.330822467803955,True,,0.025,0.010471975511965978,0.989528024488034,2.988850618139812e-06,1.4944253090699062e-10,29.19005734815973,3.149765528504569,True,uttarakhand,0.0,savE® OM42,20.63,1538.0569046095247,0.39053838807044006,,2285.3323421971554,5.741395234279794e-10,1624.9072392234846,87.4760648955217,9.216768885826014,9.223032350677832,0.0040708762646492515,0.47280969436526393,71.4520851058055,71.14979318365724,924.0,0.0,177.0,8784.0,train
c0_savE__OM42_bnd_nmax,0,savE® OM42,boundary,0,0.05,37,0.030000000000000002,sim_v1_uttarakhand,2.358139753341675,True,,0.025,0.04843288674284265,0.9515671132571574,3.445149506227315e-05,1.7225747531136576e-09,29.19005734815973,0.6549042584154036,True,uttarakhand,0.0,savE® OM42,20.63,1538.689905523988,0.39216245958742646,,2279.242470265666,6.613969312482525e-09,1625.6141151873728,87.56051852796695,42.23615391397385,42.26514743378555,0.004574917185938707,2.186744836439346,70.82622576475875,70.53667639235636,763.0,0.0,171.0,8784.0,train
c1_baseline_noPCM,1,NONE_plain_tank,baseline,0,0.08,8,0.030000000000000002,sim_v1_uttarakhand,1.064328908920288,True,,0.04,0.04289321169701264,0.9571067883029873,1.3858140714189671e-05,6.929070357094836e-10,46.70409175705556,1.1900646595720985,True,uttarakhand,1.0,,7.45,1525.5819937090207,0.2804975522715074,,3908.6870821761345,2.7059752012034373e-09,1598.8345895433656,74.61179092140077,0.0,0.0,0.002327398670402944,0.0,57.823561197080856,57.823561197080856,0.0,0.0,0.0,8784.0,train
c1_PureTemp_53_lhs_000,1,PureTemp 53,lhs,20262142,0.0395802543004862,29,0.015272081911305416,sim_v1_uttarakhand,0.0,False,bounds_violation,,,,,,,,,,,,,,,,,,,,,,,,,,,,,,train
c1_PureTemp_53_lhs_001,1,PureTemp 53,lhs,20262142,0.02551719972678518,31,0.013181271234440602,sim_v1_uttarakhand,0.0,False,bounds_violation,,,,,,,,,,,,,,,,,,,,,,,,,,,,,,train
c1_PureTemp_53_lhs_002,1,PureTemp 53,lhs,20262142,0.0458896362495229,15,0.03657270853501118,sim_v1_uttarakhand,2.1539111137390137,True,,0.02294481812476145,0.015179718667872218,0.9848202813321277,6.622670753570032e-06,4.036816786560994e-10,32.65994351457199,1.9847993879330936,True,uttarakhand,1.0,PureTemp 53,7.45,1525.5468510319502,0.28044467681106866,,3908.9743273826434,1.576545155854979e-09,1598.7233444265037,74.5414491232956,5.307259152800212,5.325452818998985,0.0027467859483437415,0.698267058722122,58.09045186813621,53.033184210813566,0.0,0.0,0.0,8784.0,train
c1_PureTemp_53_lhs_003,1,PureTemp 53,lhs,20262142,0.07200707120569312,19,0.02550298017289559,sim_v1_uttarakhand,1.7537455558776855,True,,0.03600353560284656,0.07428611728746454,0.9257138827125355,4.2042141262985184e-05,1.7869998250933114e-09,35.73631514358296,0.5982090858298991,True,uttarakhand,1.0,PureTemp 53,7.45,1519.0166678535616,0.27913125743122136,,3916.1094599728053,6.979127816905106e-09,1592.526177813014,74.87331136486276,25.782646170033917,25.87167043143166,0.003111419486026489,3.4171613952233693,58.92153037452218,52.50438338018749,0.0,0.0,0.0,8784.0,train
c1_PureTemp_53_lhs_004,1,PureTemp 53,lhs,20262142,0.05827947677093491,17,0.02056048476873075,sim_v1_uttarakhand,1.5692496299743652,True,,0.029139738385467455,0.03523907268961214,0.9647609273103879,5.541011119832706e-06,1.8987645788781345e-10,23.31807438233553,1.0637011279672666,True,uttarakhand,1.0,PureTemp 53,7.45,1522.6210612880066,0.2798786954789029,,3912.0490131307924,7.415466832420238e-10,1595.980720098652,74.72120585008038,12.221601895527176,12.263830165989898,0.0027033424523134376,1.6209973437221588,58.320876575114866,52.66743715350541,0.0,0.0,0.0,8784.0,train
c1_PureTemp_53_lhs_005,1,PureTemp 53,lhs,20262142,0.03412861197890014,10,0.03406046678413325,sim_v1_uttarakhand,0.0,False,bounds_violation,,,,,,,,,,,,,,,,,,,,,,,,,,,,,,train
c1_PureTemp_53_lhs_006,1,PureTemp 53,lhs,20262142,0.07503180156022067,23,0.04053117661026887,sim_v1_uttarakhand,1.534919023513794,True,,0.037515900780110335,0.10174019759444139,0.8982598024055586,0.0001547667370287005,1.0454796586508833e-08,59.180451588949055,0.4416350196361927,False,uttarakhand,1.0,PureTemp 53,7.45,1516.4647823271766,0.27859922882563004,,3918.9996980040837,4.0833821767767623e-08,1590.0791178764214,74.98038161566824,35.56395709874192,35.68590520232735,0.003441457327359069,4.680049089344304,59.30074730019129,52.51012167796119,0.0,0.0,0.0,8784.0,holdout
c1_PureTemp_53_lhs_007,1,PureTemp 53,lhs,20262142,0.052157667967638585,35,0.04864905035073606,sim_v1_uttarakhand,2.0375583171844482,True,,0.026078833983819293,0.05200572537724553,0.9479942746227544,9.369031509173349e-05,7.596574760456782e-09,49.3783099654702,0.6338426554938519,True,uttarakhand,1.0,PureTemp 53,7.45,1522.4071626932473,0.2797991454080483,,3912.4811677889415,2.9669055774824084e-08,1595.6995725298816,74.66088948856219,18.310796334400557,18.37314417405113,0.0032106135821229564,2.3922633673532943,58.48473608129658,52.87536442128931,0.0,0.0,0.0,8784.0,train
c1_PureTemp_53_bnd_dmin_fmin,1,PureTemp 53,boundary,0,0.02,22,0.01,sim_v1_uttarakhand,0.0,False,bounds_violation,,,,,,,,,,,,,,,,,,,,,,,,,,,,,,train
c1_PureTemp_53_bnd_dmin_fmax,1,PureTemp 53,boundary,0,0.02,22,0.05,sim_v1_uttarakhand,0.0,False,bounds_violation,,,,,,,,,,,,,,,,,,,,,,,,,,,,,,holdout
c1_PureTemp_53_bnd_dmax_fmin,1,PureTemp 53,boundary,0,0.08,22,0.01,sim_v1_uttarakhand,1.495408296585083,True,,0.04,0.11795633216678478,0.8820436678332152,1.6544910901276784e-05,2.7574851502127974e-10,15.568030585685188,0.39881139135955096,False,uttarakhand,1.0,PureTemp 53,7.45,1514.6027884575203,0.2782106635182955,,3921.110573654549,1.0769817835018375e-09,1588.3176101144236,75.07998145658932,40.99069946021656,41.13205650508641,0.0035116800240213232,5.4259912796721,59.64311835625943,52.4176728433453,0.0,0.0,0.0,8784.0,holdout
c1_PureTemp_53_bnd_dmax_fmax,1,PureTemp 53,boundary,0,0.08,22,0.05,sim_v1_uttarakhand,1.4771692752838135,True,,0.04,0.11795633216678478,0.8820436678332152,0.00028333669561690297,2.3611391301408582e-08,77.84015292842594,0.39881139135955096,False,uttarakhand,1.0,PureTemp 53,7.45,1514.807937164697,0.2782525364512357,,3920.8830995262915,9.222019157544795e-08,1588.49963985894,75.05836805043435,41.2555332145291,41.396917947074996,0.003598068776283877,5.4259912796721,59.57557059393193,52.474777398974865,0.0,0.0,0.0,8784.0,train
c1_PureTemp_53_bnd_nmin,1,PureTemp 53,boundary,0,0.05,8,0.030000000000000002,sim_v1_uttarakhand,1.97792387008667,True,,0.025,0.010471975511965978,0.989528024488034,2.988850618139812e-06,1.4944253090699062e-10,29.19005734815973,3.149765528504569,True,uttarakhand,1.0,PureTemp 53,7.45,1525.927947297403,0.28052190174518077,,3908.5548039976447,5.836353509125833e-10,1599.0913025881168,74.52786576556574,3.637906289154473,3.650456034483657,0.0026886813479178023,0.481710873550435,58.06110154890946,52.8717361891049,0.0,0.0,0.0,8784.0,train
c1_PureTemp_53_bnd_nmax,1,PureTemp 53,boundary,0,0.05,37,0.030000000000000002,sim_v1_uttarakhand,2.0251262187957764,True,,0.025,0.04843288674284265,0.9515671132571574,3.445149506227315e-05,1.7225747531136576e-09,29.19005734815973,0.6549042584154036,True,uttarakhand,1.0,PureTemp 53,7.45,1522.7234253397403,0.27986467931810377,,3912.1251557302094,6.727515698292156e-09,1596.0035981319156,74.6483110266889,17.05105865709434,17.109122336652025,0.003165139620367961,2.227912790170762,58.43632209858618,52.90229705501062,0.0,0.0,0.0,8784.0,train
c1_n_Hexacosane__C26__lhs_000,1,n-Hexacosane (C26),lhs,20262104,0.021553953106667387,27,0.033229626389147816,sim_v1_uttarakhand,0.0,False,bounds_violation,,,,,,,,,,,,,,,,,,,,,,,,,,,,,,train
c1_n_Hexacosane__C26__lhs_001,1,n-Hexacosane (C26),lhs,20262104,0.055381997828354734,21,0.03648634006736978,sim_v1_uttarakhand,1.9790003299713135,True,,0.027690998914177367,0.03735543236811375,0.9626445676318862,1.7872356974951637e-05,1.086828157322523e-09,39.3226347231687,0.9514578554233555,True,uttarakhand,1.0,n-Hexacosane (C26),7.45,1522.991572955226,0.2799045259450136,,3911.9086894813977,4.2446073684166054e-09,1596.2601332086797,74.63122335047531,10.123471536139823,10.161490922118377,0.0031596600174654483,1.4381841461723794,58.61357027795867,55.74902031992885,0.0,0.0,0.0,8784.0,train
c1_n_Hexacosane__C26__lhs_002,1,n-Hexacosane (C26),lhs,20262104,0.0626896110696151,30,0.01753092217198662,sim_v1_uttarakhand,1.9618983268737793,True,,0.03134480553480755,0.07739922267567806,0.9226007773243219,2.3390119497163288e-05,6.834172741637274e-10,21.386712256378654,0.4981745458033833,True,uttarakhand,1.0,n-Hexacosane (C26),7.45,1518.7097138074205,0.27899405136733846,,3916.8548300145453,2.6694563485971253e-09,1592.1371779802394,74.79058545484453,21.214247529998037,21.293047103816715,0.0039017163670548288,2.9798700730136054,59.359716941431614,55.75449684199554,0.0,0.0,0.0,8784.0,train
c1_n_Hexacosane__C26__lhs_003,1,n-Hexacosane (C26),lhs,20262104,0.02827398414043482,14,0.0401011477589341,sim_v1_uttarakhand,0.0,False,bounds_violation,,,,,,,,,,,,,,,,,,,,,,,,,,,,,,train
c1_n_Hexacosane__C26__lhs_004,1,n-Hexacosane (C26),lhs,20262104,0.04413228002048064,23,0.02106410308579929,sim_v1_uttarakhand,1.9671669006347656,True,,0.02206614001024032,0.020702631379479346,0.9792973686205206,3.2257213535343598e-06,1.1324487852818628e-10,18.090185732373232,1.3917272931182187,True,uttarakhand,1.0,n-Hexacosane (C26),7.45,1524.7197109733756,0.28026838053212444,,3909.932054476304,4.422731545550201e-10,1597.9252405913069,74.56852111684918,5.594789787860121,5.615858496381267,0.0028868399157990915,0.797051308109955,58.300989057194634,55.79929366364806,0.0,0.0,0.0,8784.0,train
c1_n_Hexacosane__C26__lhs_005,1,n-Hexacosane (C26),lhs,20262104,0.07490248145282047,35,0.04950942696383504,sim_v1_uttarakhand,1.447948694229126,True,,0.037451240726410234,0.15402289408550418,0.8459771059144958,0.0006472659109253093,5.340960723856127e-08,72.16519585226165,0.27426998157860183,False,uttarakhand,1.0,n-Hexacosane (C26),7.45,1509.0257260879478,0.2769488363233029,,3927.9654324150397,2.0866688468064246e-07,1582.8855303193811,75.22235592953311,43.265303366066426,43.42220370855479,0.0052861044405818295,5.929881422291912,60.69408731561214,55.808056556891096,0.0,0.0,0.0,8784.0,train
c1_n_Hexacosane__C26__lhs_006,1,n-Hexacosane (C26),lhs,20262104,0.06762905091852851,17,0.011797761639009205,sim_v1_uttarakhand,1.4291746616363525,True,,0.03381452545926426,0.05506522492990896,0.944934775070091,3.478983612666368e-06,6.84070323470949e-11,15.52660838828053,0.7736890460267375,True,uttarakhand,1.0,n-Hexacosane (C26),7.45,1519.8933011484226,0.27930245626670913,,3915.1794246701215,2.6716366483139973e-10,1593.353597864167,74.81703191985487,14.90825184783115,14.96428848670519,0.003138748944342299,2.120011159801495,58.895429767155235,55.67402070371784,0.0,0.0,0.0,8784.0,train
c1_n_Hexacosane__C26__lhs_007,1,n-Hexacosane (C26),lhs,20262104,0.04021431770052081,9,0.028421181525171924,sim_v1_uttarakhand,2.411825656890869,True,,0.020107158850260404,0.006129333345765192,0.9938706666542348,1.5600990648842872e-06,7.389976453387882e-11,22.241625413922414,4.347164526973794,True,uttarakhand,1.0,n-Hexacosane (C26),7.45,1526.5906449448137,0.2806442833070508,,3907.88996785777,2.886134776154984e-10,1599.7043543324962,74.4788094032638,1.6504483536527643,1.6566855370210976,0.002751398296298749,0.2359793338119599,58.06989937779764,55.82001544052573,0.0,0.0,0.0,8784.0,train
c1_n_Hexacosane__C26__bnd_dmin_fmin,1,n-Hexacosane (C26),boundary,0,0.02,22,0.01,sim_v1_uttarakhand,0.0,False,bounds_violation,,,,,,,,,,,,,,,,,,,,,,,,,,,,,,holdout
c1_n_Hexacosane__C26__bnd_dmin_fmax,1,n-Hexacosane (C26),boundary,0,0.02,22,0.05,sim_v1_uttarakhand,0.0,False,bounds_violation,,,,,,,,,,,,,,,,,,,,,,,,,,,,,,train
c1_n_Hexacosane__C26__bnd_dmax_fmin,1,n-Hexacosane (C26),boundary,0,0.08,22,0.01,sim_v1_uttarakhand,1.376955270767212,True,,0.04,0.11795633216678478,0.8820436678332152,1.6544910901276784e-05,2.7574851502127974e-10,15.568030585685188,0.39881139135955096,False,uttarakhand,1.0,n-Hexacosane (C26),7.45,1512.8609162053654,0.27779830106536485,,3923.3507269688753,1.0771426368023526e-09,1586.5958893439404,75.09195526691842,32.46512669869235,32.58521562956254,0.004286304350757641,4.541318788421214,60.12952923727394,55.69696504323993,0.0,0.0,0.0,8784.0,holdout
c1_n_Hexacosane__C26__bnd_dmax_fmax,1,n-Hexacosane (C26),boundary,0,0.08,22,0.05,sim_v1_uttarakhand,1.3775947093963623,True,,0.04,0.11795633216678478,0.8820436678332152,0.00028333669561690297,2.3611391301408582e-08,77.84015292842594,0.39881139135955096,False,uttarakhand,1.0,n-Hexacosane (C26),7.45,1512.9855482687472,0.277820735244771,,3923.228853599964,9.223396488703463e-08,1586.7066779566715,75.07906509463689,32.584393709005745,32.70449793960572,0.004342097508519448,4.541318788421214,60.10020941735433,55.72851336975718,0.0,0.0,0.0,8784.0,holdout
c1_n_Hexacosane__C26__bnd_nmin,1,n-Hexacosane (C26),boundary,0,0.05,8,0.030000000000000002,sim_v1_uttarakhand,1.848680019378662,True,,0.025,0.010471975511965978,0.989528024488034,2.988850618139812e-06,1.4944253090699062e-10,29.19005734815973,3.149765528504569,True,uttarakhand,1.0,n-Hexacosane (C26),7.45,1525.745212061314,0.28048361612276784,,3908.762790111147,5.8364157768473e-10,1598.914988905665,74.53302924469584,2.813996798602667,2.824652198307869,0.0027245597400718468,0.4031710572106902,58.12487917041529,55.7284477790779,0.0,0.0,0.0,8784.0,train
c1_n_Hexacosane__C26__bnd_nmax,1,n-Hexacosane (C26),boundary,0,0.05,37,0.030000000000000002,sim_v1_uttarakhand,1.8904809951782227,True,,0.025,0.04843288674284265,0.9515671132571574,3.445149506227315e-05,1.7225747531136576e-09,29.19005734815973,0.6549042584154036,True,uttarakhand,1.0,n-Hexacosane (C26),7.45,1521.866894421913,0.2796656284638317,,3913.2064967391884,6.727659246188249e-09,1595.1740380758063,74.66998544597976,13.206123162516356,13.255425583477763,0.003365708574255381,1.864666139599442,58.7878013539865,55.81468111985371,0.0,0.0,0.0,8784.0,train
c1_Myristic_acid__C14__lhs_000,1,Myristic acid (C14),lhs,20262032,0.04424122836082742,27,0.04960623654534482,sim_v1_uttarakhand,2.3767740726470947,True,,0.02212061418041371,0.02448352313557561,0.9755164768644244,2.04469012751233e-05,1.6904897021217984e-09,42.707794635091844,1.1751589557794866,True,uttarakhand,1.0,Myristic acid (C14),7.45,1524.7286489967505,0.28026408726561747,,3909.955377587142,6.602254489675789e-09,1597.91085073295,74.54478614029915,6.793610221159913,6.816364309532291,0.0030505481867352624,1.2119343952109927,58.21332584329676,53.46944981764416,0.0,0.0,0.0,8784.0,train
c1_Myristic_acid__C14__lhs_001,1,Myristic acid (C14),lhs,20262032,0.0417884376657653,31,0.04331362010359185,sim_v1_uttarakhand,2.3670904636383057,True,,0.02089421883288265,0.023689653885126536,0.9763103461148734,1.5224857565448361e-05,1.0990728278685444e-09,35.22283487855007,1.1481378956653105,True,uttarakhand,1.0,Myristic acid (C14),7.45,1524.8141268133884,0.2802827432850449,,3909.854029019988,4.292489988845469e-09,1597.993004070172,74.5415571255328,6.594619439611665,6.61663596198977,0.003038067098595699,1.1726378673137636,58.18159777103114,53.60558901404606,0.0,0.0,0.0,8784.0,train
c1_Myristic_acid__C14__lhs_002,1,Myristic acid (C14),lhs,20262032,0.0556874763844724,11,0.019695322815938828,sim_v1_uttarakhand,1.9028568267822266,True,,0.0278437381922362,0.01989270831964197,0.980107291680358,2.623155778852768e-06,8.610649976833452e-11,21.343435691194344,1.8291359420981879,True,uttarakhand,1.0,Myristic acid (C14),7.45,1524.772300921255,0.2802817630430926,,3909.8593541708174,3.362889348453463e-10,1597.9790729438334,74.56793722294164,5.407012845088887,5.425495706873914,0.0028690806004349582,0.9846890618222777,58.234346276129656,52.842926318929415,0.0,0.0,0.0,8784.0,train
c1_Myristic_acid__C14__lhs_003,1,Myristic acid (C14),lhs,20262032,0.06021875187582165,34,0.033683967789776344,sim_v1_uttarakhand,1.841008186340332,True,,0.030109375937910826,0.07775042732000848,0.9222495726799915,7.761731653251576e-05,4.357431983350227e-09,39.47286801156357,0.4761964669014495,True,uttarakhand,1.0,Myristic acid (C14),7.45,1518.6811955935102,0.2790119320221581,,3916.757693604884,1.7020492446266525e-08,1592.1155499542554,74.79101847177462,21.67744259089219,21.749730021266725,0.003932355258688097,3.8486461523404194,59.01250381992977,52.86125041375281,0.0,0.0,0.0,8784.0,train
c1_Myristic_acid__C14__lhs_004,1,Myristic acid (C14),lhs,20262032,0.028643711873688117,15,0.011768888569403172,sim_v1_uttarakhand,0.0,False,bounds_violation,,,,,,,,,,,,,,,,,,,,,,,,,,,,,,holdout
c1_Myristic_acid__C14__lhs_005,1,Myristic acid (C14),lhs,20262032,0.07737950596428224,24,0.028546233776760375,sim_v1_uttarakhand,1.391310453414917,True,,0.03868975298214112,0.11644416138577685,0.8835558386142232,9.903762336473717e-05,4.711918582107555e-09,42.985151314317946,0.3914271783155096,False,uttarakhand,1.0,Myristic acid (C14),7.45,1513.1151713267893,0.27786900663850755,,3922.966619922049,1.840632462125921e-08,1586.8421162444388,75.07475278280221,32.45602254362426,32.564290198711376,0.004324367940509799,5.763985988595954,59.77814292666863,52.61961644210166,0.0,0.0,0.0,8784.0,train
c1_Myristic_acid__C14__lhs_006,1,Myristic acid (C14),lhs,20262032,0.02229060754964327,16,0.021415607037936917,sim_v1_uttarakhand,0.0,False,bounds_violation,,,,,,,,,,,,,,,,,,,,,,,,,,,,,,train
c1_Myristic_acid__C14__lhs_007,1,Myristic acid (C14),lhs,20262032,0.0679625042477886,22,0.03723303826310129,sim_v1_uttarakhand,1.3845555782318115,True,,0.0339812521238943,0.07232016665493593,0.9276798333450641,8.303542369389522e-05,5.152768512646046e-09,49.242663885334096,0.5811882312635563,True,uttarakhand,1.0,Myristic acid (C14),7.45,1518.0739717154352,0.2789233864087004,,3917.2387164236366,2.012499622088747e-08,1591.6042885136874,74.88097819020699,19.928793096247645,19.99601265099042,0.003463231604412865,3.579848249419329,58.99461497056604,52.70768805154593,0.0,0.0,0.0,8784.0,holdout
c1_Myristic_acid__C14__bnd_dmin_fmin,1,Myristic acid (C14),boundary,0,0.02,22,0.01,sim_v1_uttarakhand,0.0,False,bounds_violation,,,,,,,,,,,,,,,,,,,,,,,,,,,,,,train
c1_Myristic_acid__C14__bnd_dmin_fmax,1,Myristic acid (C14),boundary,0,0.02,22,0.05,sim_v1_uttarakhand,0.0,False,bounds_violation,,,,,,,,,,,,,,,,,,,,,,,,,,,,,,train
c1_Myristic_acid__C14__bnd_dmax_fmin,1,Myristic acid (C14),boundary,0,0.08,22,0.01,sim_v1_uttarakhand,1.4008350372314453,True,,0.04,0.11795633216678478,0.8820436678332152,1.6544910901276784e-05,2.7574851502127974e-10,15.568030585685188,0.39881139135955096,False,uttarakhand,1.0,Myristic acid (C14),7.45,1512.805198139101,0.27780026422361725,,3923.3400621388587,1.077165615845158e-09,1586.553552707874,75.09507688176782,32.67063800759367,32.78029658122504,0.00429647472816312,5.838838442255847,59.90688354393939,52.53724032753249,0.0,0.0,0.0,8784.0,train
c1_Myristic_acid__C14__bnd_dmax_fmax,1,Myristic acid (C14),boundary,0,0.08,22,0.05,sim_v1_uttarakhand,1.3975181579589844,True,,0.04,0.11795633216678478,0.8820436678332152,0.00028333669561690297,2.3611391301408582e-08,77.84015292842594,0.39881139135955096,False,uttarakhand,1.0,Myristic acid (C14),7.45,1512.9304014399274,0.27782922455576575,,3923.182735535562,9.223396488704171e-08,1586.6654789849156,75.08274691851518,32.874513246006735,32.98418691957952,0.0043519114888241625,5.838838442255847,59.8143202123406,52.61107536425287,0.0,0.0,0.0,8784.0,train
c1_Myristic_acid__C14__bnd_nmin,1,Myristic acid (C14),boundary,0,0.05,8,0.030000000000000002,sim_v1_uttarakhand,1.9112658500671387,True,,0.025,0.010471975511965978,0.989528024488034,2.988850618139812e-06,1.4944253090699062e-10,29.19005734815973,3.149765528504569,True,uttarakhand,1.0,Myristic acid (C14),7.45,1525.7439931071501,0.28048322996581443,,3908.7648879034477,5.836415776847031e-10,1598.9143365384894,74.53268182462999,2.8539282449782686,2.8636576921161483,0.0027252277837507785,0.5183627878423159,58.084988351305135,53.03898038226749,0.0,0.0,0.0,8784.0,train
c1_Myristic_acid__C14__bnd_nmax,1,Myristic acid (C14),boundary,0,0.05,37,0.030000000000000002,sim_v1_uttarakhand,1.8806660175323486,True,,0.025,0.04843288674284265,0.9515671132571574,3.445149506227315e-05,1.7225747531136576e-09,29.19005734815973,0.6549042584154036,True,uttarakhand,1.0,Myristic acid (C14),7.45,1521.848611271865,0.279678991660841,,3913.1339013565157,6.727659246188249e-09,1595.1617713486796,74.6717856239106,13.45713605856482,13.50215589676832,0.0033695457143214473,2.397427893770711,58.51625797548855,53.11271020615344,0.0,0.0,0.0,8784.0,holdout
c2_baseline_noPCM,2,NONE_plain_tank,baseline,0,0.08,8,0.030000000000000002,sim_v1_uttarakhand,0.7864668369293213,True,,0.04,0.04289321169701264,0.9571067883029873,1.3858140714189671e-05,6.929070357094836e-10,46.70409175705556,1.1900646595720985,True,uttarakhand,2.0,,17.01,1625.090299253038,0.3738645816639302,,2637.239973879642,2.735308265715034e-09,1696.618045154347,72.32048290963805,0.0,0.0,0.0018266167598147954,0.0,70.20082004224986,70.20082004224986,0.0,0.0,0.0,8784.0,train
c2_RT42_lhs_000,2,RT42,lhs,20263607,0.07993448993022746,12,0.011104714099858554,sim_v1_uttarakhand,2.132920265197754,True,,0.03996724496511373,0.06418188796824781,0.9358181120317521,3.7152250261739085e-06,6.876085288716795e-11,17.273696269587862,0.777001589500699,True,uttarakhand,2.0,RT42,17.01,1622.9487735789708,0.3742118313031083,,2635.7773819186423,2.714353767949955e-10,1694.735765351301,72.56666457456286,43.493659656027354,43.521280572066665,0.0022039914465399116,2.824003070602904,69.90267621653416,69.28399477729192,166.0,0.0,158.0,8784.0,holdout
c2_RT42_lhs_001,2,RT42,lhs,20263607,0.03581297942125224,19,0.03473630991044952,sim_v1_uttarakhand,0.0,False,bounds_violation,,,,,,,,,,,,,,,,,,,,,,,,,,,,,,train
c2_RT42_lhs_002,2,RT42,lhs,20263607,0.0700242158232352,36,0.0434365288157339,sim_v1_uttarakhand,2.186434745788574,True,,0.0350121079116176,0.12944219856097794,0.8705578014390221,0.00038672841365885785,2.7996899806260063e-08,59.18982486627788,0.31396318486689884,False,uttarakhand,2.0,RT42,17.01,1622.007311897038,0.3751298796099184,,2631.9106246297697,1.1047110048553283e-07,1694.1408911267647,72.90411046129182,93.55510098942003,93.61096174924349,0.0028289014627753168,5.69545673668303,69.70828666930943,69.28346736132673,325.0,0.0,177.0,8784.0,train
c2_RT42_lhs_003,2,RT42,lhs,20263607,0.04481203979355663,11,0.023055361110132754,sim_v1_uttarakhand,2.383770227432251,True,,0.022406019896778314,0.010365862458228412,0.9896341375417715,1.781174752295427e-06,6.844271185737055e-11,20.10528950009729,2.8521520861573038,True,uttarakhand,2.0,RT42,17.01,1626.4536897649189,0.3741543233307656,,2636.0196016031346,2.701719014982332e-10,1697.9093063885546,72.24856984140585,8.14036109394749,8.144824227082363,0.001975201034705297,0.4560979481620501,70.30581227432592,70.13711118076239,697.0,0.0,221.0,8784.0,train
c2_RT42_lhs_004,2,RT42,lhs,20263607,0.025053046769796014,32,0.0465760634610932,sim_v1_uttarakhand,0.0,False,bounds_violation,,,,,,,,,,,,,,,,,,,,,,,,,,,,,,train
c2_RT42_lhs_005,2,RT42,lhs,20263607,0.06090831507767917,26,0.01972667183563948,sim_v1_uttarakhand,2.1848573684692383,True,,0.030454157538839587,0.061522180981704915,0.9384778190182951,2.094890684908519e-05,6.88753684545473e-10,23.38159290301592,0.619409149481417,True,uttarakhand,2.0,RT42,17.01,1624.2782788745512,0.3745832019516615,,2634.21319389987,2.7177455110210748e-09,1696.0808850573683,72.58352378096359,45.575589191078414,45.6020941107306,0.002216659786323216,2.7069759631950165,70.04788238521112,69.71593416597196,397.0,0.0,195.0,8784.0,train
c2_RT42_lhs_006,2,RT42,lhs,20263607,0.028729255227747053,18,0.03879584012638978,sim_v1_uttarakhand,0.0,False,bounds_violation,,,,,,,,,,,,,,,,,,,,,,,,,,,,,,train
c2_RT42_lhs_007,2,RT42,lhs,20263607,0.05061610800881142,27,0.028010758128735685,sim_v1_uttarakhand,2.4292373657226562,True,,0.02530805400440571,0.036665585686136606,0.9633344143138634,1.0678029972202373e-05,4.984995247379182e-10,27.590355780585835,0.8865759330999761,True,uttarakhand,2.0,RT42,17.01,1625.981839030188,0.3745023103955959,,2634.553903655233,1.9671899022851068e-09,1697.5886074054856,72.3948634090682,28.276804509933925,28.292601990746213,0.0021542307843874817,1.6132857701900107,70.2112497524231,69.98921251297239,654.0,0.0,210.0,8784.0,train
c2_RT42_bnd_dmin_fmin,2,RT42,boundary,0,0.02,22,0.01,sim_v1_uttarakhand,0.0,False,bounds_violation,,,,,,,,,,,,,,,,,,,,,,,,,,,,,,holdout
c2_RT42_bnd_dmin_fmax,2,RT42,boundary,0,0.02,22,0.05,sim_v1_uttarakhand,0.0,False,bounds_violation,,,,,,,,,,,,,,,,,,,,,,,,,,,,,,train
c2_RT42_bnd_dmax_fmin,2,RT42,boundary,0,0.08,22,0.01,sim_v1_uttarakhand,2.119283437728882,True,,0.04,0.11795633216678478,0.8820436678332152,1.6544910901276784e-05,2.7574851502127974e-10,15.568030585685188,0.39881139135955096,False,uttarakhand,2.0,RT42,17.01,1620.5693178070007,0.3744084057147975,,2634.949423810592,1.0883410903832732e-09,1692.6382011460178,72.83935063738636,79.9247700903274,79.97560793581698,0.002635343419156914,5.190078615338531,69.58784680870694,68.94403036378411,133.0,0.0,158.0,8784.0,train
c2_RT42_bnd_dmax_fmax,2,RT42,boundary,0,0.08,22,0.05,sim_v1_uttarakhand,2.105682134628296,True,,0.04,0.11795633216678478,0.8820436678332152,0.00028333669561690297,2.3611391301408582e-08,77.84015292842594,0.39881139135955096,False,uttarakhand,2.0,RT42,17.01,1621.2532572604916,0.37470674643287605,,2633.692832912662,9.318235577085602e-08,1693.3265345109903,72.84431092912367,82.0325070806202,82.08336333607906,0.0026617951308429578,5.190078615338531,69.62547099876292,69.1752099046444,155.0,0.0,165.0,8784.0,train
c2_RT42_bnd_nmin,2,RT42,boundary,0,0.05,8,0.030000000000000002,sim_v1_uttarakhand,2.406134843826294,True,,0.025,0.010471975511965978,0.989528024488034,2.988850618139812e-06,1.4944253090699062e-10,29.19005734815973,3.149765528504569,True,uttarakhand,2.0,RT42,17.01,1626.430816868947,0.3741543945086798,,2636.0193018065806,5.899202395733917e-10,1697.8860090027838,72.24811201005959,8.100742507681478,8.105250697833943,0.0019753731029753373,0.46076692252650303,70.3032874142542,70.0947004162744,692.0,0.0,214.0,8784.0,train
c2_RT42_bnd_nmax,2,RT42,boundary,0,0.05,37,0.030000000000000002,sim_v1_uttarakhand,2.447496175765991,True,,0.025,0.04843288674284265,0.9515671132571574,3.445149506227315e-05,1.7225747531136576e-09,29.19005734815973,0.6549042584154036,True,uttarakhand,2.0,RT42,17.01,1625.8082435125775,0.3746594915786089,,2633.891867158264,6.796992880001692e-09,1697.481330657637,72.45918235998934,37.44215075711268,37.46302657551359,0.0022450688833105924,2.1310470166850766,70.17311469640015,69.9584267658884,634.0,0.0,211.0,8784.0,holdout
c2_RT44HC_lhs_000,2,RT44HC,lhs,20262946,0.06826427954833293,30,0.027748268897334186,sim_v1_uttarakhand,2.099717855453491,True,,0.034132139774166466,0.09993794295151297,0.9000620570484871,7.636567492534409e-05,3.5316921372580975e-09,36.86150770375604,0.40986827130656117,True,uttarakhand,2.0,RT44HC,17.01,1623.3259989556577,0.3758859387845541,,2628.726154594092,1.393591001975068e-08,1695.3935192088338,72.84470016153152,78.22062843699251,78.26427564823078,0.002636379983434024,3.9975177180605193,68.91151625647888,68.65937282803873,244.0,0.0,147.0,8784.0,train
c2_RT44HC_lhs_001,2,RT44HC,lhs,20262946,0.055171959061206755,33,0.014943633261475093,sim_v1_uttarakhand,2.4663779735565186,True,,0.027585979530603377,0.05803604031179173,0.9419639596882082,1.2046997183129584e-05,3.0004317967785335e-10,16.0442084295974,0.5969853300563737,True,uttarakhand,2.0,RT44HC,17.01,1625.6063194412723,0.3754236464202466,,2630.6732987214937,1.1839745542722251e-09,1697.396917782008,72.57625904328607,47.78467900522536,47.81001070658102,0.002364147800921265,2.3214416124716695,69.60335136550411,69.39556971262908,519.0,0.0,165.0,8784.0,train
c2_RT44HC_lhs_002,2,RT44HC,lhs,20262946,0.03888389217735656,22,0.03871264986533002,sim_v1_uttarakhand,0.0,False,bounds_violation,,,,,,,,,,,,,,,,,,,,,,,,,,,,,,holdout
c2_RT44HC_lhs_003,2,RT44HC,lhs,20262946,0.06499375933800085,10,0.03245787818609917,sim_v1_uttarakhand,2.3367295265197754,True,,0.032496879669000424,0.028750380171440777,0.9712496198285592,1.0310139218850305e-05,5.577420714119449e-10,41.052108979231164,1.463752564240699,True,uttarakhand,2.0,RT44HC,17.01,1625.9610181739845,0.3746858247009204,,2633.7809538306306,2.201446687951402e-09,1697.5490116721987,72.37794372691579,22.98503926717548,22.99757471114667,0.0021110398881907756,1.150015206857631,69.9447779140084,69.72245829890724,403.0,0.0,162.0,8784.0,holdout
c2_RT44HC_lhs_004,2,RT44HC,lhs,20262946,0.07659369904833131,12,0.015030854974431188,sim_v1_uttarakhand,2.1866016387939453,True,,0.038296849524165656,0.05646625643639593,0.9435337435636041,5.397261719272071e-06,1.3520909693571272e-10,22.403734519975227,0.8532380712229465,True,uttarakhand,2.0,RT44HC,17.01,1623.8759005413247,0.3747454571891088,,2633.5297858292893,5.337153753039803e-10,1695.6597526323494,72.56652062334666,41.91477577646497,41.93939562790921,0.0022067606646728305,2.2586502574558374,69.44847464589002,69.04262339006917,285.0,0.0,133.0,8784.0,train
c2_RT44HC_lhs_005,2,RT44HC,lhs,20262946,0.04739653244282445,24,0.024078548593479916,sim_v1_uttarakhand,2.4215915203094482,True,,0.023698266221412224,0.026759596990213016,0.973240403009787,5.552356725501076e-06,2.2282115203885451e-10,22.208568380561037,1.1492006737568259,True,uttarakhand,2.0,RT44HC,17.01,1626.2530179180221,0.37470527737506976,,2633.699020484643,8.794317607628821e-10,1697.8508216297537,72.38818543395166,23.021521309166154,23.033192657848613,0.002100098684951537,1.0703838796085208,70.03356031862691,69.8916528743344,829.0,0.0,182.0,8784.0,train
c2_RT44HC_lhs_006,2,RT44HC,lhs,20262946,0.028748276457801043,18,0.044941011141293535,sim_v1_uttarakhand,0.0,False,bounds_violation,,,,,,,,,,,,,,,,,,,,,,,,,,,,,,train
c2_RT44HC_lhs_007,2,RT44HC,lhs,20262946,0.021825048997434107,34,0.049957263932290906,sim_v1_uttarakhand,0.0,False,bounds_violation,,,,,,,,,,,,,,,,,,,,,,,,,,,,,,train
c2_RT44HC_bnd_dmin_fmin,2,RT44HC,boundary,0,0.02,22,0.01,sim_v1_uttarakhand,0.0,False,bounds_violation,,,,,,,,,,,,,,,,,,,,,,,,,,,,,,train
c2_RT44HC_bnd_dmin_fmax,2,RT44HC,boundary,0,0.02,22,0.05,sim_v1_uttarakhand,0.0,False,bounds_violation,,,,,,,,,,,,,,,,,,,,,,,,,,,,,,train
c2_RT44HC_bnd_dmax_fmin,2,RT44HC,boundary,0,0.08,22,0.01,sim_v1_uttarakhand,2.165377378463745,True,,0.04,0.11795633216678478,0.8820436678332152,1.6544910901276784e-05,2.7574851502127974e-10,15.568030585685188,0.39881139135955096,False,uttarakhand,2.0,RT44HC,17.01,1621.1940646735998,0.37529371870411465,,2631.220545461837,1.0885823703337742e-09,1693.2958820362958,72.87628354148715,84.96016123386973,85.01167238077235,0.0028048511597400507,4.718253286671391,68.40494501367138,67.9015395485352,174.0,0.0,113.0,8784.0,train
c2_RT44HC_bnd_dmax_fmax,2,RT44HC,boundary,0,0.08,22,0.05,sim_v1_uttarakhand,2.1546380519866943,True,,0.04,0.11795633216678478,0.8820436678332152,0.00028333669561690297,2.3611391301408582e-08,77.84015292842594,0.39881139135955096,False,uttarakhand,2.0,RT44HC,17.01,1621.9865001233065,0.37574262531196645,,2629.3297812340097,9.318957036265803e-08,1694.1181660134607,72.90659669923089,88.2769893802641,88.32851476356709,0.0028267308552788668,4.718253286671391,68.51111570686098,68.18443964250153,209.0,0.0,133.0,8784.0,holdout
c2_RT44HC_bnd_nmin,2,RT44HC,boundary,0,0.05,8,0.030000000000000002,sim_v1_uttarakhand,2.3545799255371094,True,,0.025,0.010471975511965978,0.989528024488034,2.988850618139812e-06,1.4944253090699062e-10,29.19005734815973,3.149765528504569,True,uttarakhand,2.0,RT44HC,17.01,1626.4375053230544,0.3742856891738765,,2635.46629756936,5.89924390754665e-10,1697.9133862733888,72.26898397345417,8.949726707314552,8.954291573886062,0.0019810051198581053,0.4188790204786391,70.21452629377063,70.07827734288419,675.0,0.0,182.0,8784.0,train
c2_RT44HC_bnd_nmax,2,RT44HC,boundary,0,0.05,37,0.030000000000000002,sim_v1_uttarakhand,2.4037914276123047,True,,0.025,0.04843288674284265,0.9515671132571574,3.445149506227315e-05,1.7225747531136576e-09,29.19005734815973,0.6549042584154036,True,uttarakhand,2.0,RT44HC,17.01,1625.9431330860698,0.37526568422744333,,2631.3386247788017,6.797279975793763e-09,1697.6912311175724,72.53518669195702,41.2720638020665,41.29320146999435,0.0022801879429011733,1.937315469713706,69.76005337312432,69.62462720838823,566.0,0.0,175.0,8784.0,train
c2_savE__OM42_lhs_000,2,savE® OM42,lhs,20263714,0.058292723286637066,14,0.022479463538266527,sim_v1_uttarakhand,1.9639737606048584,True,,0.029146361643318533,0.029040205709270097,0.9709597942907299,5.203192297473789e-06,1.9494161922275212e-10,25.500222912560954,1.2993454931111112,True,uttarakhand,2.0,savE® OM42,17.01,1624.9417732718655,0.37449404660786434,,2634.5887101694525,7.695861923301322e-10,1696.5899212842485,72.44188629199779,23.281248377965966,23.302062766120745,0.001928277659225487,1.311165287773545,69.74037380343829,69.29649046438547,172.0,0.0,135.0,8784.0,holdout
c2_savE__OM42_lhs_001,2,savE® OM42,lhs,20263714,0.0686169701278007,28,0.03434950570341762,sim_v1_uttarakhand,2.002110719680786,True,,0.03430848506390035,0.0947286310462503,0.9052713689537497,0.00010409855933265247,5.9595567625241715e-09,45.86651238298194,0.43715736762995977,True,uttarakhand,2.0,savE® OM42,17.01,1622.6711127247372,0.37521267566238303,,2631.5618932645652,2.3529654444395063e-08,1694.6222109212038,72.74658501422329,71.16093087885899,71.22884718405231,0.002152332534712616,4.2769976917382015,68.43492008407745,67.69246268225143,79.0,0.0,98.0,8784.0,train
c2_savE__OM42_lhs_002,2,savE® OM42,lhs,20263714,0.07508377868438763,17,0.03600529543378691,sim_v1_uttarakhand,1.9974398612976074,True,,0.03754188934219382,0.07535566418752149,0.9246443358124785,8.115595479081303e-05,4.870073547423796e-09,52.60853267126602,0.6142054608233266,True,uttarakhand,2.0,savE® OM42,17.01,1622.650042053533,0.37460768582325255,,2634.110069491021,1.9232123358562602e-08,1694.4926983195214,72.6368125190405,54.22123687439742,54.27521826448346,0.002051908040277122,3.4023082380665954,68.92534264515068,67.63661395707453,62.0,0.0,92.0,8784.0,holdout
c2_savE__OM42_lhs_003,2,savE® OM42,lhs,20263714,0.04709420417908771,37,0.026125613267652614,sim_v1_uttarakhand,1.9803972244262695,True,,0.023547102089543855,0.040469955715801566,0.9595300442841984,2.141697182723518e-05,9.325525388709297e-10,23.94294926867209,0.7443926080015492,True,uttarakhand,2.0,savE® OM42,17.01,1625.1330564218708,0.3748924451915384,,2632.910682318553,3.681030961176848e-09,1696.8525270625855,72.51401849344852,34.50870827685256,34.53773867120305,0.0019859479981264782,1.8272185005684407,69.62799923289363,69.31888315393459,357.0,0.0,153.0,8784.0,train
c2_savE__OM42_lhs_004,2,savE® OM42,lhs,20263714,0.03173457344584113,25,0.016026624324526468,sim_v1_uttarakhand,0.0,False,bounds_violation,,,,,,,,,,,,,,,,,,,,,,,,,,,,,,train
c2_savE__OM42_lhs_005,2,savE® OM42,lhs,20263714,0.02238734471401965,19,0.04584978315723928,sim_v1_uttarakhand,0.0,False,bounds_violation,,,,,,,,,,,,,,,,,,,,,,,,,,,,,,train
c2_savE__OM42_lhs_006,2,savE® OM42,lhs,20263714,0.037551404764413876,32,0.013009755219004156,sim_v1_uttarakhand,0.0,False,bounds_violation,,,,,,,,,,,,,,,,,,,,,,,,,,,,,,train
c2_savE__OM42_lhs_007,2,savE® OM42,lhs,20263714,0.05504477182115004,12,0.043032064839954365,sim_v1_uttarakhand,1.9809536933898926,True,,0.02752238591057502,0.020958398384839153,0.9790416016151609,1.2742312910165699e-05,9.138800589353966e-10,46.09480165952158,1.7142251863196913,True,uttarakhand,2.0,savE® OM42,17.01,1625.2260938853392,0.3743256210772927,,2635.298107096759,3.6078842376633347e-09,1696.828653077675,72.39608433865882,17.270364661375897,17.28538811861536,0.001901910205318439,0.9462716870754878,69.9338803530932,69.51112742431796,387.0,0.0,142.0,8784.0,train
c2_savE__OM42_bnd_dmin_fmin,2,savE® OM42,boundary,0,0.02,22,0.01,sim_v1_uttarakhand,0.0,False,bounds_violation,,,,,,,,,,,,,,,,,,,,,,,,,,,,,,holdout
c2_savE__OM42_bnd_dmin_fmax,2,savE® OM42,boundary,0,0.02,22,0.05,sim_v1_uttarakhand,0.0,False,bounds_violation,,,,,,,,,,,,,,,,,,,,,,,,,,,,,,train
c2_savE__OM42_bnd_dmax_fmin,2,savE® OM42,boundary,0,0.08,22,0.01,sim_v1_uttarakhand,2.0700042247772217,True,,0.04,0.11795633216678478,0.8820436678332152,1.6544910901276784e-05,2.7574851502127974e-10,15.568030585685188,0.39881139135955096,False,uttarakhand,2.0,savE® OM42,17.01,1619.3781930316677,0.37416976488136156,,2635.9545628378805,1.0892525924190762e-09,1691.4445635659054,72.85987211035825,79.55070496996673,79.63515654891431,0.002127591228495966,5.325728397330333,68.93535634957718,66.09022229195554,11.0,0.0,79.0,8784.0,train
c2_savE__OM42_bnd_dmax_fmax,2,savE® OM42,boundary,0,0.08,22,0.05,sim_v1_uttarakhand,2.0395307540893555,True,,0.04,0.11795633216678478,0.8820436678332152,0.00028333669561690297,2.3611391301408582e-08,77.84015292842594,0.39881139135955096,False,uttarakhand,2.0,savE® OM42,17.01,1620.2434512713219,0.3746204715849545,,2634.056216728712,9.326401183249287e-08,1692.300313124803,72.85123773008304,82.3233595699016,82.40785796212877,0.0021627252169921255,5.325728397330333,68.29066063368472,66.694574242508,24.0,0.0,86.0,8784.0,train
c2_savE__OM42_bnd_nmin,2,savE® OM42,boundary,0,0.05,8,0.030000000000000002,sim_v1_uttarakhand,1.9710097312927246,True,,0.025,0.010471975511965978,0.989528024488034,2.988850618139812e-06,1.4944253090699062e-10,29.19005734815973,3.149765528504569,True,uttarakhand,2.0,savE® OM42,17.01,1625.4193016032402,0.3741023223111061,,2636.2386263759113,5.899638269784691e-10,1696.964294124949,72.33814686259393,8.843671880731492,8.8511786539924,0.0018645954657696322,0.47280969436526393,70.12660546818564,69.77201302062007,423.0,0.0,152.0,8784.0,train
c2_savE__OM42_bnd_nmax,2,savE® OM42,boundary,0,0.05,37,0.030000000000000002,sim_v1_uttarakhand,1.9812583923339844,True,,0.025,0.04843288674284265,0.9515671132571574,3.445149506227315e-05,1.7225747531136576e-09,29.19005734815973,0.6549042584154036,True,uttarakhand,2.0,savE® OM42,17.01,1624.9662418336702,0.3750463933994399,,2632.2622628937843,6.7991460984422175e-09,1696.7259146673553,72.5545314419923,40.710088236357336,40.74483108290692,0.0020167943432125718,2.186744836439346,69.48048387612383,69.13555774561448,331.0,0.0,147.0,8784.0,train
c3_baseline_noPCM,3,NONE_plain_tank,baseline,0,0.08,8,0.030000000000000002,sim_v1_uttarakhand,0.8349852561950684,True,,0.04,0.04289321169701264,0.9571067883029873,1.3858140714189671e-05,6.929070357094836e-10,46.70409175705556,1.1900646595720985,True,uttarakhand,3.0,,21.82,1563.3331147129009,0.40761212401813296,,2131.3079928387638,2.7101326434176793e-09,1628.8887186748195,66.05987920967911,0.0,0.0,0.001242615816834864,0.0,72.96682338906695,72.96682338906695,0.0,0.0,0.0,8784.0,train
c3_RT44HC_lhs_000,3,RT44HC,lhs,20263946,0.02707485361440154,36,0.03744240983901809,sim_v1_uttarakhand,0.0,False,bounds_violation,,,,,,,,,,,,,,,,,,,,,,,,,,,,,,holdout
c3_RT44HC_lhs_001,3,RT44HC,lhs,20263946,0.051227685925690304,19,0.030880075551441316,sim_v1_uttarakhand,2.458022117614746,True,,0.025613842962845152,0.026748315282882767,0.9732516847171172,8.850122269640486e-06,4.5548740720998575e-10,30.784122715828154,1.242631074245462,True,uttarakhand,3.0,RT44HC,21.82,1565.8028798810983,0.40938000294474997,,2124.947473592105,1.781480837958641e-09,1631.2528896658528,65.9598992327076,25.197494145650467,25.206319837155192,0.0017372863717833866,1.0699326113153107,72.80620453384641,72.67581648002056,1506.0,0.0,224.0,8784.0,holdout
c3_RT44HC_lhs_002,3,RT44HC,lhs,20263946,0.02857287666977134,23,0.015499118833046152,sim_v1_uttarakhand,0.0,False,bounds_violation,,,,,,,,,,,,,,,,,,,,,,,,,,,,,,train
c3_RT44HC_lhs_003,3,RT44HC,lhs,20263946,0.06342170552756168,30,0.04101367577395992,sim_v1_uttarakhand,2.4070420265197754,True,,0.03171085276378084,0.08014263606092993,0.91985736393907,0.00011587415362438063,7.920708278887283e-09,50.61861987403013,0.48529243800390715,True,uttarakhand,3.0,RT44HC,21.82,1566.7697810563322,0.41225175188633356,,2114.615423054307,3.098801098381996e-08,1632.2125170557854,65.95899410522536,72.23183362873131,72.258322161301,0.002532137763302748,3.2057054424371976,72.12348402130505,71.94965651506541,780.0,0.0,201.0,8784.0,train
c3_RT44HC_lhs_004,3,RT44HC,lhs,20263946,0.04781647377734089,14,0.027878123134836598,sim_v1_uttarakhand,2.5771450996398926,True,,0.023908236888670446,0.016028367502223504,0.9839716324977765,4.11496438985565e-06,1.9119580659310594e-10,25.940883727775557,1.9569492965706126,True,uttarakhand,3.0,RT44HC,21.82,1565.4733240789226,0.4087255528249949,,2127.3020706858356,7.477415723615409e-10,1630.922509531417,65.95822215852837,15.267605822843992,15.27289258810218,0.0016057689154605028,0.6411347000889402,72.93739694350421,72.81192632543653,2063.0,0.0,228.0,8784.0,holdout
c3_RT44HC_lhs_005,3,RT44HC,lhs,20263946,0.06523308767873923,16,0.04677260283431133,sim_v1_uttarakhand,2.4199705123901367,True,,0.03261654383936961,0.04651064979786881,0.9534893502021312,3.684646910209696e-05,2.872342108598509e-09,59.37493718097119,0.8915385279542264,True,uttarakhand,3.0,RT44HC,21.82,1565.8432525873275,0.4103710839962028,,2121.38173726941,1.1235006583240445e-08,1631.2865067530888,65.95490692950791,42.08097624723066,42.09632806598441,0.001995200241058025,1.8604259919147523,72.52707981123217,72.3407903534449,886.0,0.0,205.0,8784.0,train
c3_RT44HC_lhs_006,3,RT44HC,lhs,20263946,0.03562538304586901,10,0.013601039138462528,sim_v1_uttarakhand,0.0,False,bounds_violation,,,,,,,,,,,,,,,,,,,,,,,,,,,,,,train
c3_RT44HC_lhs_007,3,RT44HC,lhs,20263946,0.07733479659613438,31,0.020024477315459685,sim_v1_uttarakhand,2.2844319343566895,True,,0.03866739829806719,0.1501464798089978,0.8498535201910022,0.00012267485338227546,4.094166364551197e-09,30.135598813241714,0.29181835944066925,False,uttarakhand,3.0,RT44HC,21.82,1564.487516359538,0.4143491776802829,,2107.0692518035517,1.602468087767591e-08,1630.0984771076248,66.13352410996897,126.94157724128712,126.99127621638331,0.003509716303892377,6.005859192359913,71.06857687933888,70.77512832979735,388.0,0.0,183.0,8784.0,train
c3_RT44HC_bnd_dmin_fmin,3,RT44HC,boundary,0,0.02,22,0.01,sim_v1_uttarakhand,0.0,False,bounds_violation,,,,,,,,,,,,,,,,,,,,,,,,,,,,,,train
c3_RT44HC_bnd_dmin_fmax,3,RT44HC,boundary,0,0.02,22,0.05,sim_v1_uttarakhand,0.0,False,bounds_violation,,,,,,,,,,,,,,,,,,,,,,,,,,,,,,train
c3_RT44HC_bnd_dmax_fmin,3,RT44HC,boundary,0,0.08,22,0.01,sim_v1_uttarakhand,2.2814457416534424,True,,0.04,0.11795633216678478,0.8820436678332152,1.6544910901276784e-05,2.7574851502127974e-10,15.568030585685188,0.39881139135955096,False,uttarakhand,3.0,RT44HC,21.82,1563.0717797538712,0.41232532784098974,,2114.3507096349454,1.0790728764059615e-09,1628.7069405028965,66.15037406360752,98.25352342222176,98.29250790037054,0.002811878523347908,4.718253286671391,71.45774382719499,71.0633321607727,429.0,0.0,181.0,8784.0,train
c3_RT44HC_bnd_dmax_fmax,3,RT44HC,boundary,0,0.08,22,0.05,sim_v1_uttarakhand,2.2429556846618652,True,,0.04,0.11795633216678478,0.8820436678332152,0.00028333669561690297,2.3611391301408582e-08,77.84015292842594,0.39881139135955096,False,uttarakhand,3.0,RT44HC,21.82,1564.5626313692933,0.41306341153475423,,2111.6952135660954,9.242351188934222e-08,1630.1332414864646,66.08655521021483,100.58640422991117,100.62540321707269,0.0028500999145960257,4.718253286671391,71.51576081775988,71.23278807163602,491.0,0.0,187.0,8784.0,train
c3_RT44HC_bnd_nmin,3,RT44HC,boundary,0,0.05,8,0.030000000000000002,sim_v1_uttarakhand,2.494981527328491,True,,0.025,0.010471975511965978,0.989528024488034,2.988850618139812e-06,1.4944253090699062e-10,29.19005734815973,3.149765528504569,True,uttarakhand,3.0,RT44HC,21.82,1565.2081227312578,0.4083889813840593,,2128.5129958774396,5.844323777437439e-10,1630.6556946806174,65.95620886343124,9.933484751458533,9.936937830864483,0.0015406546135106353,0.4188790204786391,72.98615753163013,72.86365477492005,1576.0,0.0,228.0,8784.0,train
c3_RT44HC_bnd_nmax,3,RT44HC,boundary,0,0.05,37,0.030000000000000002,sim_v1_uttarakhand,2.4619534015655518,True,,0.025,0.04843288674284265,0.9515671132571574,3.445149506227315e-05,1.7225747531136576e-09,29.19005734815973,0.6549042584154036,True,uttarakhand,3.0,RT44HC,21.82,1566.6811281236821,0.4107005730903338,,2120.1962931231897,6.735506531175219e-09,1632.1302321068747,65.96126505555853,45.54736397717878,45.56335904359943,0.002037401366116925,1.937315469713706,72.5680030359255,72.44625020433337,1358.0,0.0,221.0,8784.0,train
c3_RT42_lhs_000,3,RT42,lhs,20264607,0.028682769335101166,19,0.042132446247206905,sim_v1_uttarakhand,0.0,False,bounds_violation,,,,,,,,,,,,,,,,,,,,,,,,,,,,,,train
c3_RT42_lhs_001,3,RT42,lhs,20264607,0.07524828598700686,21,0.0453650283362842,sim_v1_uttarakhand,2.2906904220581055,True,,0.03762414299350343,0.09369960253058829,0.9063003974694117,0.00016982325254350688,1.2840061106326895e-08,66.4295770937486,0.4852212080384094,True,uttarakhand,3.0,RT42,21.82,1563.3248885417695,0.41019814173571545,,2122.00395328196,5.023477740261009e-08,1628.958049617332,66.14039451670442,72.41040151076007,72.43983783721718,0.0022394053400801818,4.122782511345885,72.71401114424202,72.2747272400641,868.0,0.0,227.0,8784.0,train
c3_RT42_lhs_002,3,RT42,lhs,20264607,0.05404143938347991,8,0.02589744697889964,sim_v1_uttarakhand,2.3905224800109863,True,,0.027020719691739956,0.013222066239082913,0.986777933760917,2.853532744441776e-06,1.2316535491955812e-10,27.23501066113241,2.688782974765209,True,uttarakhand,3.0,RT42,21.82,1564.9840654170612,0.40823551501077937,,2129.065141053371,4.816757542723467e-10,1630.4393468767332,65.96359372889705,10.807738846754447,10.811886401100175,0.0015567974726032855,0.5817709145196482,73.03928334929252,72.83443408485671,1081.0,0.0,256.0,8784.0,train
c3_RT42_lhs_003,3,RT42,lhs,20264607,0.02276526658532413,23,0.01053421154129783,sim_v1_uttarakhand,0.0,False,bounds_violation,,,,,,,,,,,,,,,,,,,,,,,,,,,,,,train
c3_RT42_lhs_004,3,RT42,lhs,20264607,0.03921413204411477,32,0.03839956446082929,sim_v1_uttarakhand,0.0,False,bounds_violation,,,,,,,,,,,,,,,,,,,,,,,,,,,,,,holdout
c3_RT42_lhs_005,3,RT42,lhs,20264607,0.060288444460291774,28,0.03126947078292239,sim_v1_uttarakhand,2.2346861362457275,True,,0.030144222230145887,0.06425233053399472,0.9357476694660053,5.206860941212299e-05,2.7135964345329624e-09,36.68582574027413,0.5853460456151673,True,uttarakhand,3.0,RT42,21.82,1564.712249466434,0.40975893922553575,,2123.5841271146355,1.0614609342040914e-08,1630.2739510294755,66.06787351090605,51.54795810208554,51.56813948139276,0.001906524936308965,2.827102543495768,72.85723585839213,72.58786445190574,982.0,0.0,243.0,8784.0,holdout
c3_RT42_lhs_006,3,RT42,lhs,20264607,0.06803034031324565,13,0.02223677320955481,sim_v1_uttarakhand,2.2010412216186523,True,,0.03401517015662282,0.042862737120968074,0.9571372628790319,7.983171962904331e-06,2.9586664071996685e-10,29.438664180460137,1.0127580597008516,True,uttarakhand,3.0,RT42,21.82,1564.0494568845254,0.4089171839483322,,2126.612615412686,1.1572782559165099e-09,1629.5974733970834,66.05283634395964,33.75739430437605,33.77083750626936,0.0016426030670260814,1.8859604333225954,72.91494811182554,72.54052509235268,994.0,0.0,235.0,8784.0,train
c3_RT42_lhs_007,3,RT42,lhs,20264607,0.04771431961683578,34,0.015024006121645424,sim_v1_uttarakhand,2.468865156173706,True,,0.02385715980841789,0.038677085556447395,0.9613229144435526,3.6354104852090255e-06,9.103071564079061e-11,13.950127483139106,0.7906295271016774,True,uttarakhand,3.0,RT42,21.82,1565.600635832249,0.4091314604309584,,2125.841686096583,3.5602618613260183e-10,1631.0760921974481,65.98495731127912,31.854239408637305,31.86638809381008,0.00184666966112261,1.7017917644836853,72.9918727897134,72.79199884585798,1543.0,0.0,260.0,8784.0,train
c3_RT42_bnd_dmin_fmin,3,RT42,boundary,0,0.02,22,0.01,sim_v1_uttarakhand,0.0,False,bounds_violation,,,,,,,,,,,,,,,,,,,,,,,,,,,,,,train
c3_RT42_bnd_dmin_fmax,3,RT42,boundary,0,0.02,22,0.05,sim_v1_uttarakhand,0.0,False,bounds_violation,,,,,,,,,,,,,,,,,,,,,,,,,,,,,,train
c3_RT42_bnd_dmax_fmin,3,RT42,boundary,0,0.08,22,0.01,sim_v1_uttarakhand,2.135441303253174,True,,0.04,0.11795633216678478,0.8820436678332152,1.6544910901276784e-05,2.7574851502127974e-10,15.568030585685188,0.39881139135955096,False,uttarakhand,3.0,RT42,21.82,1561.0228388804499,0.4101279260483327,,2122.256577047248,1.0786937221981385e-09,1626.794443373551,66.27935960609629,88.26782203951944,88.30488016572374,0.00250122080820839,5.190078615338531,72.53759237298473,71.97842768106324,379.0,0.0,214.0,8784.0,holdout
c3_RT42_bnd_dmax_fmax,3,RT42,boundary,0,0.08,22,0.05,sim_v1_uttarakhand,2.1099414825439453,True,,0.04,0.11795633216678478,0.8820436678332152,0.00028333669561690297,2.3611391301408582e-08,77.84015292842594,0.39881139135955096,False,uttarakhand,3.0,RT42,21.82,1562.2516907855925,0.4106199842763768,,2120.486237584047,9.239268590623655e-08,1627.9579637189559,66.21494875322473,89.84676982921388,89.8838466466792,0.0025500272076211627,5.190078615338531,72.54145888697529,72.13096394879665,408.0,0.0,217.0,8784.0,train
c3_RT42_bnd_nmin,3,RT42,boundary,0,0.05,8,0.030000000000000002,sim_v1_uttarakhand,2.470057249069214,True,,0.025,0.010471975511965978,0.989528024488034,2.988850618139812e-06,1.4944253090699062e-10,29.19005734815973,3.149765528504569,True,uttarakhand,3.0,RT42,21.82,1565.0344898334224,0.4081219788280691,,2129.4736243858256,5.844386045159931e-10,1630.4860764462228,65.95984576470183,8.638102286758494,8.64138747816735,0.0015297457357633922,0.46076692252650303,73.07012930077641,72.8806979474909,1636.0,0.0,263.0,8784.0,train
c3_RT42_bnd_nmax,3,RT42,boundary,0,0.05,37,0.030000000000000002,sim_v1_uttarakhand,2.4601633548736572,True,,0.025,0.04843288674284265,0.9515671132571574,3.445149506227315e-05,1.7225747531136576e-09,29.19005734815973,0.6549042584154036,True,uttarakhand,3.0,RT42,21.82,1565.7807744550305,0.4094754172974352,,2124.604189435297,6.737300879876426e-09,1631.2631528015743,65.99249315342144,39.82244170581337,39.8376605652201,0.0019684148263882026,2.1310470166850766,72.96362957222034,72.76826585255482,1532.0,0.0,255.0,8784.0,train
c3_savE__OM42_lhs_000,3,savE® OM42,lhs,20264714,0.043058737984325204,30,0.011007571766580296,sim_v1_uttarakhand,1.9897613525390625,True,,0.021529368992162602,0.02508035984313254,0.9749196401568675,1.2164876756186972e-06,2.2317625654222102e-11,9.223516131558336,1.115848140506426,True,uttarakhand,3.0,savE® OM42,21.82,1564.794317649058,0.4091045539645609,,2125.9384908578163,8.72857837689534e-11,1630.3145751506568,66.0294035404801,23.485912647251684,23.499828011983173,0.0013967196121611794,1.1323782469174344,72.68599144222499,72.42087221099908,972.0,0.0,202.0,8784.0,holdout
c3_savE__OM42_lhs_001,3,savE® OM42,lhs,20264714,0.03356197463552707,11,0.029228203197005143,sim_v1_uttarakhand,0.0,False,bounds_violation,,,,,,,,,,,,,,,,,,,,,,,,,,,,,,train
c3_savE__OM42_lhs_002,3,savE® OM42,lhs,20264714,0.051508468277384784,16,0.030341378868166055,sim_v1_uttarakhand,1.9829156398773193,True,,0.025754234138692392,0.022897312248688177,0.9771026877513118,7.1587466053997675e-06,3.6201040495938664e-10,30.412886275549397,1.465355766043946,True,uttarakhand,3.0,savE® OM42,21.82,1564.544472192036,0.4089042912718488,,2126.65900100826,1.4159333080848388e-09,1630.0637899241967,66.02786779648832,20.988869982335697,21.00156834608229,0.0013747299302646395,1.0338136480282711,72.70489907394895,72.36741492478832,955.0,0.0,198.0,8784.0,train
c3_savE__OM42_lhs_003,3,savE® OM42,lhs,20264714,0.058610851200868425,23,0.046024252091701946,sim_v1_uttarakhand,2.063913583755493,True,,0.029305425600434212,0.048494282708221544,0.9515057172917785,3.804192194466691e-05,2.91808500939033e-09,52.49385383232635,0.7666685211603197,True,uttarakhand,3.0,savE® OM42,21.82,1564.7822099826903,0.4101394172284669,,2122.2152337904727,1.1412671000670298e-08,1630.3051145373379,66.03601266158361,43.219668606295116,43.246564923882694,0.001515441091451418,2.189516864276203,72.27215242914127,71.85582995945906,773.0,0.0,189.0,8784.0,train
c3_savE__OM42_lhs_004,3,savE® OM42,lhs,20264714,0.023447991715501007,13,0.04310862256033344,sim_v1_uttarakhand,0.0,False,bounds_violation,,,,,,,,,,,,,,,,,,,,,,,,,,,,,,train
c3_savE__OM42_lhs_005,3,savE® OM42,lhs,20264714,0.06932445121763889,29,0.023567987458108425,sim_v1_uttarakhand,2.144340753555298,True,,0.034662225608819444,0.10117796422832005,0.89882203577168,5.7802202571405186e-05,2.2704693087565332e-09,31.79454599151959,0.41056597548969614,False,uttarakhand,3.0,savE® OM42,21.82,1563.4331098728617,0.4116993393335865,,2116.602906824232,8.882265141618236e-09,1629.034239129622,66.12211593762228,85.05356141348807,85.1096654751276,0.0017367932346956127,4.5681850849086505,71.24859880204835,70.67950512482439,175.0,0.0,170.0,8784.0,train
c3_savE__OM42_lhs_006,3,savE® OM42,lhs,20264714,0.03630548875551934,35,0.015906829440416395,sim_v1_uttarakhand,0.0,False,bounds_violation,,,,,,,,,,,,,,,,,,,,,,,,,,,,,,holdout
c3_savE__OM42_lhs_007,3,savE® OM42,lhs,20264714,0.07564457037831503,20,0.0364748574798398,sim_v1_uttarakhand,2.0838510990142822,True,,0.03782228518915751,0.09065502783939298,0.9093449721606071,0.00010736720529808984,6.5270058520942126e-09,53.69267650182964,0.5058517722564342,True,uttarakhand,3.0,savE® OM42,21.82,1562.488740423748,0.41074646961588546,,2120.0311654497214,2.5528207721874914e-08,1628.112563621838,66.14170093925361,74.73277894682364,74.78300483076616,0.0016138546686751082,4.093074506948593,71.44643010136525,70.64707244208215,147.0,0.0,168.0,8784.0,train
c3_savE__OM42_bnd_dmin_fmin,3,savE® OM42,boundary,0,0.02,22,0.01,sim_v1_uttarakhand,0.0,False,bounds_violation,,,,,,,,,,,,,,,,,,,,,,,,,,,,,,train
c3_savE__OM42_bnd_dmin_fmax,3,savE® OM42,boundary,0,0.02,22,0.05,sim_v1_uttarakhand,0.0,False,bounds_violation,,,,,,,,,,,,,,,,,,,,,,,,,,,,,,train
c3_savE__OM42_bnd_dmax_fmin,3,savE® OM42,boundary,0,0.08,22,0.01,sim_v1_uttarakhand,2.1941938400268555,True,,0.04,0.11795633216678478,0.8820436678332152,1.6544910901276784e-05,2.7574851502127974e-10,15.568030585685188,0.39881139135955096,False,uttarakhand,3.0,savE® OM42,21.82,1559.6824066917927,0.4103566354028817,,2121.4337207816984,1.0790843659277096e-09,1625.4496738367652,66.28664511102522,93.09293776868302,93.15823154179003,0.0015979474135268937,5.325728397330333,71.28172953301404,69.77114736854591,65.0,0.0,153.0,8784.0,train
c3_savE__OM42_bnd_dmax_fmax,3,savE® OM42,boundary,0,0.08,22,0.05,sim_v1_uttarakhand,2.107393741607666,True,,0.04,0.11795633216678478,0.8820436678332152,0.00028333669561690297,2.3611391301408582e-08,77.84015292842594,0.39881139135955096,False,uttarakhand,3.0,savE® OM42,21.82,1561.1329758333547,0.4111326820411859,,2118.641640676595,9.237300974687376e-08,1626.8384146011479,66.22636789632057,95.19577301526091,95.2611136315198,0.0016764028750291381,5.325728397330333,70.99952487842666,70.09430741198011,100.0,0.0,156.0,8784.0,holdout
c3_savE__OM42_bnd_nmin,3,savE® OM42,boundary,0,0.05,8,0.030000000000000002,sim_v1_uttarakhand,1.9921293258666992,True,,0.025,0.010471975511965978,0.989528024488034,2.988850618139812e-06,1.4944253090699062e-10,29.19005734815973,3.149765528504569,True,uttarakhand,3.0,savE® OM42,21.82,1564.2366728117179,0.40820391921066124,,2129.178817217354,5.84517476963117e-10,1629.7563272981076,66.02587315454085,9.676919094411282,9.682725523389573,0.00130175488148621,0.47280969436526393,72.90117069516828,72.58520311373948,1008.0,0.0,200.0,8784.0,train
c3_savE__OM42_bnd_nmax,3,savE® OM42,boundary,0,0.05,37,0.030000000000000002,sim_v1_uttarakhand,2.0332181453704834,True,,0.025,0.04843288674284265,0.9515671132571574,3.445149506227315e-05,1.7225747531136576e-09,29.19005734815973,0.6549042584154036,True,uttarakhand,3.0,savE® OM42,21.82,1565.3187884518322,0.4103812088509665,,2121.3453098124023,6.736224270655032e-09,1630.8358818966208,66.03074015702039,44.366869886494676,44.393748080741915,0.0015426022511877537,2.186744836439346,72.30743966383615,72.00002016386577,829.0,0.0,196.0,8784.0,train
c4_baseline_noPCM,4,NONE_plain_tank,baseline,0,0.08,8,0.030000000000000002,sim_v1_uttarakhand,0.7833592891693115,True,,0.04,0.04289321169701264,0.9571067883029873,1.3858140714189671e-05,6.929070357094836e-10,46.70409175705556,1.1900646595720985,True,uttarakhand,4.0,,16.47,1625.6369403118574,0.369790226632146,,2697.849698410856,2.745701871250639e-09,1695.2221329712531,70.38464700507583,0.0,0.0,0.0006203591050527688,0.0,69.62113894910722,69.62113894910722,0.0,0.0,0.0,8784.0,train
c4_RT42_lhs_000,4,RT42,lhs,20265607,0.06262659016215769,9,0.03188211033205239,sim_v1_uttarakhand,2.15777325630188,True,,0.03131329508107884,0.023149809747037894,0.9768501902529622,7.819297999904644e-06,4.1549286925359403e-10,38.85523283929502,1.7617652782258382,True,uttarakhand,4.0,RT42,16.47,1625.599404292135,0.37000436025194694,,2696.9330190034384,1.6463674114827885e-09,1695.285189223387,70.4795890249018,17.72185202874013,17.732079328889466,0.0007091033578678662,1.0185916288696673,69.62249704047463,69.28610172837865,327.0,0.0,206.0,8784.0,train
c4_RT42_lhs_001,4,RT42,lhs,20265607,0.02769926800250798,28,0.035783250735550526,sim_v1_uttarakhand,0.0,False,bounds_violation,,,,,,,,,,,,,,,,,,,,,,,,,,,,,,train
c4_RT42_lhs_002,4,RT42,lhs,20265607,0.03533598539751536,13,0.04134726929479249,sim_v1_uttarakhand,0.0,False,bounds_violation,,,,,,,,,,,,,,,,,,,,,,,,,,,,,,train
c4_RT42_lhs_003,4,RT42,lhs,20265607,0.020509052595817635,32,0.01976483686650192,sim_v1_uttarakhand,0.0,False,bounds_violation,,,,,,,,,,,,,,,,,,,,,,,,,,,,,,train
c4_RT42_lhs_004,4,RT42,lhs,20265607,0.05131563755188162,23,0.029217107226478592,sim_v1_uttarakhand,2.4257993698120117,True,,0.02565781877594081,0.03254660109113362,0.9674533989088664,1.0006480076864364e-05,4.872673356089465e-10,29.17632799439097,1.016910856072317,True,uttarakhand,4.0,RT42,16.47,1626.4393662946998,0.3702950243733185,,2695.6887220323038,1.9305937892955186e-09,1696.129884685847,70.48456207850963,26.017438835674714,26.031836448109893,0.0008435079399480576,1.4320504480098795,69.64104966973994,69.40090393983657,492.0,0.0,222.0,8784.0,train
c4_RT42_lhs_005,4,RT42,lhs,20265607,0.04838816728356728,17,0.04513851504749405,sim_v1_uttarakhand,2.417931079864502,True,,0.02419408364178364,0.02016949662285739,0.9798305033771426,1.357792964277073e-05,1.0214793024900368e-09,42.5040320372129,1.5671256185681408,True,uttarakhand,4.0,RT42,16.47,1626.7344055437186,0.3701621939882981,,2696.257352398431,4.047413115145238e-09,1696.332261523472,70.39474842825867,16.3496956770382,16.35861509536984,0.0007836542180619159,0.8874578514057251,69.69126760853574,69.49922790262553,511.0,0.0,229.0,8784.0,train
c4_RT42_lhs_006,4,RT42,lhs,20265607,0.0692476791643343,21,0.011086444560338589,sim_v1_uttarakhand,2.2273943424224854,True,,0.03462383958216715,0.0730236573426303,0.9269763426573697,9.382531796406957e-06,1.7336486432746628e-10,14.939676770708589,0.5860288999045765,True,uttarakhand,4.0,RT42,16.47,1623.7583147991074,0.3702803790146305,,2695.7514169922824,6.87088298546978e-10,1693.7493913582362,70.77310654318113,53.513467648939866,53.545770441032886,0.0009397832168846417,3.213040923075734,69.34660334006688,68.81244483774772,225.0,0.0,181.0,8784.0,train
c4_RT42_lhs_007,4,RT42,lhs,20265607,0.07704661838690387,35,0.02227360214282404,sim_v1_uttarakhand,2.2281699180603027,True,,0.038523309193451934,0.1676321860442057,0.8323678139557943,0.0001807897601381406,6.7113986480225555e-09,33.395483007158624,0.25504698444359475,False,uttarakhand,4.0,RT42,16.47,1619.6701165499687,0.3706260884133653,,2694.271478031434,2.6579282565163123e-08,1690.2561506830793,71.34885344391166,120.29681674917367,120.37116643981733,0.0015969131984213914,7.375816185945052,68.72310860662334,68.21232607732452,82.0,0.0,171.0,8784.0,holdout
c4_RT42_bnd_dmin_fmin,4,RT42,boundary,0,0.02,22,0.01,sim_v1_uttarakhand,0.0,False,bounds_violation,,,,,,,,,,,,,,,,,,,,,,,,,,,,,,train
c4_RT42_bnd_dmin_fmax,4,RT42,boundary,0,0.02,22,0.05,sim_v1_uttarakhand,0.0,False,bounds_violation,,,,,,,,,,,,,,,,,,,,,,,,,,,,,,holdout
c4_RT42_bnd_dmax_fmin,4,RT42,boundary,0,0.08,22,0.01,sim_v1_uttarakhand,2.182810068130493,True,,0.04,0.11795633216678478,0.8820436678332152,1.6544910901276784e-05,2.7574851502127974e-10,15.568030585685188,0.39881139135955096,False,uttarakhand,4.0,RT42,16.47,1620.9675790397644,0.3701143151955564,,2696.4623155583454,1.0929407288073498e-09,1691.2151002760693,71.01901073176252,82.14556857763853,82.1977853370941,0.0011744624112709644,5.190078615338531,68.95321573592776,68.26250788881,81.0,0.0,157.0,8784.0,holdout
c4_RT42_bnd_dmax_fmax,4,RT42,boundary,0,0.08,22,0.05,sim_v1_uttarakhand,2.1779544353485107,True,,0.04,0.11795633216678478,0.8820436678332152,0.00028333669561690297,2.3611391301408582e-08,77.84015292842594,0.39881139135955096,False,uttarakhand,4.0,RT42,16.47,1621.5584215498664,0.37039300936657094,,2695.2692604567046,9.357423927927519e-08,1691.830473577862,71.04404118329312,84.41724599615166,84.46948119135092,0.0011965092799035796,5.190078615338531,69.00400679148522,68.52434782564131,88.0,0.0,173.0,8784.0,train
c4_RT42_bnd_nmin,4,RT42,boundary,0,0.05,8,0.030000000000000002,sim_v1_uttarakhand,2.460312843322754,True,,0.025,0.010471975511965978,0.989528024488034,2.988850618139812e-06,1.4944253090699062e-10,29.19005734815973,3.149765528504569,True,uttarakhand,4.0,RT42,16.47,1626.9205721978753,0.3700520003324116,,2696.7290777411076,5.921888602162668e-10,1696.4420957481746,70.32066111774459,8.417903243152743,8.422532244310506,0.0007387730036983564,0.46076692252650303,69.7231600382187,69.50115708820167,524.0,0.0,225.0,8784.0,train
c4_RT42_bnd_nmax,4,RT42,boundary,0,0.05,37,0.030000000000000002,sim_v1_uttarakhand,2.450313091278076,True,,0.025,0.04843288674284265,0.9515671132571574,3.445149506227315e-05,1.7225747531136576e-09,29.19005734815973,0.6549042584154036,True,uttarakhand,4.0,RT42,16.47,1626.1339700231595,0.37046942085600865,,2694.942152369134,6.825008644389209e-09,1695.9447115041912,70.60128446779599,38.8717727309486,38.89321090969948,0.000929524631631862,2.1310470166850766,69.58701897680267,69.35864317475935,472.0,0.0,221.0,8784.0,train
c4_RT44HC_lhs_000,4,RT44HC,lhs,20264946,0.07563511909971023,33,0.024438654976465107,sim_v1_uttarakhand,2.255403995513916,True,,0.03781755954985511,0.14952473560678448,0.8504752643932155,0.00017270795081845159,7.034583369574072e-09,35.97033515156363,0.28680114431768844,False,uttarakhand,4.0,RT44HC,16.47,1620.7581007746182,0.37163345276256854,,2689.9590764779573,2.783877746987596e-08,1691.3912227802039,71.40402583670794,114.82523768465437,114.89221424933507,0.0016540868620004627,5.980989424271379,67.3991197444389,67.0516352063295,93.0,0.0,117.0,8784.0,train
c4_RT44HC_lhs_001,4,RT44HC,lhs,20264946,0.024872430909255828,15,0.033661391874676094,sim_v1_uttarakhand,0.0,False,bounds_violation,,,,,,,,,,,,,,,,,,,,,,,,,,,,,,train
c4_RT44HC_lhs_002,4,RT44HC,lhs,20264946,0.05841104825368705,25,0.014912372955250039,sim_v1_uttarakhand,2.3810720443725586,True,,0.029205524126843525,0.05217393914792445,0.9478260608520755,1.0183308594772735e-05,2.530954928060904e-10,16.950614465712583,0.7074223220851711,True,uttarakhand,4.0,RT44HC,16.47,1625.736167231326,0.3709592329709428,,2692.845327593645,1.0025885817428617e-09,1695.6560375225226,70.71038153186335,43.71266688161796,43.735985266108365,0.0009763421269834806,2.086957565916978,69.05205778581293,68.83446279531869,211.0,0.0,168.0,8784.0,train
c4_RT44HC_lhs_003,4,RT44HC,lhs,20264946,0.04729784659639456,36,0.048003222436881356,sim_v1_uttarakhand,2.749950885772705,True,,0.02364892329819728,0.039889190585246266,0.9601108094147537,3.346329656837495e-05,2.6772434477383852e-09,44.18302533558008,0.7589553813614746,True,uttarakhand,4.0,RT44HC,16.47,1626.601085705305,0.37085990144689196,,2693.270553500205,1.0607498827525777e-08,1696.4032674663506,70.59617345530663,35.70970013112195,35.7275291652936,0.0009410972581113613,1.5955676234098506,69.305356004265,69.17789581934092,559.0,0.0,190.0,8784.0,train
c4_RT44HC_lhs_004,4,RT44HC,lhs,20264946,0.05205867321881427,28,0.04272501550341069,sim_v1_uttarakhand,2.371994972229004,True,,0.026029336609407136,0.04136813437044635,0.9586318656295536,2.7584269866935614e-05,1.964230596191814e-09,43.283165328364355,0.8042438749764466,True,uttarakhand,4.0,RT44HC,16.47,1626.1792702008283,0.3708175318486415,,2693.45193248335,7.78258171287431e-09,1696.0216131922768,70.63511314197451,36.26437344811304,36.28285956899368,0.0009124263634358352,1.654725374817854,69.25254418050754,69.1038243337519,400.0,0.0,187.0,8784.0,train
c4_RT44HC_lhs_005,4,RT44HC,lhs,20264946,0.030179898220952538,22,0.028625705753130094,sim_v1_uttarakhand,0.0,False,bounds_violation,,,,,,,,,,,,,,,,,,,,,,,,,,,,,,train
c4_RT44HC_lhs_006,4,RT44HC,lhs,20264946,0.07210336821188608,16,0.018685500818091044,sim_v1_uttarakhand,2.1286582946777344,True,,0.03605168410594304,0.06280804256290724,0.9371919574370927,9.406089054244506e-06,2.929291411968716e-10,26.218267149163683,0.717261612100324,True,uttarakhand,4.0,RT44HC,16.47,1624.0818180263452,0.37067800077949764,,2694.049247645248,1.1606422158649278e-09,1694.1033400534561,70.80707386779603,49.108896214255765,49.13695360145439,0.0009264409119135346,2.51232170251629,68.78581312370235,68.43775953572505,172.0,0.0,134.0,8784.0,holdout
c4_RT44HC_lhs_007,4,RT44HC,lhs,20264946,0.03672180212917271,11,0.037223644288873044,sim_v1_uttarakhand,0.0,False,bounds_violation,,,,,,,,,,,,,,,,,,,,,,,,,,,,,,holdout
c4_RT44HC_bnd_dmin_fmin,4,RT44HC,boundary,0,0.02,22,0.01,sim_v1_uttarakhand,0.0,False,bounds_violation,,,,,,,,,,,,,,,,,,,,,,,,,,,,,,train
c4_RT44HC_bnd_dmin_fmax,4,RT44HC,boundary,0,0.02,22,0.05,sim_v1_uttarakhand,0.0,False,bounds_violation,,,,,,,,,,,,,,,,,,,,,,,,,,,,,,train
c4_RT44HC_bnd_dmax_fmin,4,RT44HC,boundary,0,0.08,22,0.01,sim_v1_uttarakhand,2.228019952774048,True,,0.04,0.11795633216678478,0.8820436678332152,1.6544910901276784e-05,2.7574851502127974e-10,15.568030585685188,0.39881139135955096,False,uttarakhand,4.0,RT44HC,16.47,1621.1014732647684,0.3707685456721924,,2693.661636215257,1.0922475276791777e-09,1691.4499115843184,71.12328731534889,85.91218021412969,85.96494638013095,0.0013101359941851147,4.718253286671391,67.75293246858315,67.1758973390262,96.0,0.0,107.0,8784.0,train
c4_RT44HC_bnd_dmax_fmax,4,RT44HC,boundary,0,0.08,22,0.05,sim_v1_uttarakhand,2.1759326457977295,True,,0.04,0.11795633216678478,0.8820436678332152,0.00028333669561690297,2.3611391301408582e-08,77.84015292842594,0.39881139135955096,False,uttarakhand,4.0,RT44HC,16.47,1621.7736818593505,0.3711939069093153,,2691.8407176357896,9.347946577809587e-08,1692.1775747373367,71.17914723132034,89.9799076230096,90.03268776328525,0.0013285426896479278,4.718253286671391,67.87021336790652,67.51399859072012,119.0,0.0,122.0,8784.0,train
c4_RT44HC_bnd_nmin,4,RT44HC,boundary,0,0.05,8,0.030000000000000002,sim_v1_uttarakhand,2.415170907974243,True,,0.025,0.010471975511965978,0.989528024488034,2.988850618139812e-06,1.4944253090699062e-10,29.19005734815973,3.149765528504569,True,uttarakhand,4.0,RT44HC,16.47,1626.8802166248354,0.37016221792860504,,2696.257249912953,5.922199940767378e-10,1696.4269573684196,70.34603076686246,9.241373315267337,9.246047944260335,0.0007430737174291069,0.4188790204786391,69.63469542531689,69.48851008898151,508.0,0.0,190.0,8784.0,train
c4_RT44HC_bnd_nmax,4,RT44HC,boundary,0,0.05,37,0.030000000000000002,sim_v1_uttarakhand,2.388817310333252,True,,0.025,0.04843288674284265,0.9515671132571574,3.445149506227315e-05,1.7225747531136576e-09,29.19005734815973,0.6549042584154036,True,uttarakhand,4.0,RT44HC,16.47,1626.054130013948,0.3709705873237529,,2692.796721020725,6.823118597090552e-09,1695.9617259536801,70.69897209900144,42.60074139121528,42.622390295159725,0.0009573467556066387,1.937315469713706,69.16905571601787,69.023562402715,370.0,0.0,186.0,8784.0,holdout
c4_savE__OM42_lhs_000,4,savE® OM42,lhs,20265714,0.048359241773352726,22,0.04550881206415339,sim_v1_uttarakhand,1.9775991439819336,True,,0.024179620886676363,0.026054920211549756,0.9739450797884502,1.83548462098798e-05,1.39217874438643e-09,42.82710036017382,1.205127354194918,True,uttarakhand,4.0,savE® OM42,16.47,1625.5394942620328,0.370313403117123,,2695.6100449147384,5.517301043066372e-09,1695.2863646152039,70.54666937229987,22.752974826256114,22.77207591966232,0.0006869329224528308,1.1763796475514716,69.28223765971036,68.95786148072034,273.0,0.0,154.0,8784.0,holdout
c4_savE__OM42_lhs_001,4,savE® OM42,lhs,20265714,0.02277884185435852,35,0.019870255879231302,sim_v1_uttarakhand,0.0,False,bounds_violation,,,,,,,,,,,,,,,,,,,,,,,,,,,,,,train
c4_savE__OM42_lhs_002,4,savE® OM42,lhs,20265714,0.027846390807380966,19,0.02695317280154172,sim_v1_uttarakhand,0.0,False,bounds_violation,,,,,,,,,,,,,,,,,,,,,,,,,,,,,,train
c4_savE__OM42_lhs_003,4,savE® OM42,lhs,20265714,0.055461825667188824,9,0.022932982381062974,sim_v1_uttarakhand,1.9739325046539307,True,,0.027730912833594412,0.016078799200444024,0.983921200799556,2.7781957246414175e-06,1.0618718934057685e-10,24.751321306297157,2.262609515744155,True,uttarakhand,4.0,savE® OM42,16.47,1625.6636812857905,0.37004165784952914,,2696.7733526246534,4.208257306452461e-10,1695.3223560135996,70.45823665572745,13.328119115392614,13.33989979114967,0.0006573334121782689,0.7259577839000478,69.4328123453787,68.922065312677,264.0,0.0,132.0,8784.0,train
c4_savE__OM42_lhs_004,4,savE® OM42,lhs,20265714,0.0599540440946473,25,0.039949337849220966,sim_v1_uttarakhand,1.9917488098144531,True,,0.02997702204732365,0.056418830001100984,0.943581169998899,6.986683449653181e-05,4.651889626262592e-09,46.609211673932165,0.6684707578644561,True,uttarakhand,4.0,savE® OM42,16.47,1624.4836189621872,0.3706969104897253,,2693.9682975264295,1.8427620829943293e-08,1694.4430162744427,70.75922142918478,45.50849628981942,45.5498562837184,0.0007562263758828715,2.5473101745497098,68.62326998020266,68.169377543606,83.0,0.0,118.0,8784.0,holdout
c4_savE__OM42_lhs_005,4,savE® OM42,lhs,20265714,0.037580431808193246,28,0.011782712177683617,sim_v1_uttarakhand,0.0,False,bounds_violation,,,,,,,,,,,,,,,,,,,,,,,,,,,,,,train
c4_savE__OM42_lhs_006,4,savE® OM42,lhs,20265714,0.07094368286661419,31,0.030233693504873392,sim_v1_uttarakhand,2.06984806060791,True,,0.035471841433307096,0.11591282806321028,0.8840871719367898,0.00011128486904533972,5.6075877040779555e-09,41.73963291706531,0.360733153240079,False,uttarakhand,4.0,savE® OM42,16.47,1621.4753676510006,0.3707359516407649,,2693.801167212034,2.2204801177583987e-08,1691.7777319507366,71.10135577038712,85.22411242054602,85.30908701079773,0.0008664992023320471,5.2334641870539444,67.3962727077044,66.38499954629144,32.0,0.0,86.0,8784.0,train
c4_savE__OM42_lhs_007,4,savE® OM42,lhs,20265714,0.07265101889547072,15,0.04023555095482725,sim_v1_uttarakhand,2.062058210372925,True,,0.03632550944773536,0.06023445779649986,0.9397655422035002,3.752903940803473e-05,2.516669295646169e-09,56.88468417485094,0.7556574388544998,True,uttarakhand,4.0,savE® OM42,16.47,1623.6458023877888,0.37026638294962766,,2695.811332406709,9.974643984598315e-09,1693.577722346092,70.73090508929673,44.06793231106309,44.11205115815149,0.0007343127368576418,2.7195857695119687,68.5631834412039,67.30344242769434,49.0,0.0,86.0,8784.0,train
c4_savE__OM42_bnd_dmin_fmin,4,savE® OM42,boundary,0,0.02,22,0.01,sim_v1_uttarakhand,0.0,False,bounds_violation,,,,,,,,,,,,,,,,,,,,,,,,,,,,,,train
c4_savE__OM42_bnd_dmin_fmax,4,savE® OM42,boundary,0,0.02,22,0.05,sim_v1_uttarakhand,0.0,False,bounds_violation,,,,,,,,,,,,,,,,,,,,,,,,,,,,,,holdout
c4_savE__OM42_bnd_dmax_fmin,4,savE® OM42,boundary,0,0.08,22,0.01,sim_v1_uttarakhand,2.094193935394287,True,,0.04,0.11795633216678478,0.8820436678332152,1.6544910901276784e-05,2.7574851502127974e-10,15.568030585685188,0.39881139135955096,False,uttarakhand,4.0,savE® OM42,16.47,1619.519190854113,0.369661192156282,,2698.4020789617543,1.092216888955484e-09,1689.7936678208785,71.07112788809656,78.58632832308236,78.67267323150276,0.0007823363935883218,5.325728397330333,68.40415755527368,65.1279355756062,2.0,0.0,64.0,8784.0,train
c4_savE__OM42_bnd_dmax_fmax,4,savE® OM42,boundary,0,0.08,22,0.05,sim_v1_uttarakhand,2.1235344409942627,True,,0.04,0.11795633216678478,0.8820436678332152,0.00028333669561690297,2.3611391301408582e-08,77.84015292842594,0.39881139135955096,False,uttarakhand,4.0,savE® OM42,16.47,1620.2416703233807,0.3700881739434274,,2696.5742230090905,9.352144158487917e-08,1690.5267970735692,71.08263697389066,81.63977815409316,81.72617307829285,0.0008143107028720824,5.325728397330333,67.73486063984689,65.80629031674222,10.0,0.0,75.0,8784.0,train
c4_savE__OM42_bnd_nmin,4,savE® OM42,boundary,0,0.05,8,0.030000000000000002,sim_v1_uttarakhand,1.9804413318634033,True,,0.025,0.010471975511965978,0.989528024488034,2.988850618139812e-06,1.4944253090699062e-10,29.19005734815973,3.149765528504569,True,uttarakhand,4.0,savE® OM42,16.47,1625.839571582801,0.3699717206655675,,2697.072745015302,5.922365988027163e-10,1695.4581310181004,70.41812492875944,9.039749174572044,9.047423053009615,0.0006456193532269471,0.47280969436526393,69.54475633645195,69.1679313428622,316.0,0.0,150.0,8784.0,train
c4_savE__OM42_bnd_nmax,4,savE® OM42,boundary,0,0.05,37,0.030000000000000002,sim_v1_uttarakhand,1.980320692062378,True,,0.025,0.04843288674284265,0.9515671132571574,3.445149506227315e-05,1.7225747531136576e-09,29.19005734815973,0.6549042584154036,True,uttarakhand,4.0,savE® OM42,16.47,1625.0436320877495,0.3707370650205317,,2693.796400971657,6.824243055609279e-09,1694.9623795097878,70.71887395354216,41.5450972765976,41.580616310050424,0.0007490033082520847,2.186744836439346,68.88561951731306,68.51238658328808,181.0,0.0,142.0,8784.0,train
