regime_id,pcm_id,capsule_diameter_m,n_capsule,flow_rate_kg_s,valid,geom_pcm_thickness_m,geom_pcm_volume_fraction,geom_void_fraction,geom_pressure_drop_pa,geom_pump_power_w,geom_reynolds_number_particle,pred_useful_energy_kWh,pred_solar_fraction,pred_unmet_energy_kWh,pred_pump_energy_kWh,pred_pcm_mass_kg,predicted_feasible_proba,sim_mains_temp_C,sim_useful_energy_kWh,sim_solar_fraction,sim_delivery_temp_hours,sim_unmet_energy_kWh,sim_pump_energy_kWh,sim_residual_pct_of_collector,sim_pcm_mass_kg,sim_max_water_temp_C,sim_max_pcm_temp_C,sim_n_safety_violations,sim_mean_f_melt,surrogate_vs_sim_error_pct,large_surrogate_error,meets_temperature_safety,constraint_margin_C
0,PureTemp 58,0.04861754787787535,9,0.01792631837424901,True,0.024308773938937676,0.0108305442004245,0.9891694557995755,1.1324700780397051e-06,3.383503194708396e-11,16.96007799065835,1675.726878192316,0.40684288817655145,2317.3362291091657,2.8691985005159803e-09,0.510244665436874,0.9933333333333333,19.4,1675.6989100181509,0.4068906189565368,1153,2317.1560525824398,1.3548110708802862e-10,0.0002069558786693524,0.48195921691889027,75.01663342783796,74.65301448356234,650,0.027566685439248187,0.0016690453158348128,False,False,-9.653014483562345
0,PureTemp 58,0.0471519384050718,10,0.023415421373951976,True,0.0235759692025359,0.010978102251145186,0.9890218977488549,1.9425645349404905e-06,7.58099452195444e-11,21.485487785036828,1675.726878192316,0.4068429272812801,2317.3399531288132,2.8691985005159803e-09,0.49110817231008375,0.9966666666666667,19.4,1675.6899698201694,0.4068859645766614,1153,2317.17423628488,3.0355565564985844e-10,0.00020732420543216102,0.48852555017596083,75.01592841832166,74.74851819333692,730,0.02759255836669614,0.002202577613482266,False,False,-9.74851819333692
0,PureTemp 58,0.04788026784312207,10,0.029704257537966815,True,0.023940133921561035,0.011494718274369308,0.9885052817256307,3.249683977773606e-06,1.6088241632131938e-10,27.67699669972876,1675.6846059379207,0.40687049463649266,2317.344778248912,2.8691985005159803e-09,0.5040971709192055,0.9966666666666667,19.4,1675.64589314852,0.40687051198990276,1153,2317.2346063550226,6.442000086867483e-10,0.00020807249643613155,0.5115149632094342,75.00897838128705,74.7013288120069,1102,0.027515337190761213,0.0023103204298130457,False,False,-9.701328812006906
0,PureTemp 58,0.042672810180289414,13,0.01764801356946895,True,0.021336405090144707,0.010578539253621747,0.9894214607463783,1.087200910471268e-06,3.1978227367893224e-11,14.65516667453329,1675.6433761644205,0.40683007340909516,2317.3932911530187,2.8691985005159803e-09,0.46184880086822955,0.9966666666666667,19.4,1675.7335388030558,0.40689287320630074,1152,2317.1472456934384,1.2804792865384996e-10,0.0002069752327078913,0.47074499678616777,75.0384394422077,74.7912537412615,1294,0.027799835604951154,0.005380487801164466,False,False,-9.7912537412615
0,PureTemp 58,0.04121736964669916,11,0.02076171727934991,True,0.02060868482334958,0.008066072523245317,0.9919339274767547,1.1193802211873296e-06,3.8733759467312505e-11,16.65279880611065,1675.6323779803902,0.40683235242375837,2317.3675606471093,2.8691985005159803e-09,0.414433342853896,0.9933333333333333,19.4,1675.9527641307473,0.4069540848880373,1151,2316.9081042747425,1.5510342212925262e-10,0.00020338038527870452,0.35894022728441666,75.09760722065202,74.88065723513688,1401,0.02778344494614199,0.01911665753439374,False,False,-9.88065723513688
0,n-Octacosane (C28),0.047271992625329905,8,0.02834187101378697,True,0.023635996312664952,0.008849736353453565,0.9911502636465465,2.2470065074934355e-06,1.061406143375315e-10,26.072106146043946,1675.5373047487349,0.40674730712945356,2317.730632576385,2.8691985005159807e-09,0.44946614124507034,1.0,19.4,1675.7091120097334,0.4068135315334742,1151,2317.457217248919,4.2498996815747273e-10,0.00020704190239098627,0.40266300408213723,75.01702632057217,74.65313930878997,606,0.011231104771167413,0.010252809378860167,False,False,-9.653139308789974
0,n-Octacosane (C28),0.048558975234611786,9,0.02451209038136721,True,0.024279487617305893,0.010791446611203955,0.9892085533887961,2.0800573052912436e-06,8.497758777620348e-11,23.162933028055516,1675.5350740237627,0.4067388889502032,2317.742685299243,2.8691985005159807e-09,0.495248879607008,0.9966666666666667,19.4,1675.505645014508,0.4067347201915812,1153,2317.765116910796,3.4024790096700215e-10,0.00021048775712785976,0.49101082080978,74.96912612915936,74.4148996264507,533,0.011038673997558824,0.0017564255508355695,False,False,-9.414899626450705
0,n-Octacosane (C28),0.04610830260788626,10,0.017491324360462156,True,0.02305415130394313,0.010265167074051226,0.9897348329259488,1.0246568233414918e-06,2.9871008092044674e-11,15.694428917133495,1675.5350740237627,0.4067414803486201,2317.745090272981,2.8691985005159807e-09,0.4925034759842466,1.0,19.4,1675.5624630190905,0.406756559051234,1151,2317.6797969893055,1.1960310152565072e-10,0.00020958184299810087,0.4670651018693308,74.97720245505262,74.5375524368751,572,0.011217830338225716,0.0016346149983828442,False,False,-9.537552436875103
0,n-Octacosane (C28),0.04590462354391609,11,0.019107746187012456,True,0.022952311771958046,0.011142703993900886,0.9888572960060991,1.3310838795378925e-06,4.239002153972319e-11,17.069059140863338,1675.5329161586537,0.4067373607987659,2317.7321516405646,2.8691985005159807e-09,0.5059558092153982,1.0,19.4,1675.4727751128285,0.40672093109922447,1153,2317.818988051323,1.697278799941429e-10,0.00021119672563338785,0.5069930317224903,74.95042391557388,74.55893083831187,604,0.01127973406296102,0.0035894970493463153,False,False,-9.558930838311866
0,n-Octacosane (C28),0.04955884847499637,8,0.03015907689794245,True,0.024779424237498186,0.010197230241462355,0.9898027697585376,2.938418243031096e-06,1.4769996958315297e-10,29.08592906025158,1675.5316915063736,0.4067465776724032,2317.7216420165246,2.8691985005159807e-09,0.4678079331267377,1.0,19.4,1675.5664842098886,0.40675858225954775,1151,2317.671892731609,5.913906782106214e-10,0.0002093977281186913,0.46397397598653717,74.98735344882881,74.41880219716698,526,0.010979933962119518,0.0020764740667035685,False,False,-9.418802197166983
0,PlusICE A58,0.04753767689607727,9,0.03033603554907064,True,0.023768838448038634,0.010124765911364774,0.9898752340886352,2.9608977671501065e-06,1.4970316653571586e-10,28.063411745122057,1675.6345452164603,0.406849048268416,2317.3417015016166,2.86919850051598e-09,0.4723885701657532,0.9966666666666667,19.4,1675.695844611958,0.40686440634947607,1151,2317.2584598331864,5.994468253896987e-10,0.0002078026137345037,0.46067684896709726,75.07683876839945,74.87264630434505,1274,0.02767576282076214,0.0036581457007667313,False,False,-9.872646304345054
0,PlusICE A58,0.048373615103155736,9,0.01838300957169156,True,0.024186807551577868,0.01066833787128325,0.9893316621287167,1.1707313774083265e-06,3.586927686129485e-11,17.30489016726626,1675.621304172367,0.40683389065607556,2317.368975279981,2.86919850051598e-09,0.5114081482641976,0.9966666666666667,19.4,1675.6419446170758,0.4068505210858733,1152,2317.3127066949414,1.436280573184289e-10,0.00020858607005443748,0.4854093731433879,75.06202294002031,74.81413651053983,1137,0.02768442666923377,0.0012317932703384035,False,False,-9.814136510539825
0,PlusICE A58,0.04668973948042918,11,0.017938539863424252,True,0.02334486974021459,0.011724265783109845,0.9882757342168902,1.2419762722082518e-06,3.713206811405796e-11,16.29867237223326,1675.5760543303347,0.40682963793604365,2317.3937187297456,2.86919850051598e-09,0.5343339523746298,1.0,19.4,1675.5454406302765,0.4068197882093324,1155,2317.4327737064673,1.4868350512977143e-10,0.00021042506488993704,0.533454093131498,75.0433538446786,74.81887329468063,1212,0.027807702071683992,0.0018270886193749226,False,False,-9.818873294680628
0,PlusICE A58,0.040660119892860815,11,0.02427331455637022,True,0.020330059946430407,0.007743321079427086,0.9922566789205729,1.458956196080148e-06,5.902283778569798e-11,19.20619915935311,1675.558997629133,0.4068314261182107,2317.370910771201,2.86919850051598e-09,0.4127584556866161,0.99,19.4,1675.9302616012303,0.4069292491265821,1151,2317.0051324736137,2.363503958195598e-10,0.00020415527675178585,0.3523211091139324,75.13567651996351,74.97389450675473,2090,0.027987940971133846,0.022152710086071933,False,False,-9.973894506754732
0,PlusICE A58,0.04295476312291406,13,0.020292362686907484,True,0.02147738156145703,0.010789615181572586,0.9892103848184274,1.4562573756597576e-06,4.9251504720619794e-11,16.96241301205491,1675.558696043941,0.4068301050303347,2317.382282582667,2.86919850051598e-09,0.4693282839847498,0.9966666666666667,19.4,1675.6408098283346,0.4068439852539685,1151,2317.3382408425045,1.9721465372892456e-10,0.0002090735336928136,0.4909274907615527,75.07003926174221,74.8953610053097,1416,0.027953181908939934,0.004900440709727857,False,False,-9.895361005309695
0,NONE_plain_tank,0.04827865460779392,9,0.0170351050816838,True,0.02413932730389696,0.010605633240313826,0.9893943667596862,1.0031137989650473e-06,2.8480248290427704e-11,16.004557276826915,1675.7263665906255,0.4071113995568473,2317.37215528753,2.8691985005159803e-09,0.47922613886027665,0.9966666666666667,19.4,1675.2526193523086,0.4070509196956491,1148,2316.5297906487403,1.1405152763315729e-10,0.00016115296085343582,0.0,75.13688163412095,75.13688163412095,1,0.0,0.02827915222123979,False,False,-0.13688163412095378
0,NONE_plain_tank,0.048734766067804455,9,0.011850653466949539,True,0.024367383033902228,0.010909071410617036,0.989090928589383,5.120042241530417e-07,1.0112641056753421e-11,11.238927604564173,1675.7178838066322,0.40709956304514594,2317.3882179082198,2.8691985005159803e-09,0.4879349985394626,0.9966666666666667,19.4,1675.2526193523086,0.4070509196956491,1148,2316.5297906487403,4.049691383187502e-11,0.00016115296085343582,0.0,75.13688163412095,75.13688163412095,1,0.0,0.02777279372370535,False,False,-0.13688163412095378
0,NONE_plain_tank,0.04516968910991931,8,0.019060255927857712,True,0.022584844554959654,0.007720757452384889,0.9922792425476151,8.950037694727199e-07,2.8431668170912348e-11,16.75403885741633,1675.703187479769,0.4071322387244329,2317.3454153814487,2.8691985005159803e-09,0.4434635241206888,1.0,19.4,1675.2526193523086,0.4070509196956491,1148,2316.5297906487403,1.1385698449598219e-10,0.00016115296085343582,0.0,75.13688163412095,75.13688163412095,1,0.0,0.026895533381385103,False,False,-0.13688163412095378
0,NONE_plain_tank,0.04280604629414045,13,0.01793366911477888,True,0.021403023147070224,0.01067793617874062,0.9893220638212594,1.1326944569866223e-06,3.385561266623704e-11,14.938877242651813,1675.6433802929434,0.40713254163579676,2317.4129879268044,2.8691985005159803e-09,0.4435979669948368,0.9966666666666667,19.4,1675.2526193523086,0.4070509196956491,1148,2316.5297906487403,1.355776222230994e-10,0.00016115296085343582,0.0,75.13688163412095,75.13688163412095,1,0.0,0.023325493488019038,False,False,-0.13688163412095378
0,NONE_plain_tank,0.04093880434459472,9,0.01587892508897138,True,0.02046940217229736,0.00646660883143754,0.9935333911685624,5.238011087011679e-07,1.3862330944310003e-11,12.650274329714783,1675.6253832645302,0.4071325907161494,2317.3883252704504,2.8691985005159803e-09,0.4114050952310643,0.9966666666666667,19.4,1675.2526193523086,0.4070509196956491,1148,2316.5297906487403,5.551285946076768e-11,0.00016115296085343582,0.0,75.13688163412095,75.13688163412095,1,0.0,0.02225120605188432,False,False,-0.13688163412095378
1,PureTemp 58,0.047681429278400383,8,0.018064986998494514,True,0.023840714639200192,0.009081684293081059,0.9909183157069189,9.527962398599334e-07,2.8687086142140265e-11,16.762184155462908,1625.712796105788,0.37367421280586294,2638.951992891371,2.86919850051598e-09,0.47779368738220673,0.9966666666666667,17.0,1625.8531269000566,0.37371451819587764,768,2638.671628506465,1.1325303020347869e-10,0.0019489897002415186,0.4041349510421071,70.20762989237159,69.13075711532971,150,0.011436870026582094,0.008631209790535216,False,False,-4.130757115329715
1,PureTemp 58,0.04495113808154414,8,0.03007069385957667,True,0.02247556904077207,0.007609229452754908,0.9923907705472451,2.164376538659454e-06,1.0847384048479774e-10,26.304365484166773,1625.7054975850458,0.3736623388199947,2638.8763466348823,2.86919850051598e-09,0.4352269337493314,1.0,17.0,1625.9890982720046,0.37375473368090373,767,2638.502192263014,4.282456827468417e-10,0.0019421261586768169,0.3386107106475934,70.16518529309143,69.4946762610943,319,0.012061422042993625,0.017441733604501217,False,False,-4.494676261094298
1,PureTemp 58,0.048592781944673626,8,0.013501763326717105,True,0.024296390972336813,0.009612445590686598,0.9903875544093134,5.733683813726395e-07,1.2902473640527086e-11,12.767502257460583,1625.7029694673,0.37365266848082523,2638.9973782634447,2.86919850051598e-09,0.5075776356335066,1.0,17.0,1625.8035956519843,0.37369882479439553,768,2638.73774808683,5.093681552047899e-11,0.0019513693695928684,0.42775382878555357,70.23107699095763,68.942460445441,126,0.01121017176213464,0.00618931985102801,False,False,-3.942460445441
1,PureTemp 58,0.04610169700613615,9,0.026870342858698812,True,0.023050848503068076,0.009234680272381697,0.9907653197276183,2.1209219084139913e-06,9.498316475934957e-11,24.106480520521835,1625.7016812277498,0.37366083128796485,2638.899031916799,2.86919850051598e-09,0.4473671882411653,0.9933333333333333,17.0,1625.8454148308124,0.3737129277019414,768,2638.6783295898317,3.7497770394249983e-10,0.001950133796372966,0.4109432721209855,70.1563812289233,69.34445388808044,287,0.01185081452608633,0.008840545463394224,False,False,-4.344453888080437
1,PureTemp 58,0.04656578804332627,9,0.0314989036163162,True,0.023282894021663135,0.009516384883670678,0.9904836151163293,2.9917895373456754e-06,1.570634837952578e-10,28.543424980173178,1625.7006307578179,0.3736631982043167,2638.881693262481,2.86919850051598e-09,0.44986984889131176,0.9933333333333333,17.0,1625.8206501895704,0.37370571822351895,768,2638.7087046292063,6.200604567771843e-10,0.0019515483970891472,0.4234791273233452,70.1535976366502,69.33386547117479,287,0.011828585819729443,0.007382083118366019,False,False,-4.333865471174789
1,Palmitic-stearic acid/Expanded graphite,0.05013614467867097,8,0.03624206380066495,True,0.025068072339335484,0.010557750870214457,0.9894422491297855,4.376209108931427e-06,2.643380828849065e-10,35.35961638119242,1624.7466092874474,0.3735950806196723,2639.1784990591286,2.9118935628054013e-09,0.4525581893975331,1.0,17.0,1624.7708152719558,0.37359851841430936,766,2639.1603598301667,1.043463568101637e-09,0.0018501433511493666,0.45187173724517876,70.09664353916676,69.60679093972237,271,0.024266149393572203,0.0014898091645218893,False,False,-4.606790939722373
1,Palmitic-stearic acid/Expanded graphite,0.049865569511907966,10,0.021352300534607092,True,0.024932784755953983,0.012984671544442394,0.9870153284555576,1.934202791570988e-06,6.883279883416624e-11,20.719971140046226,1624.707866226032,0.37357668315416726,2639.321247565183,2.8691985005159803e-09,0.5965501751582537,1.0,17.0,1624.610571013534,0.37356964631410294,769,2639.282004022605,2.7171269334270393e-10,0.0018569295426323041,0.5557439421021345,70.06021508295424,69.46019095523899,260,0.024332910574180768,0.005988832907649508,False,False,-4.460190955238986
1,Palmitic-stearic acid/Expanded graphite,0.04868228467215773,10,0.028908774374370644,True,0.024341142336078866,0.012082073482016668,0.9879179265179834,3.2447896259353944e-06,1.5633815198077474e-10,27.386991078943925,1624.6934611823158,0.37358159574346883,2639.2600375375123,2.8691985005159803e-09,0.534801021553975,1.0,17.0,1624.678678820476,0.37358366474695914,768,2639.2229414351295,6.17147026307394e-10,0.0018549466059517151,0.5171127450303135,70.06905184479929,69.62536132853596,278,0.024391686878107464,0.0009098637184331733,False,False,-4.625361328535959
1,Palmitic-stearic acid/Expanded graphite,0.04754712126422765,10,0.02865106051864419,True,0.023773560632113826,0.011256446232266303,0.9887435537677337,2.962016550626356e-06,1.414415257487024e-10,26.509932316866536,1624.6722117916197,0.37357915059389296,2639.260316786936,2.8691985005159803e-09,0.4822207708682624,1.0,17.0,1624.7374760699877,0.3735955401288439,767,2639.172907969294,5.58332565030221e-10,0.0018528594410076715,0.4817758987409978,70.0883962860346,69.70467674747947,287,0.024465696513914482,0.00401691222915851,False,False,-4.704676747479468
1,Palmitic-stearic acid/Expanded graphite,0.04213800816741173,8,0.0172274977312965,True,0.021069004083705864,0.006268167797156734,0.9937318322028432,5.928090593190578e-07,1.7021027874185133e-11,14.126673038378192,1624.659789419034,0.3735752089594043,2639.3807737678435,2.8691985005159803e-09,0.45595624468246704,0.9966666666666667,17.0,1626.2643635014547,0.3738675148022397,766,2638.027021827571,6.719547199982449e-11,0.0019244712836911301,0.26827758171830823,70.21757979140422,69.98217090045262,353,0.024922301443675274,0.09866625122165786,False,False,-4.982170900452616
1,n-Octacosane (C28),0.04108701495045722,9,0.022987033019299295,True,0.02054350747522861,0.006537096524951807,0.9934629034750482,1.095474518572258e-06,4.196951488370249e-11,18.379394468196466,1625.5003571235952,0.37344819851551736,2639.861088819882,2.86919850051598e-09,0.4185346853278123,0.9866666666666667,17.0,1626.409794570973,0.37377694392037364,766,2638.408615882187,1.657038055001186e-10,0.001976234615115783,0.2974378918853072,70.28771762547291,69.16480134750869,205,0.004222988249500384,0.05591686980818012,False,False,-4.164801347508686
1,n-Octacosane (C28),0.046329893062968,8,0.014486088504226658,True,0.023164946531484,0.008331102894293382,0.9916688971057066,5.661491949005557e-07,1.3668812239876863e-11,13.060389262182493,1625.4943468424033,0.3734319029391236,2639.9844693752048,2.86919850051598e-09,0.4917024742396499,0.9866666666666667,17.0,1625.8052123862826,0.3736538728544241,766,2638.927140004885,5.396447072294955e-11,0.0019539643796523723,0.3790651816903489,70.32656587070984,68.4698757588388,50,0.0036442869682159,0.0191207127096776,False,False,-3.4698757588387963
1,n-Octacosane (C28),0.0405287677226121,8,0.03411148638579917,True,0.02026438386130605,0.005577104763677529,0.9944228952363224,2.028695670717467e-06,1.1533637458768097e-10,26.90343490927804,1625.4931506909872,0.3734538453486348,2639.8340816086634,2.86919850051598e-09,0.4143680606121931,0.9833333333333333,17.0,1626.5055819360416,0.37381227865516486,765,2638.259743259552,4.5536722960004516e-10,0.00197024680218038,0.25375826674732754,70.27639822542248,69.36399374606403,248,0.004355929451778681,0.062245789765397186,False,False,-4.3639937460640255
1,n-Octacosane (C28),0.04698397360072,9,0.012405240617595278,True,0.02349198680036,0.009775080865994339,0.9902249191340057,4.977606052355813e-07,1.0291400129845405e-11,11.34223458848977,1625.4923605081326,0.37342242319790336,2640.0689495346837,2.86919850051598e-09,0.4879582976337933,0.9866666666666667,17.0,1625.6603828632888,0.3736003874720346,766,2639.152485099337,4.063044771262174e-11,0.00196273848661416,0.4447661794027425,70.33518444156951,68.30584363944409,39,0.0035387330325127755,0.010335636946519839,False,False,-3.3058436394440918
1,n-Octacosane (C28),0.043053098459273076,12,0.025273958229800914,True,0.021526549229636538,0.010028202638456716,0.9899717973615433,2.0667824617215557e-06,8.705962267939285e-11,21.174899849121243,1625.4912285798277,0.3734360900667109,2639.882586753809,2.86919850051598e-09,0.44061633193780153,0.9866666666666667,17.0,1626.0633985644845,0.3736491493102121,766,2638.947041283871,3.4371380866099565e-10,0.0019984289897632197,0.4562832200497806,70.28271480860633,68.92941535136264,161,0.004105830777748538,0.03518743396855621,False,False,-3.9294153513626355
1,NONE_plain_tank,0.07654064791731977,9,0.03301125624637485,True,0.03827032395865988,0.04226175519940583,0.9577382448005942,1.6449697067388e-05,9.050419417779769e-10,49.16973584592233,1625.2313488546858,0.3737108983082894,2638.6728862509176,2.9699398359729385e-09,0.10936639985901539,0.9966666666666667,17.0,1625.3182942419662,0.3738199444636814,767,2638.2274456061177,3.572954745814881e-09,0.0018197998428944805,0.0,70.19556042907364,70.19556042907364,0,0.0,0.005349437558685488,False,True,4.8044395709263625
1,NONE_plain_tank,0.07533274653403492,9,0.029314681999074887,True,0.03766637326701746,0.040292343896697794,0.9597076561033022,1.2375533057849691e-05,6.046413602665043e-10,42.974682630594295,1625.1237806305812,0.37372137771891634,2638.5746315446963,2.896115114747097e-09,0.14278391911433191,0.99,17.0,1625.3182942419662,0.3738199444636814,767,2638.2274456061177,2.38702331677382e-09,0.0018197998428944805,0.0,70.19556042907364,70.19556042907364,0,0.0,0.011967724234329782,False,True,4.8044395709263625
1,NONE_plain_tank,0.05009136370820226,9,0.029293810256430873,True,0.02504568185410113,0.011845671730157829,0.9881543282698422,3.2518494059655484e-06,1.5876509913473705e-10,28.55501605147149,1625.11215824927,0.37362992273322876,2639.045388798096,2.8691985005159803e-09,0.48971183987912126,0.9966666666666667,17.0,1625.3182942419662,0.3738199444636814,767,2638.2274456061177,6.267781505337204e-10,0.0018197998428944805,0.0,70.19556042907364,70.19556042907364,0,0.0,0.012682807633839976,False,True,4.8044395709263625
1,NONE_plain_tank,0.07442607292128745,10,0.04555820829289217,True,0.03721303646064372,0.04317217515168625,0.9568278248483137,3.160484054892125e-05,2.3997665146523316e-09,65.98351227812411,1625.103124747938,0.37364194183045807,2638.9076286699215,1.0894610072522796e-08,0.09768209480821222,0.9933333333333333,17.0,1625.3182942419662,0.3738199444636814,767,2638.2274456061177,9.47387823875379e-09,0.0018197998428944805,0.0,70.19556042907364,70.19556042907364,0,0.0,0.013238606541902776,False,True,4.8044395709263625
1,NONE_plain_tank,0.07517219933691274,9,0.02713387837554123,True,0.03758609966845637,0.04003528252109421,0.9599647174789058,1.0586812504845763e-05,4.787688048185732e-10,39.692899073555196,1625.094171477485,0.3737088105935492,2638.590017233187,2.896115114747097e-09,0.15351939401875034,0.9933333333333333,17.0,1625.3182942419662,0.3738199444636814,767,2638.2274456061177,1.89009944662222e-09,0.0018197998428944805,0.0,70.19556042907364,70.19556042907364,0,0.0,0.013789469132003882,False,True,4.8044395709263625
2,PureTemp 58,0.04040983396757959,8,0.02833090652061193,True,0.020204916983789796,0.00552814980299232,0.9944718501970077,1.3919462858197952e-06,6.572516684212266e-11,22.278770839429644,1527.44847315405,0.28047692696363263,3913.396431237931,2.8691985005159803e-09,0.42475725409538023,0.9933333333333333,7.4,1527.4834293636802,0.2804951324370737,76,3913.2932951410003,2.5671702458770067e-10,0.002587859983978595,0.24600266623315822,57.988350935566416,57.0363454286825,0,3.919327531545609e-07,0.002288483721546554,False,True,7.963654571317498
2,PureTemp 58,0.042556792991190515,11,0.01886419260011321,True,0.021278396495595257,0.008878262501735316,0.9911217374982647,1.0245231294602288e-06,3.221133606234746e-11,15.622509730005152,1527.3785821764823,0.2804531512109399,3913.5095139377736,2.8691985005159803e-09,0.4092873192064323,0.9966666666666667,7.4,1527.208540336647,0.2804381585688476,78,3913.603168592285,1.2581479438137552e-10,0.002625198693575848,0.3950826813272216,58.03910103615387,57.033206227079454,0,2.7973617484728603e-07,0.011134159831095393,False,True,7.966793772920546
2,PureTemp 58,0.04262746526777292,10,0.017928271054120978,True,0.02131373263388646,0.008111424788190642,0.9918885752118094,8.418274685200567e-07,2.5154185060720118e-11,14.87207640589387,1527.3649983060463,0.2804552549799204,3913.498089768989,2.8691985005159803e-09,0.4116996687168863,0.9966666666666667,7.4,1527.2706354167442,0.2804510682971233,78,3913.53295426104,9.82501506651555e-11,0.002616405430854412,0.3609584030744836,58.027543369986326,57.03196922260297,0,2.5220500452129143e-07,0.006178530976364788,False,True,7.968030777397033
2,PureTemp 58,0.04317462980922791,9,0.016009935498282384,True,0.021587314904613956,0.007585024622136861,0.9924149753778632,6.271748220684109e-07,1.673504741243665e-11,13.451226754331685,1527.3618020370573,0.2804552401553823,3913.498170397722,2.8691985005159803e-09,0.4343254008333482,0.9966666666666667,7.4,1527.3123834604892,0.28045977106274356,77,3913.485621051931,6.53657006058131e-11,0.0026101676357312793,0.33753359568509034,58.01967026957043,57.02965949639457,0,1.921549089285416e-07,0.003235656117454981,False,True,7.970340503605428
2,PureTemp 58,0.043832332019740725,10,0.011648790707857432,True,0.021916166009870362,0.008818857992288518,0.9911811420077115,3.9734442551225895e-07,7.714303419543586e-12,9.936172182331752,1527.3618020370573,0.2804552549799204,3913.509323024731,2.8691985005159803e-09,0.4287262190224813,0.9966666666666667,7.4,1527.2095343507317,0.28043849611566196,78,3913.60133271911,3.0131426298073066e-11,0.00262358261466762,0.39243918065683914,58.03845887657616,57.027785142102,0,1.2732466368531012e-07,0.009970320568375213,False,True,7.9722148578980025
2,n-Octacosane (C28),0.041074159606584434,10,0.027662329615248782,True,0.020537079803292217,0.00725662493985055,0.9927433750601494,1.7608532197392984e-06,8.118217028083428e-11,22.110630525196697,1527.4686811083923,0.2804801882333375,3913.3882852390557,2.86919850051598e-09,0.4047037807244048,0.9966666666666667,7.4,1527.6586119925062,0.2805156297684328,79,3913.181812824491,3.1709530205688067e-10,0.0027133721039639055,0.3301764347632001,58.05822725179688,57.83092872649528,0,0.0,0.012432809439418359,False,True,7.16907127350472
2,n-Octacosane (C28),0.04091244197146843,11,0.028033188983510232,True,0.020456220985734214,0.007888374311179105,0.9921116256888209,1.974252717478194e-06,9.224099921712475e-11,22.318838842417986,1527.4593082846818,0.28047951672953536,3913.386459128181,2.86919850051598e-09,0.4027986092092689,0.9933333333333333,7.4,1527.5997181382613,0.2805033236439841,79,3913.24874423311,3.602907806928688e-10,0.0027223674657981547,0.3589210311586493,58.0692489848273,57.8444915540012,0,0.0,0.009191534399511097,False,True,7.155508445998798
2,n-Octacosane (C28),0.04152717041899265,10,0.023488058123310163,True,0.020763585209496324,0.007499384802946553,0.9925006151970535,1.3192963743343101e-06,5.164618320372773e-11,18.981177141322704,1527.4415100861684,0.280458279854757,3913.4530505516,2.86919850051598e-09,0.4064616711576452,1.0,7.4,1527.6353357404494,0.280510791376137,79,3913.208128210229,2.017285569771802e-10,0.002716671111399742,0.3412220085340682,58.062497808167684,57.82178499191173,0,0.0,0.012687953057007002,False,True,7.178215008088273
2,n-Octacosane (C28),0.041444576217283445,9,0.02269225425738426,True,0.020722288108641723,0.006709254050424833,0.9932907459495751,1.0965945014326255e-06,4.1473668739597784e-11,18.301598913424293,1527.4103763962576,0.2804526015199708,3913.483934275183,2.86919850051598e-09,0.4130353224051886,1.0,7.4,1527.7091932076123,0.2805262098990251,78,3913.1242688717325,1.61994998050777e-10,0.0027054796030772264,0.3052710592943299,58.04870525490892,57.80802019820223,0,0.0,0.019559796634289542,False,True,7.191979801797771
2,n-Octacosane (C28),0.044733323474778194,9,0.020439595232035222,True,0.022366661737389097,0.00843654492738769,0.9915634550726123,1.1290091788246325e-06,3.8460817714046605e-11,17.79291670735202,1527.3921977391344,0.28045243634460143,3913.4875571207135,2.86919850051598e-09,0.4510603328547386,1.0,7.4,1527.1420636210194,0.2804243114417635,78,3913.678481313599,1.5022635145675577e-10,0.0026393877066149592,0.38386279419613994,58.04474798923967,57.78444734747269,0,0.0,0.016379230464123384,False,True,7.2155526525273075
2,PlusICE A58,0.04048711695004451,9,0.029274579168698328,True,0.020243558475022256,0.00625491891167873,0.9937450810883213,1.6883380483856344e-06,8.237564310165148e-11,23.064880136025106,1527.3931344395921,0.2804669319323985,3913.45462913684,2.8691985005159803e-09,0.41537741721681526,0.99,7.4,1527.3838819296968,0.28047430459779443,77,3913.406575047056,3.217523973182931e-10,0.002603634703442939,0.28459881048138225,58.007184582528055,57.043898856272065,0,6.963070875734699e-07,0.0006057750120824284,False,True,7.956101143727935
2,PlusICE A58,0.04080991053034979,11,0.022314668657758323,True,0.020404955265174895,0.007829215208786969,0.992170784791213,1.250681563558401e-06,4.6514241145288047e-11,17.721471244210097,1527.3867137307204,0.2804486586891727,3913.4965247386012,2.8691985005159803e-09,0.4076765740848335,0.9933333333333333,7.4,1527.2455033903666,0.2804455356415254,78,3913.5630456544845,1.8168074972630214e-10,0.0026233974878086255,0.35622929199980713,58.032953337391184,57.0437862982951,0,6.794795826083721e-07,0.00924607995507996,False,True,7.956213701704897
2,PlusICE A58,0.041072908711490566,13,0.024800777304344768,True,0.020536454355745283,0.009432750558758373,0.9905672494412416,1.8747936734265527e-06,7.749390064374402e-11,19.822774555077025,1527.3769361410996,0.28043758859061607,3913.536490697465,2.8691985005159803e-09,0.41647659477660137,0.9966666666666667,7.4,1527.1051267675948,0.2804162952936693,78,3913.722080099381,3.026911759149482e-10,0.002643801207867587,0.429190150423506,58.05911970246424,57.04599702399014,0,7.537858624232474e-07,0.017798995546567355,False,True,7.9540029760098605
2,PlusICE A58,0.042526257706215154,11,0.01848801788949115,True,0.021263128853107577,0.008859165258949545,0.9911408347410504,9.82804271610101e-07,3.028350492565978e-11,15.299992168844005,1527.3644936442197,0.2804473411847578,3913.5236105458075,2.8691985005159803e-09,0.40762175622950647,0.9966666666666667,7.4,1527.1529377802306,0.2804263437058734,78,3913.6674280937063,1.1828484661442337e-10,0.002635925966343626,0.40309201928220434,58.05004837880987,57.03994545508031,0,5.151731870876987e-07,0.013852958584268386,False,True,7.960054544919693
2,PlusICE A58,0.04145182694875933,9,0.01748102288937768,True,0.020725913474379666,0.006712776019902357,0.9932872239800976,6.5702854283375e-07,1.9142551660418746e-11,14.10113943644072,1527.3529888687192,0.28044857518638927,3913.523373754417,2.8691985005159803e-09,0.4243445598194045,0.9966666666666667,7.4,1527.3421013632674,0.28046567690212054,77,3913.4534999605003,7.476921157296509e-11,0.0026090081356772597,0.30543130890555725,58.01486749942669,57.03925301433927,0,5.06126414427233e-07,0.000712840001077785,False,True,7.960746985660727
2,NONE_plain_tank,0.04468235067177792,9,0.02588592467002595,True,0.02234117533588896,0.008407737912007449,0.9915922620879926,1.7896743573627705e-06,7.721229266428297e-11,22.508335751994274,1527.4700777299313,0.28047575424593146,3913.409532553158,2.8691985005159803e-09,0.4166677636612315,1.0,7.4,1526.7135644853302,0.2803814371532347,73,3913.9116689866746,3.0157191207327434e-10,0.002286392258538302,0.0,57.79726313120052,57.79726313120052,0,0.0,0.04955174711218116,False,True,17.202736868799477
2,NONE_plain_tank,0.044682242270429856,9,0.019666660979143852,True,0.022341121135214928,0.008407676719529949,0.9915923232804701,1.0431450930877488e-06,3.419196816302369e-11,17.10051853121231,1527.3909989294978,0.28045066098312865,3913.506397837044,2.8691985005159803e-09,0.428446593661821,1.0,7.4,1526.7135644853302,0.2803814371532347,73,3913.9116689866746,1.335452796527795e-10,0.002286392258538302,0.0,57.79726313120052,57.79726313120052,0,0.0,0.04437207213757689,False,True,17.202736868799477
2,NONE_plain_tank,0.047735262901688155,8,0.024076860521149133,True,0.023867631450844078,0.009112479437070066,0.99088752056293,1.67957651485774e-06,6.739821580471262e-11,22.365719033145137,1527.3756831509895,0.2804434511003643,3913.5272097649836,2.8691985005159803e-09,0.4213130674610448,1.0,7.4,1526.7135644853302,0.2803814371532347,73,3913.9116689866746,2.6324058137914527e-10,0.002286392258538302,0.0,57.79726313120052,57.79726313120052,0,0.0,0.04336888602169263,False,True,17.202736868799477
2,NONE_plain_tank,0.04276471873120852,10,0.01254531894869369,True,0.02138235936560426,0.008190029722677059,0.991809970277323,4.243545555589416e-07,8.872772078030133e-12,10.440252836529082,1527.3628607822125,0.28045075655822316,3913.5283445280324,2.8691985005159803e-09,0.39556470474606104,0.9933333333333333,7.4,1526.7135644853302,0.2803814371532347,73,3913.9116689866746,3.465482954374567e-11,0.002286392258538302,0.0,57.79726313120052,57.79726313120052,0,0.0,0.042529018670322494,False,True,17.202736868799477
2,NONE_plain_tank,0.04433585636208756,8,0.012668665500400546,True,0.02216792818104378,0.007301026239030407,0.9926989737609696,3.802468345344294e-07,8.028699923838068e-12,10.930239040244068,1527.3585112690398,0.28045104996369163,3913.5267487338915,2.8691985005159803e-09,0.45924333118803756,1.0,7.4,1526.7135644853302,0.2803814371532347,73,3913.9116689866746,3.135809472755886e-11,0.002286392258538302,0.0,57.79726313120052,57.79726313120052,0,0.0,0.04224412481244143,False,True,17.202736868799477
3,PureTemp 58,0.04388733691441293,12,0.04250456279575218,True,0.021943668457206467,0.010622519816079576,0.9893774801839205,6.103032163500842e-06,4.323445230633614e-10,36.30099015835158,1564.4628927128222,0.4072993222599021,2133.5361307733547,2.9939515891125686e-09,0.4595360407116158,0.9933333333333333,21.8,1564.3035221572322,0.4073810213853486,1511,2133.652688558049,1.6909234488437885e-09,0.0014999318866134414,0.47270213181554116,72.82226317299997,72.64320742644405,917,0.0380681236325984,0.010187956066873304,False,False,-7.64320742644405
3,PureTemp 58,0.04036962011027347,11,0.04080426572197353,True,0.020184810055136736,0.0075785355279784005,0.9924214644720216,3.979328570276818e-06,2.7062263396102723e-10,32.05560063815501,1564.4288289204153,0.40732552510877884,2133.595177110769,2.9722041651146923e-09,0.41545455693793987,0.9933333333333333,21.8,1564.524551254844,0.4074463365582285,1510,2133.417529207357,1.0584351906019319e-09,0.0014752110651017115,0.3372448309950389,72.904016217115,72.7615721440046,1067,0.038404902646686015,0.006118301841409483,False,False,-7.761572144004603
3,PureTemp 58,0.045835080211060746,8,0.04645645336945061,True,0.022917540105530373,0.008067009939843236,0.9919329900601568,5.434217097190289e-06,4.207574219584865e-10,41.4369456952606,1564.4214783745497,0.4073220626994212,2133.5520897596607,3.113471426133295e-09,0.4362229001386051,0.9966666666666667,21.8,1564.484515324338,0.4074382367135827,1510,2133.446691714683,1.6456290281069168e-09,0.0014780842543095968,0.358981942323024,72.88297517986396,72.6719115336767,845,0.03782296763266906,0.004029247280546942,False,False,-7.671911533676706
3,PureTemp 58,0.042322268027177985,11,0.03571075535258699,True,0.021161134013588993,0.008732289048284178,0.9912677109517158,3.530759637608411e-06,2.1014348937903778e-10,29.411126486063917,1564.3991212823662,0.4073274441317431,2133.6501152701717,2.9118935628054013e-09,0.4138133181661746,0.9966666666666667,21.8,1564.4400248207553,0.40742237390676184,1511,2133.5038038248967,8.218916175772171e-10,0.0014843823087186425,0.3885868626486459,72.87264404193827,72.70853254144255,972,0.03816000663458566,0.0026145801526516695,False,False,-7.708532541442551
3,PureTemp 58,0.04755043160391579,8,0.03899838339149999,True,0.023775215801957895,0.009007037995847284,0.9909929620041528,4.298186782058613e-06,2.7937056002499905e-10,36.08649956010538,1564.3953158683703,0.40733520869677003,2133.654871812506,2.9555838770851427e-09,0.4366027135413632,1.0,21.8,1564.4155034898065,0.4074184407293179,1511,2133.5179647527957,1.0926493014303245e-09,0.0014852739610043035,0.4008131908152041,72.85723425861639,72.56918415658734,740,0.03770857434386795,0.001290425810225862,False,False,-7.56918415658734
3,Palmitic-stearic acid/Expanded graphite,0.0404375245719779,15,0.03979482989643118,True,0.02021876228598895,0.010386603731149848,0.9896133962688501,5.2728254144173024e-06,3.497186507338597e-10,31.315179376408462,1564.593587594917,0.40753723751607296,2133.1076718245235,2.972204165114692e-09,0.4418708338701568,0.9966666666666667,21.8,1564.6569543807957,0.4076037485264411,1511,2132.85078652562,1.3678662159038068e-09,0.001467582369608995,0.44454663969321356,72.92967859550465,72.75118462241042,1396,0.07513245291888551,0.004049883631127781,False,False,-7.75118462241042
3,Palmitic-stearic acid/Expanded graphite,0.04410798359822751,9,0.03452153344075457,True,0.022053991799113756,0.008087657302150256,0.9919123426978498,3.0357204548796724e-06,1.746628753331855e-10,29.631318206264016,1564.509818114581,0.40749413457356487,2133.3194972257006,2.8691985005159803e-09,0.43454643413020305,0.9966666666666667,21.8,1564.7340300091582,0.40760395891887313,1509,2132.8500290332104,6.831550228931962e-10,0.0014535111087643092,0.34615173253203096,72.95026185844168,72.75324537710577,860,0.07457155517289896,0.014329073841119554,False,False,-7.75324537710577
3,Palmitic-stearic acid/Expanded graphite,0.04087679493914228,11,0.03475132563727227,True,0.02043839746957114,0.007867772837557907,0.9921322271624421,3.008637140827301e-06,1.7425688167546884e-10,27.643428229895544,1564.5025565641495,0.4074865426423392,2133.3617875179425,2.8691985005159803e-09,0.4219244725247211,0.9966666666666667,21.8,1564.7587757217714,0.40760246846378045,1509,2132.85539523583,6.815767498614681e-10,0.001453922801629148,0.33674067744747843,72.96544026823813,72.77664094504183,1384,0.07503480148504471,0.016374355050586882,False,False,-7.776640945041834
3,Palmitic-stearic acid/Expanded graphite,0.045043794265693465,8,0.03056630494115698,True,0.022521897132846733,0.007656380413050619,0.9923436195869494,2.2495357500154627e-06,1.1459999285167819e-10,26.793015593791992,1564.4522199573125,0.40745965003643925,2133.4731153084517,2.8691985005159803e-09,0.4325364521599662,1.0,21.8,1564.7494446062633,0.4076031664537829,1509,2132.8528822075623,4.482371803744495e-10,0.0014507704822338474,0.3276930816785665,72.95805816123504,72.74095133504832,832,0.07439611319912676,0.018995031439397642,False,False,-7.740951335048322
3,Palmitic-stearic acid/Expanded graphite,0.047609325756885174,9,0.030648708234677108,True,0.023804662878442587,0.010170615134951395,0.9898293848650486,3.035427589708058e-06,1.5505322427408575e-10,28.395393733814508,1564.3839789379708,0.4074331659192679,2133.561434409995,2.8691985005159803e-09,0.45396197213832484,0.9966666666666667,21.8,1563.5595304756202,0.40740134219056157,1505,2133.5795259658253,6.064756121296033e-10,0.0012764075681030373,0.4353023277759197,72.87966467514354,72.63273492838312,761,0.0737858435356927,0.05272894611820662,False,False,-7.632734928383115
3,n-Octacosane (C28),0.0410531532704022,10,0.04360121270156141,True,0.0205265766352011,0.007245496983097157,0.9927545030169028,4.324174737603442e-06,3.1423210415494363e-10,34.83283146585254,1564.313666270381,0.4071682901451766,2134.3363097387673,3.016589418115956e-09,0.41334254378832774,0.99,21.8,1564.7668272784292,0.4073781082832648,1511,2133.663176828451,1.2291494257489391e-09,0.0015550512370317775,0.3296701127309207,72.87697822112928,72.70496909648644,845,0.01155359158980914,0.028960289811129872,False,False,-7.704969096486437
3,n-Octacosane (C28),0.04090800785316727,9,0.04184871095375527,True,0.020454003926583635,0.006452026156653634,0.9935479738433464,3.535391425569027e-06,2.46585956461705e-10,33.31456178415389,1564.2762278421212,0.407181326091509,2134.285918247273,2.972204165114692e-09,0.41960862522867254,0.9866666666666667,21.8,1564.8394498137723,0.4074112362810448,1511,2133.543903494183,9.64544942335668e-10,0.0015467336039295192,0.29356719012774035,72.90177174753613,72.72940185628924,853,0.01155128109474988,0.03599231676566398,False,False,-7.729401856289243
3,n-Octacosane (C28),0.046495785874806905,9,0.04775604768724869,True,0.023247892937403453,0.00947353153611921,0.9905264684638808,6.780610490386445e-06,5.396919298792564e-10,43.210138560091984,1564.2751157948198,0.4071737962856449,2134.297852647819,3.1427636057710496e-09,0.456340782889826,0.9933333333333333,21.8,1564.1671329398746,0.40723834773228773,1512,2134.166367725313,2.110967505114843e-09,0.0015064310511386692,0.43104568489342404,72.84678893648253,72.34075671134447,421,0.010954041530515804,0.006903536883702018,False,False,-7.3407567113444685
3,n-Octacosane (C28),0.04456029561372317,10,0.036631436255331,True,0.022280147806861585,0.009265584217800524,0.9907344157821995,3.933583736817845e-06,2.4015470318374936e-10,31.764768853137067,1564.2564978049704,0.4071672180168449,2134.3599695237126,2.9118935628054013e-09,0.4385177002802601,0.99,21.8,1564.5759264145247,0.40729480622620096,1512,2133.9630957720397,9.39365121505742e-10,0.0015758367466247088,0.42158408190992386,72.84129381155294,72.41993127053948,469,0.011171304337143837,0.020416306052100708,False,False,-7.419931270539479
3,n-Octacosane (C28),0.04753247389813836,9,0.03677538940755146,True,0.02376623694906918,0.01012144180883677,0.9898785581911632,4.3269981201474026e-06,2.652117347236065e-10,34.016637944814796,1564.211482769338,0.4071708379676237,2134.3381991861233,2.9118935628054013e-09,0.4699806028354549,0.9933333333333333,21.8,1564.1057967824272,0.4072111944226309,1512,2134.2641299203206,1.03734623239984e-09,0.0015127769853195412,0.4605256023020731,72.8731198352918,72.19771867600744,370,0.010723144595890736,0.006756958968395545,False,False,-7.19771867600744
3,NONE_plain_tank,0.041541378380146675,12,0.049858941179910014,True,0.020770689190073337,0.009008501852221512,0.9909914981477785,7.0714918802659685e-06,5.876284961873204e-10,40.30580907420923,1564.5691708082375,0.407518849614371,2133.095817879953,3.686950390725041e-09,0.3985784429909279,0.99,21.8,1563.787307508668,0.40751023277331155,1505,2133.1874786419507,2.2985578318759683e-09,0.001231495469766918,0.0,72.95630416271473,72.95630416271473,0,0.0,0.04999805893137349,False,True,2.04369583728527
3,NONE_plain_tank,0.04320638997700036,11,0.04760672535593306,True,0.02160319498850018,0.009291059617636838,0.9907089403823631,6.642499638699679e-06,5.270460932941004e-10,40.02763950503287,1564.5461580510362,0.40751914122016264,2133.091022430327,3.1427636057710496e-09,0.40660974622856166,1.0,21.8,1563.787307508668,0.40751023277331155,1505,2133.1874786419507,2.0615847144262033e-09,0.001231495469766918,0.0,72.95630416271473,72.95630416271473,0,0.0,0.04852645489092705,False,True,2.04369583728527
3,NONE_plain_tank,0.04035653123655079,11,0.044596725867815275,True,0.020178265618275393,0.007571166446749797,0.9924288335532502,4.7407046835804805e-06,3.523665119898444e-10,35.0235766729263,1564.52609439042,0.4075090611413523,2133.1515239510063,3.043923359837001e-09,0.3986990807124126,0.9966666666666667,21.8,1563.787307508668,0.40751023277331155,1505,2133.1874786419507,1.3783109755249649e-09,0.001231495469766918,0.0,72.95630416271473,72.95630416271473,0,0.0,0.047243437659629,False,True,2.04369583728527
3,NONE_plain_tank,0.045249384483776654,10,0.04828949664324029,True,0.022624692241888327,0.009702120090517083,0.9902978799094829,7.122350595693514e-06,5.732245419712041e-10,42.52154574251484,1564.5205949377143,0.4075129635446203,2133.1304306830416,3.148466226570662e-09,0.4246071886016382,0.9966666666666667,21.8,1563.787307508668,0.40751023277331155,1505,2133.1874786419507,2.242215564631189e-09,0.001231495469766918,0.0,72.95630416271473,72.95630416271473,0,0.0,0.04689176242353845,False,True,2.04369583728527
3,NONE_plain_tank,0.04286336057216296,10,0.03962767420205378,True,0.02143168028608148,0.008246834341195155,0.9917531656588049,4.080383262208508e-06,2.6949349755718686e-10,33.054340043790134,1564.4917005250695,0.4074901183157431,2133.244514611908,2.972204165114692e-09,0.39899548520425504,1.0,21.8,1563.787307508668,0.40751023277331155,1505,2133.1874786419507,1.0541462734854267e-09,0.001231495469766918,0.0,72.95630416271473,72.95630416271473,0,0.0,0.04504404230801557,False,True,2.04369583728527
4,PureTemp 58,0.048279448055780494,8,0.04354297759382657,True,0.024139724027890247,0.00942769435728241,0.9905723056427176,5.6016681874432515e-06,4.0652218728982094e-10,40.90949417195486,1624.3977931144098,0.37187811745455407,2662.4627100644016,3.0401733671358187e-09,0.445381398678756,0.9933333333333333,16.8,1624.5513897237424,0.3719292870551566,800,2662.2307148423924,1.5991735926771684e-09,0.0009344321925633986,0.4195323988990673,69.51537706657322,68.52464582420176,190,0.012401649691096243,0.009454709177208606,False,False,-3.5246458242017553
4,PureTemp 58,0.043077563234287256,8,0.03063725518565172,True,0.021538781617143628,0.006696871886427106,0.9933031281135729,1.9725246882044233e-06,1.0072123705419504e-10,25.6829361289067,1624.3896024259977,0.3718707391019392,2662.46697070081,2.86919850051598e-09,0.418491551293115,1.0,16.8,1624.7914572312332,0.37199872868421746,799,2661.9363695816373,3.962429421946152e-10,0.0009231356594145949,0.29801079894600624,69.493077781978,68.9030818812567,251,0.012893757981342624,0.024732700522700133,False,False,-3.9030818812566963
4,PureTemp 58,0.04334329627866469,8,0.024526200484477716,True,0.021671648139332346,0.006821571171284214,0.9931784288287158,1.2950635546545003e-06,5.2938313969327726e-11,20.686923084213248,1624.3857325716922,0.37186825782497157,2662.4926421737423,2.86919850051598e-09,0.4349603181856881,1.0,16.8,1624.7797264616129,0.3719955910350441,799,2661.94966927199,2.0826153291804032e-10,0.0009236016295428507,0.3035599171221475,69.50308993832633,68.83418138089273,238,0.012815446071154816,0.024249064873471764,False,False,-3.83418138089273
4,PureTemp 58,0.04806331545126369,9,0.02204842234668234,True,0.024031657725631844,0.010464351131971309,0.9895356488680287,1.6368783945479443e-06,6.015097695525401e-11,20.622197134000537,1624.373205484805,0.3718653173803286,2662.4923974879684,2.86919850051598e-09,0.48734656297014967,0.99,16.8,1624.460062190527,0.37190363640955737,800,2662.339441352262,2.366180701679127e-10,0.0009387129696647452,0.46566362537272327,69.52997880519065,68.37890705757536,107,0.012333307684905696,0.005346804624099764,False,False,-3.3789070575753613
4,PureTemp 58,0.0419951710700108,9,0.03514492613382892,True,0.0209975855350054,0.006980221298979108,0.9930197787010209,2.708316519030128e-06,1.5863930668057087e-10,28.72140485205793,1624.3711351993365,0.37187350744630615,2662.492651526852,2.889684239046715e-09,0.4184680124977543,0.9933333333333333,16.8,1624.770202126075,0.3719917804361943,800,2661.965821423477,6.241002524237318e-10,0.0009245134634513148,0.31061984780457036,69.46830157893758,69.01334716287826,277,0.013040374889621913,0.02456143805543992,False,False,-4.0133471628782615
4,n-Octacosane (C28),0.04941890211215319,8,0.01930943300873793,True,0.024709451056076595,0.010111087848329346,0.9898889121516706,1.2135022329422114e-06,3.905340012158588e-11,18.56976054798706,1624.29797695881,0.37179698081260876,2662.775965756018,2.8691985005159795e-09,0.5040628449479774,1.0,16.8,1624.3527675923149,0.3718197601303226,798,2662.6949713940603,1.5362034623683516e-10,0.0009466420377984205,0.46005449709898527,69.66797901221653,67.08369261905115,21,0.0032310415251486134,0.003373074777717238,False,False,-2.083692619051149
4,n-Octacosane (C28),0.048627650930511704,8,0.033284338600130886,True,0.024313825465255852,0.00963315340700208,0.9903668465929979,3.3663226042857988e-06,1.8674303566387158e-10,31.49683469075936,1624.2957462844465,0.3718059084584774,2662.7558016674125,2.8691985005159795e-09,0.454281448266353,1.0,16.8,1624.402596316578,0.3718375737616786,798,2662.6194639781575,7.345848546229196e-10,0.0009443369741939791,0.4383084800185946,69.65021438060491,67.76895960538292,46,0.003431173345956407,0.006577804811056168,False,False,-2.7689596053829177
4,n-Octacosane (C28),0.046615883917017736,8,0.04981070919860355,True,0.023307941958508868,0.008486338988827214,0.9915136610111728,6.56977146220618e-06,5.454082930087275e-10,45.185629601915736,1624.283027577446,0.37180314695905997,2662.781474368408,3.6869503907250398e-09,0.4404460185325242,0.98,16.8,1624.5178738333163,0.37187881358461083,798,2662.4446589426384,2.1455074477363007e-09,0.0009384639467314454,0.38612842399163827,69.62875093250518,68.06895003893553,98,0.003661127976756845,0.014456366387406619,False,False,-3.068950038935526
4,n-Octacosane (C28),0.04461146820724084,8,0.023434564580741633,True,0.02230573410362042,0.0074380339201852285,0.9925619660798147,1.2930729423135863e-06,5.050433562376224e-11,20.34450344497228,1624.278382343609,0.371798092727535,2662.7846618918193,2.8691985005159795e-09,0.45581912732478336,0.9966666666666667,16.8,1624.6195508481705,0.3719153626240501,798,2662.2897369356288,1.9867493750577886e-10,0.0009328877350807943,0.3384305433684279,69.63013863530621,68.03839940387078,91,0.00365976458900338,0.020999901446669324,False,False,-3.038399403870784
4,n-Octacosane (C28),0.04141869450551133,8,0.029509775602657842,True,0.020709347252755667,0.005952615393623905,0.9940473846063761,1.6257867202181665e-06,7.996100215236527e-11,23.78515589615878,1624.277331636507,0.3717971431766568,2662.7769025088437,2.8691985005159795e-09,0.4160458036457308,1.0,16.8,1625.1827710914342,0.3720280275318293,798,2661.812179278835,3.1456880360657086e-10,0.0009612429456022912,0.27084400040988765,69.6247840139259,68.44248439055096,150,0.00400355549089135,0.05571308477010538,False,False,-3.442484390550959
4,PlusICE A58,0.04361279904236123,8,0.02966850055239583,True,0.021806399521180617,0.006949610840044968,0.993050389159955,1.9219480314889346e-06,9.503552705650923e-11,25.17985628878744,1624.3440615661148,0.3718488484174185,2662.561502176553,2.86919850051598e-09,0.42489724545564733,1.0,16.8,1624.7251084016236,0.37197254066425267,800,2662.0473738836595,3.7387900300514437e-10,0.0009274823543681913,0.31620729322204605,69.4824156022138,69.10477437578236,292,0.013102337862209728,0.02345300343660818,False,False,-4.104774375782355
4,PlusICE A58,0.04819775755618961,9,0.024726039688500928,True,0.024098878778094805,0.010552409244712777,0.9894475907552872,2.0671914621136058e-06,8.518909689325214e-11,23.19129946757483,1624.3361778541662,0.37184728007983436,2662.5737976389405,2.86919850051598e-09,0.492362979579976,0.9966666666666667,16.8,1624.3861173620635,0.37187162173351984,800,2662.4751433554225,3.351161594503765e-10,0.0009444693749606512,0.4801346206344314,69.4957922858761,68.6515680895974,207,0.012643624280435506,0.0030743618997684076,False,False,-3.6515680895974043
4,PlusICE A58,0.044398249816640666,9,0.028532372668473485,True,0.022199124908320333,0.008248380350310969,0.991751619649689,2.1260351293944072e-06,1.0110137769691245e-10,24.651731422696617,1624.3320195476535,0.3718474588669446,2662.5761646512874,2.86919850051598e-09,0.43990279388274434,0.9966666666666667,16.8,1624.6052339297494,0.3719364122921147,800,2662.200512789838,3.9772439474470925e-10,0.0009337128808709562,0.3753013059391491,69.46099988356066,69.01964023057985,268,0.013035017930029053,0.01681727821564092,False,False,-4.019640230579853
4,PlusICE A58,0.04254725097925115,9,0.027953733652356774,True,0.021273625489625574,0.007259147864011781,0.9927408521359882,1.7923693638257749e-06,8.350569300504978e-11,23.144884460190426,1624.3300908918106,0.37184593309998687,2662.587263146567,2.86919850051598e-09,0.4180144717281993,0.9966666666666667,16.8,1624.6987484503377,0.3719640816911659,800,2662.083229301694,3.285195148911071e-10,0.0009290631230435681,0.33029122781253606,69.47285178929063,69.14841003748214,300,0.013201444584524274,0.022690825537883787,False,False,-4.148410037482137
4,PlusICE A58,0.04308770721598609,10,0.027058519103300406,True,0.021543853607993046,0.008377004968387836,0.9916229950316122,1.951993035169698e-06,8.80300680527477e-11,22.68825519447343,1624.317347222204,0.37184350522188,2662.590844697739,2.86919850051598e-09,0.4175137969732774,1.0,16.8,1624.5959588055832,0.3719330629957769,801,2662.2147095982546,3.4630417452028283e-10,0.0009344599248961246,0.3811537260616466,69.44919973872402,69.09326345420592,290,0.0131582791130205,0.01714959229518371,False,False,-4.093263454205925
4,NONE_plain_tank,0.04843869234425064,8,0.03359121582935646,True,0.02421934617212532,0.009521290941805047,0.9904787090581949,3.387031979461516e-06,1.896242037383737e-10,31.663711721292994,1624.3700604553828,0.37186631119778835,2662.5233613488645,2.8691985005159803e-09,0.4084888871490694,1.0,16.8,1624.0476122260409,0.3720080889326367,795,2661.8966938885555,7.460922316252774e-10,0.0008023988042691648,0.0,69.5090180951813,69.5090180951813,0,0.0,0.019854604441059,False,True,5.490981904818696
4,NONE_plain_tank,0.04357288830372528,8,0.04437267888417441,True,0.02178644415186264,0.006930549209153926,0.9930694507908461,4.254400599729943e-06,3.146319194274263e-10,37.624928813240096,1624.3539427920973,0.371860197935164,2662.564499019853,3.0675073088568634e-09,0.39001100635079605,1.0,16.8,1624.0476122260409,0.3720080889326367,795,2661.8966938885555,1.2379455063131378e-09,0.0008023988042691648,0.0,69.5090180951813,69.5090180951813,0,0.0,0.018862166586147772,False,True,5.490981904818696
4,NONE_plain_tank,0.044052702220405186,8,0.017513238322171575,True,0.022026351110202593,0.007162032135883743,0.9928379678641163,7.0179232203118e-07,2.0484426980670395e-11,15.013525995441976,1624.3502747861012,0.371846854002477,2662.588217626954,2.8691985005159803e-09,0.4406731333719308,1.0,16.8,1624.0476122260409,0.3720080889326367,795,2661.8966938885555,8.05976849910108e-11,0.0008023988042691648,0.0,69.5090180951813,69.5090180951813,0,0.0,0.01863631076957445,False,True,5.490981904818696
4,NONE_plain_tank,0.04561994040641828,9,0.028921367805761482,True,0.02280997020320914,0.008948191467540693,0.9910518085324593,2.3734775453818907e-06,1.1440702844784268e-10,25.675400777602654,1624.3454795514103,0.3718527844063694,2662.5660969635705,2.8691985005159803e-09,0.41713580787487325,0.9966666666666667,16.8,1624.0476122260409,0.3720080889326367,795,2661.8966938885555,4.501439873474067e-10,0.0008023988042691648,0.0,69.5090180951813,69.5090180951813,0,0.0,0.018341046354002712,False,True,5.490981904818696
4,NONE_plain_tank,0.04555003803229031,9,0.040198742318162374,True,0.022775019016145155,0.008907121145690948,0.9910928788543091,4.5267360782986604e-06,3.032818285897612e-10,35.63238554353245,1624.3426257376286,0.37185825899649966,2662.561289015392,2.9722041651146923e-09,0.4165047760464864,0.9933333333333333,16.8,1624.0476122260409,0.3720080889326367,795,2661.8966938885555,1.193287628072807e-09,0.0008023988042691648,0.0,69.5090180951813,69.5090180951813,0,0.0,0.01816532405619393,False,True,5.490981904818696
