point_id,lat,lon,population,cluster_id,max_membership_prob,chosen_k,bootstrap_ari_mean_chosen_k,bootstrap_effective_n_resamples_chosen_k,prob_cluster0,prob_cluster1,prob_cluster2
RJP_0001,26.875,75.875,2742833.876691699,2,0.9999999999991438,3,0.8272520491132644,50,8.57130065305127e-13,2.1008856897373055e-20,0.9999999999991438
RJP_0002,26.875,75.625,1321002.166765213,2,0.9999999999999503,3,0.8272520491132644,50,4.8958372793567265e-14,5.109992140293438e-20,0.9999999999999503
RJP_0003,25.125,75.875,1184473.7975344956,0,1.0,3,0.8272520491132644,50,1.0,4.875903547772095e-31,1.8199790343247158e-23
RJP_0004,26.375,73.125,765090.6806398034,1,1.0,3,0.8272520491132644,50,1.631446547136238e-46,1.0,4.583689607417325e-33
RJP_0005,26.375,74.625,703935.1239979863,1,0.9827201464498296,3,0.8272520491132644,50,4.628621774196428e-11,0.9827201464498296,0.017279853503886576
RJP_0006,24.625,73.625,701123.3191981912,0,1.0,3,0.8272520491132644,50,1.0,2.8525745110168605e-61,2.113044360819737e-43
RJP_0007,27.625,76.625,670955.2634944618,2,1.0,3,0.8272520491132644,50,1.422898172285726e-34,4.511355689301924e-31,1.0
RJP_0008,28.125,73.375,657708.8739934117,1,1.0,3,0.8272520491132644,50,2.78925589903023e-98,1.0,1.5718467720238835e-61
RJP_0009,25.375,74.625,556660.7704209685,0,0.9999999999950369,3,0.8272520491132644,50,0.9999999999950369,4.3936923915457555e-23,4.962785997263187e-12
RJP_0010,26.875,76.625,491123.77503216267,2,0.999999999999865,3,0.8272520491132644,50,1.3332022408506129e-13,5.177987983721907e-26,0.999999999999865
RJP_0011,27.125,77.375,474688.5578681231,2,1.0,3,0.8272520491132644,50,2.206531302271235e-40,2.631178338894288e-35,1.0
RJP_0012,27.625,75.125,473220.9202796221,2,0.9999935869162798,3,0.8272520491132644,50,5.797827906544776e-25,6.413083720808e-06,0.9999935869162798
RJP_0013,27.625,76.125,463242.7318748832,2,1.0,3,0.8272520491132644,50,1.6867939467894854e-32,2.2731377233093712e-26,1.0
RJP_0014,27.125,75.875,461256.095228076,2,1.0,3,0.8272520491132644,50,6.345828085171496e-20,1.5300380464960704e-18,1.0
RJP_0015,27.125,76.625,455782.20474520326,2,1.0,3,0.8272520491132644,50,1.2189013918857766e-28,6.7143747544913175e-31,1.0
RJP_0016,23.625,74.125,455467.8696575165,0,1.0,3,0.8272520491132644,50,1.0,4.489466259516895e-92,4.10963959328912e-83
RJP_0017,23.375,74.375,446141.2500662804,0,1.0,3,0.8272520491132644,50,1.0,1.8357148807995063e-94,1.76661962269765e-89
RJP_0018,27.125,75.625,442390.8795146942,2,1.0,3,0.8272520491132644,50,6.070349818092662e-21,9.995563160308486e-17,1.0
RJP_0019,26.875,76.375,438017.5918968916,2,0.9999999999997158,3,0.8272520491132644,50,2.84809710285005e-13,3.0711286392361746e-25,0.9999999999997158
RJP_0020,26.125,74.375,435141.01568478346,1,0.9998993076641783,3,0.8272520491132644,50,4.035552235622276e-10,0.9998993076641783,0.00010069193226849114
RJP_0021,28.125,76.875,422225.856395781,2,1.0,3,0.8272520491132644,50,3.1270167382150663e-50,2.659939936869326e-32,1.0
RJP_0022,27.875,76.375,421737.7472658157,2,1.0,3,0.8272520491132644,50,4.22959888482321e-39,1.928294492675355e-28,1.0
RJP_0023,27.625,77.125,409875.52309674025,2,1.0,3,0.8272520491132644,50,8.146089289940746e-43,1.4063565280990688e-35,1.0
RJP_0024,26.625,74.875,398900.5337185264,2,0.9707697385593237,3,0.8272520491132644,50,3.0804335677695635e-13,0.02923026144036898,0.9707697385593237
RJP_0025,27.375,75.875,388324.2154954672,2,1.0,3,0.8272520491132644,50,3.0422678434010888e-21,9.254502334751384e-19,1.0
RJP_0026,27.375,77.125,386566.85621380806,2,1.0,3,0.8272520491132644,50,2.913516364991421e-41,1.1650656837317543e-34,1.0
RJP_0027,26.875,77.875,383851.6025726795,2,1.0,3,0.8272520491132644,50,1.032935720455283e-20,1.0916064645362122e-31,1.0
RJP_0028,23.625,74.375,382106.88644075394,0,1.0,3,0.8272520491132644,50,1.0,2.2301463658787892e-92,6.085302517581992e-85
RJP_0029,27.125,77.125,377731.64031112194,2,1.0,3,0.8272520491132644,50,9.179592058896629e-39,2.2635898969634093e-33,1.0
RJP_0030,26.125,73.125,376786.1268905252,1,1.0,3,0.8272520491132644,50,1.0418724015317735e-41,1.0,1.1528343254606481e-33
RJP_0031,27.875,76.625,374308.9735670686,2,1.0,3,0.8272520491132644,50,2.1874126308453575e-39,1.4321097298601209e-30,1.0
RJP_0032,26.625,76.875,372735.6868137717,2,0.9999999999999929,3,0.8272520491132644,50,5.838840748199192e-15,8.44360745406204e-28,0.9999999999999929
RJP_0033,29.875,73.875,366981.5729411245,2,1.0,3,0.8272520491132644,50,1.1406373819950425e-80,4.976845052834771e-19,1.0
RJP_0034,29.625,74.375,364302.2188515067,2,1.0,3,0.8272520491132644,50,1.2119224077484353e-77,4.9643999851825623e-26,1.0
RJP_0035,23.625,73.875,362251.59481680393,0,1.0,3,0.8272520491132644,50,1.0,5.5004820417178495e-59,1.2032930682632934e-55
RJP_0036,27.375,76.875,359881.0615261793,2,1.0,3,0.8272520491132644,50,2.0170826027599564e-33,1.0154755459179736e-31,1.0
RJP_0037,26.875,77.125,356995.65363645554,2,1.0,3,0.8272520491132644,50,8.272885746821886e-19,6.60654736811627e-29,1.0
RJP_0038,26.375,72.875,356387.3596659601,1,1.0,3,0.8272520491132644,50,3.8527980451523555e-84,1.0,4.098795560781976e-53
RJP_0039,27.125,76.875,351152.97289443016,2,1.0,3,0.8272520491132644,50,5.610901149579788e-31,8.691862243241063e-30,1.0
RJP_0040,26.625,77.125,350523.20013064146,2,1.0,3,0.8272520491132644,50,1.6557098556981796e-16,8.229715854071099e-29,1.0
RJP_0041,24.875,74.625,348176.0788972974,0,1.0,3,0.8272520491132644,50,1.0,1.7205893354530108e-45,4.638674786762406e-23
RJP_0042,23.875,74.125,342884.25374019146,0,1.0,3,0.8272520491132644,50,1.0,2.2058867214100068e-90,1.6540871138863572e-81
RJP_0043,25.125,73.875,332687.63337373734,0,0.9999997998187085,3,0.8272520491132644,50,0.9999997998187085,2.0427386229599326e-19,2.001812891607944e-07
RJP_0044,28.375,75.625,330821.5254701376,1,0.7010142975301801,3,0.8272520491132644,50,3.5312060606802647e-41,0.7010142975301801,0.29898570246981826
RJP_0045,23.375,74.125,329354.86923897266,0,1.0,3,0.8272520491132644,50,1.0,2.959324778320933e-94,5.203475584532162e-87
RJP_0046,27.375,75.625,328853.0743364096,2,1.0,3,0.8272520491132644,50,3.41458823800441e-22,5.062889442744607e-17,1.0
RJP_0047,27.875,75.375,326767.62616693974,2,0.9999996094749884,3,0.8272520491132644,50,2.828183314081929e-28,3.9052501315261687e-07,0.9999996094749884
RJP_0048,26.875,76.875,324430.9313597083,2,1.0,3,0.8272520491132644,50,5.272722952823631e-16,1.5267105026272643e-26,1.0
RJP_0049,27.875,73.375,323311.6623095572,1,1.0,3,0.8272520491132644,50,2.8533636338928173e-96,1.0,3.114701834144211e-63
RJP_0050,24.625,73.875,319973.6179908514,0,1.0,3,0.8272520491132644,50,1.0,1.8612382982884066e-49,1.3684814991451777e-31
RJP_0051,27.375,77.375,317377.86096024513,2,1.0,3,0.8272520491132644,50,3.892305517735698e-44,2.7392428869479156e-38,1.0
RJP_0052,27.375,76.625,317296.92674696445,2,1.0,3,0.8272520491132644,50,1.697574050575773e-31,4.390352875695186e-33,1.0
RJP_0053,24.625,76.125,314299.2565076351,0,1.0,3,0.8272520491132644,50,1.0,1.185926746188291e-69,1.725107521984384e-54
RJP_0054,23.875,73.625,314095.24462109804,0,1.0,3,0.8272520491132644,50,1.0,2.1315830309236365e-62,1.4407207453760313e-49
RJP_0055,26.625,76.375,312614.9599727988,2,0.99999999999919,3,0.8272520491132644,50,8.095453494399072e-13,1.3057253472999992e-24,0.99999999999919
RJP_0056,26.375,76.625,309943.33269801736,2,0.9999999999998366,3,0.8272520491132644,50,1.6420715959352537e-13,4.387992293547478e-27,0.9999999999998366
RJP_0057,26.125,75.875,309619.64065110683,2,0.9999999814060099,3,0.8272520491132644,50,1.8593989715658892e-08,5.084091790553435e-17,0.9999999814060099
RJP_0058,28.125,75.375,305722.7351038456,1,1.0,3,0.8272520491132644,50,7.185531603572912e-48,1.0,3.1058028379808545e-15
RJP_0059,27.875,75.125,301127.8346581459,1,0.9999999996575752,3,0.8272520491132644,50,4.597373726934223e-32,0.9999999996575752,3.4242347834704554e-10
RJP_0060,26.125,76.375,297003.9912921488,2,0.9999999987745731,3,0.8272520491132644,50,1.225425761717479e-09,9.15079267935046e-22,0.9999999987745731
RJP_0061,27.875,75.875,296026.15887868404,2,0.9999999999999982,3,0.8272520491132644,50,1.0307725971653166e-28,1.1158998605383527e-15,0.9999999999999982
RJP_0062,27.625,76.875,294541.73929446936,2,1.0,3,0.8272520491132644,50,2.0461140799272425e-35,3.999120518211614e-31,1.0
RJP_0063,26.125,72.875,290171.8888748288,1,1.0,3,0.8272520491132644,50,7.231014549291565e-83,1.0,2.380248368201647e-61
RJP_0064,26.625,77.875,288408.0163585544,2,1.0,3,0.8272520491132644,50,3.905546521767003e-16,1.5355568181735995e-28,1.0
RJP_0065,28.125,75.625,285513.65574777126,2,0.9904621418244696,3,0.8272520491132644,50,9.751650648508889e-39,0.009537858175532288,0.9904621418244696
RJP_0066,25.875,71.375,278261.2186641097,1,1.0,3,0.8272520491132644,50,7.570956724569463e-95,1.0,2.704890191916738e-72
RJP_0067,27.625,76.375,274115.8854869455,2,1.0,3,0.8272520491132644,50,1.137764563211391e-33,7.119934500427312e-28,1.0
RJP_0068,28.125,75.875,273337.30431365967,2,0.9999999999881979,3,0.8272520491132644,50,1.4077685136573816e-41,1.1801578858548286e-11,0.9999999999881979
RJP_0069,26.875,76.125,269202.63855326176,2,0.999999999997776,3,0.8272520491132644,50,2.2234889449548215e-12,8.466804165747741e-23,0.999999999997776
RJP_0070,27.625,75.625,264251.3094598055,2,1.0,3,0.8272520491132644,50,1.0905866953101342e-24,9.097568485298607e-16,1.0
RJP_0071,26.875,77.375,262379.18062359095,2,1.0,3,0.8272520491132644,50,2.6748037811449977e-20,8.57672913349124e-31,1.0
RJP_0072,27.125,75.375,259541.31671750543,2,0.9999999999999325,3,0.8272520491132644,50,1.187083557470211e-21,6.666334271303692e-14,0.9999999999999325
RJP_0073,27.625,75.375,250760.0825597048,2,0.9999999999999076,3,0.8272520491132644,50,6.290635828289982e-26,9.303561144244107e-14,0.9999999999999076
RJP_0074,27.625,75.875,250488.64097464085,2,1.0,3,0.8272520491132644,50,2.1118235519476488e-24,7.13585744776773e-18,1.0
RJP_0075,27.125,77.625,250348.7077510357,2,1.0,3,0.8272520491132644,50,1.9213963773351628e-41,1.2748804366959575e-37,1.0
RJP_0076,26.625,76.125,249670.85011845827,2,0.9999999999859739,3,0.8272520491132644,50,1.40273720188563e-11,5.96459106984038e-22,0.9999999999859739
RJP_0077,25.375,75.625,248577.6117837429,0,1.0,3,0.8272520491132644,50,1.0,6.949059214406384e-29,4.733231369043442e-19
RJP_0078,24.875,73.875,248015.15831047297,0,1.0,3,0.8272520491132644,50,1.0,1.2348409812741534e-48,6.631960995508866e-29
RJP_0079,27.125,76.375,247375.5610191524,2,1.0,3,0.8272520491132644,50,1.6913888144386414e-27,6.0970504539982875e-30,1.0
RJP_0080,26.375,76.875,247342.3022249341,2,0.9999999999940385,3,0.8272520491132644,50,5.960509863676479e-12,2.094592358672e-25,0.9999999999940385
RJP_0081,24.875,74.375,247328.23723113537,0,1.0,3,0.8272520491132644,50,1.0,8.77241685922211e-46,7.931525453422646e-24
RJP_0082,27.125,74.625,246473.3383339048,1,1.0,3,0.8272520491132644,50,2.6306497955991173e-46,1.0,5.554405662103315e-22
RJP_0083,26.625,75.875,245699.89906430244,2,0.9999999999883684,3,0.8272520491132644,50,1.163327106034408e-11,4.364529063412068e-19,0.9999999999883684
RJP_0084,27.125,74.875,245114.9789153337,1,1.0,3,0.8272520491132644,50,6.047966383518589e-47,1.0,1.2329840841439041e-23
RJP_0085,27.375,74.875,241122.78571403027,1,1.0,3,0.8272520491132644,50,8.31145327289277e-47,1.0,1.985940423655325e-20
RJP_0086,26.625,77.625,238182.0851955116,2,0.9999999999999929,3,0.8272520491132644,50,5.5368077364336834e-15,1.3147961464206148e-27,0.9999999999999929
RJP_0087,26.875,75.375,237684.6666400433,2,0.9999999999999751,3,0.8272520491132644,50,2.552059309411553e-14,6.612940792790677e-17,0.9999999999999751
RJP_0088,27.375,76.125,235059.48790171745,2,1.0,3,0.8272520491132644,50,4.5058514877238545e-29,2.7088381452669476e-27,1.0
RJP_0089,24.875,74.125,232701.203148067,0,1.0,3,0.8272520491132644,50,1.0,1.0334977984217667e-46,4.7467545451225744e-27
RJP_0090,24.375,76.625,232049.1296108961,0,1.0,3,0.8272520491132644,50,1.0,4.206087557414295e-72,1.12217453859351e-54
RJP_0091,26.625,74.625,228218.0480888486,1,0.9869045574301663,3,0.8272520491132644,50,2.1455689195631393e-14,0.9869045574301663,0.013095442569812108
RJP_0092,25.875,74.625,227816.6046186089,0,0.9999999960901143,3,0.8272520491132644,50,0.9999999960901143,3.7896304633067097e-17,3.90988649047197e-09
RJP_0093,24.125,73.875,226396.3227298856,0,1.0,3,0.8272520491132644,50,1.0,4.4459359983894894e-46,3.542956426081779e-34
RJP_0094,24.125,74.125,223620.37957692143,0,1.0,3,0.8272520491132644,50,1.0,7.007815187632954e-50,6.751812639497085e-35
RJP_0095,27.375,75.375,223427.61685168743,2,0.9999999999999964,3,0.8272520491132644,50,1.2334710630170661e-23,2.728288461547722e-15,0.9999999999999964
RJP_0096,28.125,74.875,222331.13432770967,1,1.0,3,0.8272520491132644,50,1.997326082437282e-69,1.0,2.6371816593483348e-34
RJP_0097,23.625,74.625,221087.84905278683,0,1.0,3,0.8272520491132644,50,1.0,2.9763750547036626e-93,4.6679273365916136e-89
RJP_0098,24.625,74.625,220036.03256851435,0,1.0,3,0.8272520491132644,50,1.0,2.8748955475377994e-47,1.754142939330551e-26
RJP_0099,27.625,74.375,219504.5435451269,1,1.0,3,0.8272520491132644,50,1.1194367656019247e-61,1.0,1.5443518877274772e-34
RJP_0100,27.875,76.125,215635.17670226097,2,1.0,3,0.8272520491132644,50,5.3569575932459294e-37,3.009325469980563e-25,1.0
RJP_0101,27.375,74.625,215306.43787515163,1,1.0,3,0.8272520491132644,50,1.1960215524240147e-49,1.0,1.0280152509761901e-22
RJP_0102,24.875,73.125,211904.16696301103,0,1.0,3,0.8272520491132644,50,1.0,2.4418820671339758e-39,1.2452830364104841e-21
RJP_0103,25.125,76.375,211428.65474897623,0,1.0,3,0.8272520491132644,50,1.0,3.847801967663409e-38,2.5127123218268262e-27
RJP_0104,25.875,73.375,210554.3588542044,1,0.9999999872519325,3,0.8272520491132644,50,5.450413967254904e-09,0.9999999872519325,7.2976560246419915e-09
RJP_0105,26.375,76.375,210334.8066553473,2,0.9999999999983054,3,0.8272520491132644,50,1.692985735052706e-12,2.2705481300597425e-24,0.9999999999983054
RJP_0106,26.375,75.875,209796.76630586383,2,0.9999999999430216,3,0.8272520491132644,50,5.6979863938249105e-11,1.627418876940565e-18,0.9999999999430216
RJP_0107,25.875,72.125,209182.70184344053,1,1.0,3,0.8272520491132644,50,6.415264907237901e-74,1.0,7.246692058781186e-69
RJP_0108,24.625,74.125,206863.26502126447,0,1.0,3,0.8272520491132644,50,1.0,3.3772725965825135e-48,1.8645626834837315e-28
RJP_0109,26.875,77.625,206813.25684535503,2,1.0,3,0.8272520491132644,50,1.0165785092212702e-19,9.57236381491989e-30,1.0
RJP_0110,26.875,75.125,206802.49238288403,2,0.9999999900463621,3,0.8272520491132644,50,7.784517742429498e-12,9.945851791759844e-09,0.9999999900463621
RJP_0111,24.875,71.875,206562.5920379758,1,1.0,3,0.8272520491132644,50,3.6944964355998145e-26,1.0,1.1632069242358454e-36
RJP_0112,27.375,75.125,205180.6319134236,2,0.9999999995034479,3,0.8272520491132644,50,6.405947979519284e-24,4.965524291322945e-10,0.9999999995034479
RJP_0113,26.875,78.125,203674.11956173184,2,1.0,3,0.8272520491132644,50,1.2691938375921303e-30,7.965424017174298e-40,1.0
RJP_0114,23.125,74.375,202617.4611782432,0,1.0,3,0.8272520491132644,50,1.0,3.186312601843989e-98,5.359824892470809e-87
RJP_0115,25.125,76.125,199409.46216326952,0,1.0,3,0.8272520491132644,50,1.0,3.080102064959166e-37,9.775787339805265e-28
RJP_0116,27.875,75.625,199173.86278420687,2,0.9999999999996234,3,0.8272520491132644,50,7.397146507211574e-29,3.7696055018636813e-13,0.9999999999996234
RJP_0117,25.125,76.625,197976.9415908456,0,1.0,3,0.8272520491132644,50,1.0,4.336760601537517e-40,2.0074947193188966e-25
RJP_0118,24.375,73.875,197109.5594609976,0,1.0,3,0.8272520491132644,50,1.0,1.8268936311667122e-48,3.394607165657709e-30
RJP_0119,23.875,73.875,196152.9215787649,0,1.0,3,0.8272520491132644,50,1.0,1.2287523445263903e-56,1.9306589018008406e-51
RJP_0120,25.125,74.125,195385.73548704383,0,0.9999999999999538,3,0.8272520491132644,50,0.9999999999999538,1.2343875247266567e-29,4.733378135767124e-14
RJP_0121,26.625,76.625,191316.62574929,2,0.9999999999999396,3,0.8272520491132644,50,6.151166005287762e-14,2.384737928394312e-27,0.9999999999999396
RJP_0122,25.875,76.375,191300.5448462963,0,0.9999999999999964,3,0.8272520491132644,50,0.9999999999999964,3.9572558665171846e-34,5.125191210680416e-15
RJP_0123,23.875,74.375,190888.12331342697,0,1.0,3,0.8272520491132644,50,1.0,6.39493142037105e-92,4.1922155397460844e-81
RJP_0124,24.625,74.375,190469.1880244017,0,1.0,3,0.8272520491132644,50,1.0,1.2372516153569138e-46,2.9547924290756685e-25
RJP_0125,26.875,74.625,186913.95091682675,1,0.9999997073801945,3,0.8272520491132644,50,6.545511153781922e-21,0.9999997073801945,2.9261980571619835e-07
RJP_0126,25.375,75.875,186431.55415457487,0,1.0,3,0.8272520491132644,50,1.0,3.8019560967104737e-29,2.4712754224277557e-19
RJP_0127,24.375,74.375,185256.09791989625,0,1.0,3,0.8272520491132644,50,1.0,5.518687217458122e-49,8.324577947324563e-30
RJP_0128,25.375,72.625,184161.5776906013,1,1.0,3,0.8272520491132644,50,3.83046173500261e-42,1.0,3.919064148247865e-32
RJP_0129,27.875,76.875,183961.2129585147,2,1.0,3,0.8272520491132644,50,6.274649098897943e-39,1.4124513643023543e-31,1.0
RJP_0130,27.125,76.125,183945.3443194032,2,1.0,3,0.8272520491132644,50,7.645364927964374e-27,1.0208927697811098e-26,1.0
RJP_0131,24.625,72.875,183860.47188133,0,1.0,3,0.8272520491132644,50,1.0,3.3919020156362476e-25,8.250313253505051e-16
RJP_0132,24.375,74.125,183768.93134105208,0,1.0,3,0.8272520491132644,50,1.0,8.883523186168605e-48,2.8951851263085944e-29
RJP_0133,24.125,73.625,182408.7084117532,0,1.0,3,0.8272520491132644,50,1.0,7.7666881569974355e-56,5.76363608059284e-36
RJP_0134,28.125,75.125,182219.9357922077,1,1.0,3,0.8272520491132644,50,1.7867424484248858e-56,1.0,1.4691504022636619e-25
RJP_0135,27.875,74.875,180944.66272342205,1,1.0,3,0.8272520491132644,50,7.974235689404472e-61,1.0,1.1323296944950389e-32
RJP_0136,24.125,74.375,178975.02300938964,0,1.0,3,0.8272520491132644,50,1.0,2.147677948400783e-51,1.9950005847810497e-35
RJP_0137,25.625,76.125,178632.26099410653,0,1.0,3,0.8272520491132644,50,1.0,1.0183479178326806e-34,1.4222057467157228e-19
RJP_0138,24.875,72.875,177376.41205763817,0,0.9999999999994458,3,0.8272520491132644,50,0.9999999999994458,1.6927397958797032e-15,5.536392168770635e-13
RJP_0139,25.625,74.125,176844.40739649534,0,0.9999999999989733,3,0.8272520491132644,50,0.9999999999989733,1.4289656629436218e-20,1.0251963253907512e-12
RJP_0140,25.875,75.125,176729.14035964012,0,0.9999999999998934,3,0.8272520491132644,50,0.9999999999998934,9.989911340408103e-25,1.0637992365208962e-13
RJP_0141,26.625,77.375,176223.818587631,2,1.0,3,0.8272520491132644,50,1.4546935438422044e-15,1.3656689504250343e-28,1.0
RJP_0142,27.625,74.875,176120.4236819744,1,1.0,3,0.8272520491132644,50,2.074315381829149e-52,1.0,1.6740105980677367e-25
RJP_0143,29.625,73.625,175994.9861960709,2,1.0,3,0.8272520491132644,50,5.15428117799542e-77,4.145307836651317e-16,1.0
RJP_0144,24.625,75.875,175744.46833446622,0,1.0,3,0.8272520491132644,50,1.0,3.485567769723609e-69,1.3200883343686145e-47
RJP_0145,27.125,73.625,175640.26943281293,1,1.0,3,0.8272520491132644,50,4.609310362398075e-84,1.0,2.0670281188489854e-52
RJP_0146,24.375,75.875,174819.19602274895,0,1.0,3,0.8272520491132644,50,1.0,1.0137689112632355e-71,1.0830081671097451e-51
RJP_0147,25.625,75.375,174636.23337239027,0,1.0,3,0.8272520491132644,50,1.0,3.7843186195505574e-27,9.794377216791923e-17
RJP_0148,24.375,73.625,174561.526496768,0,1.0,3,0.8272520491132644,50,1.0,4.523688454153868e-60,3.030225384744579e-38
RJP_0149,26.125,74.125,173267.87823933363,1,0.9999999836089196,3,0.8272520491132644,50,1.757563853090161e-12,0.9999999836089196,1.6389322445835718e-08
RJP_0150,23.625,73.625,172635.30561310053,0,1.0,3,0.8272520491132644,50,1.0,4.3812601441031877e-63,2.0624401777813294e-57
RJP_0151,25.125,74.375,172585.31641834974,0,0.9999999999997797,3,0.8272520491132644,50,0.9999999999997797,7.46122299805771e-27,2.214350760876653e-13
RJP_0152,25.125,73.125,172009.07541239262,0,0.9601192977201563,3,0.8272520491132644,50,0.9601192977201563,0.03977545973421072,0.00010524254563472056
RJP_0153,26.875,74.875,171736.5136014223,1,0.9999997910145139,3,0.8272520491132644,50,1.7235467995165452e-20,0.9999997910145139,2.089854871185858e-07
RJP_0154,24.625,72.625,170288.25447186828,0,1.0,3,0.8272520491132644,50,1.0,2.722695672031005e-20,1.0577195625594113e-16
RJP_0155,28.125,74.625,168668.50561365485,1,1.0,3,0.8272520491132644,50,1.4600574410824206e-70,1.0,1.6323703340969012e-36
RJP_0156,27.125,75.125,168051.76268869638,2,0.9999907006716267,3,0.8272520491132644,50,2.3682789263633325e-20,9.299328372624555e-06,0.9999907006716267
RJP_0157,25.125,73.375,167262.70728470013,0,0.9992397283949767,3,0.8272520491132644,50,0.9992397283949767,1.0905952850758797e-06,0.0007591810097355937
RJP_0158,27.125,72.375,166947.40029221773,1,1.0,3,0.8272520491132644,50,1.2058128877125703e-115,1.0,8.617257372171431e-73
RJP_0159,28.375,74.875,166911.48915231228,1,1.0,3,0.8272520491132644,50,5.453359696026941e-72,1.0,9.66966770716859e-36
RJP_0160,26.625,73.625,166903.75944805145,1,1.0,3,0.8272520491132644,50,2.9190802855640005e-40,1.0,9.014442207595343e-21
RJP_0161,25.625,73.875,166565.73541077971,0,0.8527103393210133,3,0.8272520491132644,50,0.8527103393210133,0.14722832586028187,6.133481870323106e-05
RJP_0162,26.625,75.625,166509.86539453268,2,0.9999999999996518,3,0.8272520491132644,50,3.489214320027103e-13,5.054064416574157e-19,0.9999999999996518
RJP_0163,25.125,72.375,165486.68257898092,1,1.0,3,0.8272520491132644,50,7.947830242087849e-37,1.0,1.7764750539132025e-29
RJP_0164,24.875,73.625,165248.98565983772,0,1.0,3,0.8272520491132644,50,1.0,1.2327733370550538e-55,1.3860930402191667e-35
RJP_0165,25.875,74.375,164897.5169093609,0,0.9999999998861462,3,0.8272520491132644,50,0.9999999998861462,1.9774765420433493e-16,1.1385506153130406e-10
RJP_0166,24.875,72.375,164484.4794948697,0,0.9999999999901377,3,0.8272520491132644,50,0.9999999999901377,9.859027663583719e-12,3.5685159767653167e-16
RJP_0167,24.375,76.125,164298.8150048256,0,1.0,3,0.8272520491132644,50,1.0,2.5398245040579504e-71,2.959170750767752e-56
RJP_0168,25.625,71.375,164223.63896855712,1,1.0,3,0.8272520491132644,50,1.316812587203618e-94,1.0,1.848946266775385e-76
RJP_0169,26.625,75.125,163525.46529254317,2,0.9999999999773586,3,0.8272520491132644,50,2.2147779921102935e-11,4.946891757311862e-13,0.9999999999773586
RJP_0170,24.875,75.875,162847.8391391039,0,1.0,3,0.8272520491132644,50,1.0,3.821027319686983e-65,4.1301448333061195e-45
RJP_0171,29.375,74.375,162469.69998911023,2,1.0,3,0.8272520491132644,50,1.6599451502189465e-76,2.3987230609312e-25,1.0
RJP_0172,24.875,76.375,161690.06592437625,0,1.0,3,0.8272520491132644,50,1.0,1.692735551387559e-65,3.649853145815774e-53
RJP_0173,25.375,73.625,161198.9485692382,0,0.9778440698510691,3,0.8272520491132644,50,0.9778440698510691,0.022114481421179805,4.1448727753724064e-05
RJP_0174,29.875,73.625,159992.51377093792,2,1.0,3,0.8272520491132644,50,3.540389484774228e-80,2.2552796027062768e-17,1.0
RJP_0175,27.375,76.375,159990.09639282525,2,1.0,3,0.8272520491132644,50,9.42562416749414e-30,1.6368037046069725e-30,1.0
RJP_0176,25.375,75.125,159491.98526245356,0,0.9999999999999964,3,0.8272520491132644,50,0.9999999999999964,3.587386125859073e-30,5.0432551289219245e-15
RJP_0177,29.125,75.125,159433.59140253067,2,1.0,3,0.8272520491132644,50,7.995223726080679e-63,1.6569755969969545e-16,1.0
RJP_0178,25.625,74.375,158713.45566415787,0,0.9999999999953069,3,0.8272520491132644,50,0.9999999999953069,1.4674911461708583e-21,4.69288930336507e-12
RJP_0179,24.875,73.375,158594.16088251024,0,1.0,3,0.8272520491132644,50,1.0,4.178849740602179e-46,6.902747104814946e-26
RJP_0180,23.875,74.625,157249.98878404498,0,1.0,3,0.8272520491132644,50,1.0,1.8143668037036995e-93,6.001631146135991e-82
RJP_0181,25.125,74.625,156024.7826846242,0,0.9999999999988418,3,0.8272520491132644,50,0.9999999999988418,4.511275066189625e-27,1.1570180515553863e-12
RJP_0182,24.875,72.125,154999.20437151194,0,0.9999999490829423,3,0.8272520491132644,50,0.9999999490829423,5.091705813858061e-08,1.681881184532106e-16
RJP_0183,26.375,73.625,153306.3565185666,1,1.0,3,0.8272520491132644,50,1.3015781780444305e-35,1.0,2.5275424458415587e-19
RJP_0184,24.125,74.875,152870.61702758074,0,1.0,3,0.8272520491132644,50,1.0,3.241606107348704e-51,2.1176990125061503e-36
RJP_0185,27.875,73.625,152513.89314338565,1,1.0,3,0.8272520491132644,50,1.7514754681736263e-93,1.0,1.7291192066556637e-59
RJP_0186,25.625,74.625,152031.59045749903,0,0.9999999999240465,3,0.8272520491132644,50,0.9999999999240465,1.0640669967561743e-20,7.595188158233845e-11
RJP_0187,25.375,76.125,151372.57834368944,0,1.0,3,0.8272520491132644,50,1.0,2.642000796313018e-35,1.2718358124603274e-23
RJP_0188,26.375,74.875,151251.68192607164,2,0.9889870690297491,3,0.8272520491132644,50,5.476687457094104e-10,0.011012930422583271,0.9889870690297491
RJP_0189,25.875,75.875,150872.3965445757,0,0.9999999999956621,3,0.8272520491132644,50,0.9999999999956621,1.3064957251783875e-26,4.3373710472761976e-12
RJP_0190,26.625,73.375,150667.94226294756,1,1.0,3,0.8272520491132644,50,5.36395967079162e-52,1.0,6.962009828454647e-37
RJP_0191,28.375,75.375,149994.7195224166,1,1.0,3,0.8272520491132644,50,2.78530367714001e-53,1.0,1.0829931081404e-18
RJP_0192,26.875,73.375,149925.8997913003,1,1.0,3,0.8272520491132644,50,4.7373773424602766e-60,1.0,1.0621013752947849e-41
RJP_0193,25.625,73.375,149828.27576187253,1,0.999820676767454,3,0.8272520491132644,50,0.0001792698105927601,0.999820676767454,5.34219543586693e-08
RJP_0194,26.375,77.125,149528.4080236554,2,0.9999999999943796,3,0.8272520491132644,50,5.621871602723577e-12,1.7376597178845943e-26,0.9999999999943796
RJP_0195,27.625,74.625,149449.6518546939,1,1.0,3,0.8272520491132644,50,3.028479033290636e-57,1.0,4.1788157497183886e-30
RJP_0196,26.875,73.875,148928.59369140863,1,0.9999999999999964,3,0.8272520491132644,50,3.3048343838214855e-39,0.9999999999999964,3.774361095791244e-15
RJP_0197,26.375,76.125,148495.17669969797,2,0.9999999999828901,3,0.8272520491132644,50,1.710913599025762e-11,8.084836538976579e-22,0.9999999999828901
RJP_0198,24.625,76.375,148171.64057411253,0,1.0,3,0.8272520491132644,50,1.0,1.860606090199672e-68,3.2072417481007516e-54
RJP_0199,29.375,73.875,148152.94856008887,2,1.0,3,0.8272520491132644,50,3.3594465222167525e-76,8.114897355893996e-17,1.0
RJP_0200,25.375,73.375,147863.63673877716,1,0.9946874927173197,3,0.8272520491132644,50,0.005311913931782911,0.9946874927173197,5.933508976827718e-07
RJP_0201,26.375,75.375,147686.3273421526,2,0.9999999887542081,3,0.8272520491132644,50,1.1245444772563589e-08,3.4603605741138213e-13,0.9999999887542081
RJP_0202,26.875,73.625,147494.9588805735,1,1.0,3,0.8272520491132644,50,2.298083554252489e-48,1.0,4.767841149094451e-28
RJP_0203,26.625,74.125,147291.10003101826,1,0.9978200829225077,3,0.8272520491132644,50,1.586858151271503e-16,0.9978200829225077,0.002179917077491046
RJP_0204,24.875,76.625,147287.08608472347,0,1.0,3,0.8272520491132644,50,1.0,5.264817961030073e-67,7.997498671363067e-52
RJP_0205,24.625,76.625,146326.6985320449,0,1.0,3,0.8272520491132644,50,1.0,1.0622476240763045e-69,1.0660967869263398e-53
RJP_0206,24.375,74.625,145556.27674348652,0,1.0,3,0.8272520491132644,50,1.0,3.207794533226154e-49,3.765626729969999e-31
RJP_0207,24.375,76.375,145410.57881334424,0,1.0,3,0.8272520491132644,50,1.0,1.4511399532231185e-70,2.587544895096493e-55
RJP_0208,25.375,73.875,145376.24346372485,0,0.9952764677584577,3,0.8272520491132644,50,0.9952764677584577,8.117320659579853e-10,0.004723531429808856
RJP_0209,27.125,73.875,144841.97017121315,1,1.0,3,0.8272520491132644,50,1.7220404778280116e-73,1.0,3.141586854601656e-38
RJP_0210,26.125,75.125,144211.11205810308,2,0.9995542863322975,3,0.8272520491132644,50,0.0004457101090183629,3.55868486043076e-09,0.9995542863322975
RJP_0211,25.625,75.125,143963.20214146376,0,1.0,3,0.8272520491132644,50,1.0,2.9600647381511636e-27,6.856971065531101e-16
RJP_0212,25.125,72.125,143614.36113923788,1,1.0,3,0.8272520491132644,50,1.7157354789413956e-43,1.0,2.365454659448735e-40
RJP_0213,26.375,74.125,143231.9406092167,1,0.9999976978800293,3,0.8272520491132644,50,6.784366585657189e-15,0.9999976978800293,2.302119964703019e-06
RJP_0214,29.625,74.125,142764.70178556442,2,1.0,3,0.8272520491132644,50,2.4027311697495077e-79,3.2120159768828466e-28,1.0
RJP_0215,25.625,74.875,142685.2276136279,0,0.9999999999463469,3,0.8272520491132644,50,0.9999999999463469,1.3892377314236997e-20,5.365347121424101e-11
RJP_0216,26.625,72.875,142622.7549828291,1,1.0,3,0.8272520491132644,50,5.118820149010171e-97,1.0,3.296025627289598e-62
RJP_0217,28.625,75.375,141773.67208904028,1,1.0,3,0.8272520491132644,50,1.941601071260951e-55,1.0,5.028809197080564e-19
RJP_0218,24.875,71.625,141681.67203378677,1,1.0,3,0.8272520491132644,50,2.2858292572138656e-44,1.0,6.073801595276823e-66
RJP_0219,28.125,76.375,141092.37621474266,2,1.0,3,0.8272520491132644,50,5.250948018873893e-53,2.905538769722253e-33,1.0
RJP_0220,25.375,74.875,139982.89765399694,0,0.9999999999257696,3,0.8272520491132644,50,0.9999999999257696,5.633653388538716e-24,7.42295818732383e-11
RJP_0221,24.375,73.375,139255.71552585065,0,1.0,3,0.8272520491132644,50,1.0,1.2169017827187354e-58,6.149632066325106e-32
RJP_0222,25.875,72.375,139220.14867913723,1,1.0,3,0.8272520491132644,50,1.1969438456738862e-69,1.0,3.0197282470756937e-66
RJP_0223,25.125,72.625,139071.93956303596,1,1.0,3,0.8272520491132644,50,1.048307316255789e-31,1.0,1.2856920861606535e-19
RJP_0224,25.875,74.125,138902.49172085524,0,0.9999999999980389,3,0.8272520491132644,50,0.9999999999980389,2.739705910195245e-14,1.9318301297549572e-12
RJP_0225,27.625,73.375,137773.65427446365,1,1.0,3,0.8272520491132644,50,2.5861598034301427e-95,1.0,8.735817741320147e-61
RJP_0226,27.625,77.375,136947.15050655603,2,1.0,3,0.8272520491132644,50,5.589872537664785e-46,6.460181449602257e-40,1.0
RJP_0227,29.125,74.875,136689.2611927986,2,0.9999999999063718,3,0.8272520491132644,50,9.733994174411802e-66,9.362623924843684e-11,0.9999999999063718
RJP_0228,24.625,76.875,136665.862924397,0,1.0,3,0.8272520491132644,50,1.0,4.5276398129226196e-73,1.221763863039527e-48
RJP_0229,27.875,73.125,136298.67869546264,1,1.0,3,0.8272520491132644,50,1.4871176059307326e-98,1.0,3.0471737484698813e-65
RJP_0230,25.375,76.375,135821.91233587265,0,1.0,3,0.8272520491132644,50,1.0,1.8487072066463129e-37,7.613944366838941e-24
RJP_0231,25.875,75.375,135679.22081643343,0,0.9999999999999751,3,0.8272520491132644,50,0.9999999999999751,4.16968717383349e-26,2.3256773569914325e-14
RJP_0232,24.625,72.375,135231.84093511105,0,1.0,3,0.8272520491132644,50,1.0,1.6781496221292175e-17,1.881434406295877e-20
RJP_0233,29.875,74.375,135122.83107626438,2,1.0,3,0.8272520491132644,50,6.596190427165707e-79,3.6825717192232874e-25,1.0
RJP_0234,27.875,74.375,134466.2102637887,1,1.0,3,0.8272520491132644,50,2.0860046802495695e-65,1.0,2.774493682605888e-37
RJP_0235,25.375,74.125,133527.85899734497,0,0.9999999999999893,3,0.8272520491132644,50,0.9999999999999893,5.667119410135108e-27,1.0307689344438005e-14
RJP_0236,28.375,75.125,133196.79231017828,1,1.0,3,0.8272520491132644,50,1.6121599777838832e-58,1.0,1.1286367556592017e-25
RJP_0237,25.375,72.375,133098.1147428751,1,1.0,3,0.8272520491132644,50,4.979415228868117e-51,1.0,2.5774105069799126e-49
RJP_0238,26.125,75.375,132696.0406550467,2,0.999832256243088,3,0.8272520491132644,50,0.0001677428451596815,9.117518848810608e-10,0.999832256243088
RJP_0239,25.375,74.375,132567.9046369195,0,0.9999999999996056,3,0.8272520491132644,50,0.9999999999996056,5.660629917668212e-25,3.943677134021619e-13
RJP_0240,24.625,73.125,131715.6689310819,0,1.0,3,0.8272520491132644,50,1.0,3.364942035687347e-48,3.6165083862614476e-26
RJP_0241,25.875,75.625,131619.79277956486,0,0.9999999999993889,3,0.8272520491132644,50,0.9999999999993889,2.074979009517865e-26,6.112792592835699e-13
RJP_0242,26.125,76.125,130218.79568374155,2,0.9999999960223569,3,0.8272520491132644,50,3.977642344878167e-09,7.639272191329937e-20,0.9999999960223569
RJP_0243,23.375,73.875,130128.61921858788,0,1.0,3,0.8272520491132644,50,1.0,3.234439247276724e-64,9.288440485423266e-59
RJP_0244,24.875,76.125,129377.67948585749,0,1.0,3,0.8272520491132644,50,1.0,3.412948182463763e-65,2.433788401898044e-53
RJP_0245,26.125,75.625,129332.0711159706,2,0.9999993857947412,3,0.8272520491132644,50,6.142052010142507e-07,5.949790321231625e-14,0.9999993857947412
RJP_0246,25.625,75.875,128413.44385325909,0,0.9999999999999929,3,0.8272520491132644,50,0.9999999999999929,1.1224757473449647e-28,6.039189439899208e-15
RJP_0247,27.875,74.625,127857.63621550798,1,1.0,3,0.8272520491132644,50,2.0924168452560158e-63,1.0,1.8039599932922433e-35
RJP_0248,25.625,75.625,127071.83221650124,0,1.0,3,0.8272520491132644,50,1.0,6.769168003101729e-28,9.23322259843831e-16
RJP_0249,23.875,74.875,126684.87535327672,0,1.0,3,0.8272520491132644,50,1.0,3.2680591567497917e-94,5.03299384151429e-81
RJP_0250,25.625,73.625,126501.74606603384,1,0.9972784338529954,3,0.8272520491132644,50,0.0027215660228992076,0.9972784338529954,1.2410542110952798e-10
RJP_0251,25.875,76.125,126456.99814346433,0,1.0,3,0.8272520491132644,50,1.0,7.44708735468019e-33,9.908831895407828e-16
RJP_0252,23.375,74.625,125913.99821728468,0,1.0,3,0.8272520491132644,50,1.0,2.494333404304653e-96,8.822083235983632e-93
RJP_0253,26.375,73.375,124998.97859114408,1,1.0,3,0.8272520491132644,50,5.694696854686789e-43,1.0,2.4482165388808638e-31
RJP_0254,28.125,73.625,123798.75919772685,1,1.0,3,0.8272520491132644,50,1.694256330176418e-95,1.0,4.7669689294268047e-57
RJP_0255,25.625,76.375,123252.91524127126,0,1.0,3,0.8272520491132644,50,1.0,2.7766334862247136e-36,8.067259174382645e-21
RJP_0256,25.125,74.875,123056.1121610105,0,0.9999999999971365,3,0.8272520491132644,50,0.9999999999971365,6.903870276572428e-28,2.8649973215684256e-12
RJP_0257,26.875,74.375,122836.16786935924,1,0.9999992207026852,3,0.8272520491132644,50,3.1408358762700394e-21,0.9999992207026852,7.792973138478848e-07
RJP_0258,26.625,75.375,122631.20641708374,2,0.9999999999993889,3,0.8272520491132644,50,6.121343672180305e-13,3.391778400957965e-17,0.9999999999993889
RJP_0259,26.125,73.625,121309.13620868324,1,1.0,3,0.8272520491132644,50,4.373736633272765e-30,1.0,3.093081661998428e-17
RJP_0260,25.125,71.875,120493.79977828264,1,1.0,3,0.8272520491132644,50,3.853988336924953e-74,1.0,1.0218546253817007e-73
RJP_0261,25.875,74.875,120256.22111305594,0,0.9999999928745744,3,0.8272520491132644,50,0.9999999928745744,7.489400575530192e-18,7.125425463739523e-09
RJP_0262,27.375,74.375,120123.27349585296,1,1.0,3,0.8272520491132644,50,1.8602456661861872e-51,1.0,4.642601311118074e-25
RJP_0263,29.375,74.125,119990.50042703748,2,1.0,3,0.8272520491132644,50,6.387598735545425e-78,7.54329988514065e-27,1.0
RJP_0264,26.375,72.375,119680.10509264468,1,1.0,3,0.8272520491132644,50,3.594256023271538e-101,1.0,4.397466930571641e-71
RJP_0265,27.125,74.375,118694.50192958117,1,1.0,3,0.8272520491132644,50,7.386684977987634e-48,1.0,8.975387495117674e-24
RJP_0266,27.125,74.125,118662.557626158,1,1.0,3,0.8272520491132644,50,7.645853923424781e-46,1.0,1.1966177931912763e-18
RJP_0267,24.875,72.625,118515.43295413256,0,0.9999999999988134,3,0.8272520491132644,50,0.9999999999988134,2.1035512197848282e-14,1.1666217526506004e-12
RJP_0268,25.125,75.125,118344.68873271346,0,1.0,3,0.8272520491132644,50,1.0,4.2684001171094105e-34,5.075600609160801e-16
RJP_0269,26.375,73.875,118179.44070088863,1,1.0,3,0.8272520491132644,50,1.7748105675414704e-33,1.0,1.381429502473535e-16
RJP_0270,26.125,74.625,117140.32047355176,1,0.8966666735320432,3,0.8272520491132644,50,4.8413027477448494e-08,0.8966666735320432,0.10333327805492873
RJP_0271,24.375,72.875,116681.08079454304,0,1.0,3,0.8272520491132644,50,1.0,2.6020927213087616e-32,2.738745948687423e-19
RJP_0272,26.625,73.875,114326.11652976274,1,0.9999999999999964,3,0.8272520491132644,50,5.216241942634145e-36,0.9999999999999964,3.2615095936353248e-15
RJP_0273,25.375,72.875,114313.29009705782,1,1.0,3,0.8272520491132644,50,1.8283239975545378e-34,1.0,6.279513319933351e-21
RJP_0274,24.125,75.875,113582.69657090306,0,1.0,3,0.8272520491132644,50,1.0,3.492382415089717e-65,2.1304666278330482e-50
RJP_0275,25.375,72.125,113559.87014728785,1,1.0,3,0.8272520491132644,50,1.564017923105924e-62,1.0,1.8672829842303087e-65
RJP_0276,25.125,75.375,113350.2185229212,0,1.0,3,0.8272520491132644,50,1.0,1.3824929591897098e-33,3.6853609544053776e-18
RJP_0277,26.375,75.625,112915.3094687462,2,0.9999999994077235,3,0.8272520491132644,50,5.922767453268853e-10,5.495973797241449e-16,0.9999999994077235
RJP_0278,25.625,72.375,112695.6125972271,1,1.0,3,0.8272520491132644,50,2.37579789060939e-66,1.0,3.365635051605668e-67
RJP_0279,26.625,74.375,111775.0281959772,1,0.9962527836302485,3,0.8272520491132644,50,1.4743797464623134e-15,0.9962527836302485,0.003747216369749785
RJP_0280,26.375,75.125,111143.52722930908,2,0.9999998399116329,3,0.8272520491132644,50,1.6003977566898485e-07,4.859142433346259e-11,0.9999998399116329
RJP_0281,26.375,74.375,111137.60117653012,1,0.9999836707930749,3,0.8272520491132644,50,1.419254317906652e-13,0.9999836707930749,1.6329206783780263e-05
RJP_0282,25.875,71.625,109419.64340612292,1,1.0,3,0.8272520491132644,50,1.5931108305079185e-91,1.0,1.286630979713602e-72
RJP_0283,29.125,73.625,109163.09935048968,1,0.9989692308249607,3,0.8272520491132644,50,3.1441535312832422e-68,0.9989692308249607,0.0010307691750453178
RJP_0284,25.125,72.875,108823.41458028556,1,1.0,3,0.8272520491132644,50,2.0514670181890064e-29,1.0,4.337065337796075e-18
RJP_0285,25.875,73.625,108387.5893714428,1,0.9999955309278793,3,0.8272520491132644,50,4.335436434397353e-06,0.9999955309278793,1.3363568593367167e-07
RJP_0286,23.875,75.625,108326.65238314868,0,1.0,3,0.8272520491132644,50,1.0,2.72944299551673e-91,1.3197274845109282e-72
RJP_0287,25.625,72.625,108184.55408486724,1,1.0,3,0.8272520491132644,50,1.3928451720826898e-55,1.0,2.6196686146813186e-56
RJP_0288,24.875,75.625,107215.75774651766,0,1.0,3,0.8272520491132644,50,1.0,1.5964975102185805e-67,4.865552942843851e-43
RJP_0289,25.375,71.875,106423.05578514934,1,1.0,3,0.8272520491132644,50,1.7142268140423006e-86,1.0,2.3341013750071636e-82
RJP_0290,26.125,73.875,106418.16570347548,1,1.0,3,0.8272520491132644,50,6.850211281586473e-30,1.0,1.2779668914024313e-17
RJP_0291,25.125,75.625,106209.52101537584,0,1.0,3,0.8272520491132644,50,1.0,1.349448345339642e-32,2.7952798876992666e-20
RJP_0292,29.625,73.875,105622.50359869003,2,1.0,3,0.8272520491132644,50,6.130525350921303e-79,1.839201583858665e-20,1.0
RJP_0293,28.375,75.875,105587.1665521264,2,0.9999999999957616,3,0.8272520491132644,50,1.3861907480463448e-44,4.239136436232418e-12,0.9999999999957616
RJP_0294,28.875,75.375,105304.01587742569,1,0.9999999905283445,3,0.8272520491132644,50,2.483673513447299e-49,0.9999999905283445,9.471654788662227e-09
RJP_0295,24.125,73.375,104970.6559396088,0,1.0,3,0.8272520491132644,50,1.0,1.3892260784219808e-55,1.297589772546225e-31
RJP_0296,25.375,75.375,104296.46905881166,0,1.0,3,0.8272520491132644,50,1.0,1.5352690597304113e-29,2.5686967503079055e-17
RJP_0297,29.625,73.375,103421.44569176435,2,0.9999999993235207,3,0.8272520491132644,50,4.2473470364022233e-75,6.76479565840694e-10,0.9999999993235207
RJP_0298,26.875,74.125,103365.65365129708,1,0.9965378325216899,3,0.8272520491132644,50,9.815083738166048e-20,0.9965378325216899,0.003462167478310762
RJP_0299,26.125,74.875,103081.0285500288,2,0.7808774577088576,3,0.8272520491132644,50,1.7406704986172213e-07,0.21912236822409073,0.7808774577088576
RJP_0300,24.125,74.625,102857.13109847905,0,1.0,3,0.8272520491132644,50,1.0,1.7532144207497703e-52,3.1379859580027626e-37
RJP_0301,25.125,71.125,102700.7788027525,1,1.0,3,0.8272520491132644,50,7.19825263708264e-95,1.0,9.013525091208343e-86
RJP_0302,26.375,72.625,102638.81435635686,1,1.0,3,0.8272520491132644,50,1.8194719153590123e-94,1.0,3.2924519295556826e-65
RJP_0303,29.375,73.625,102344.49801126122,2,0.9999999999995026,3,0.8272520491132644,50,1.2974279085051067e-74,5.043409804601724e-13,0.9999999999995026
RJP_0304,26.625,73.125,101782.74567472936,1,1.0,3,0.8272520491132644,50,1.0572310851079976e-58,1.0,1.0415098522334146e-42
RJP_0305,27.625,73.875,101712.28976383804,1,1.0,3,0.8272520491132644,50,1.0285055378706553e-90,1.0,5.683599061688072e-56
RJP_0306,26.125,76.625,100979.6412115097,2,0.9999999995028439,3,0.8272520491132644,50,4.971565930081219e-10,1.70984465412142e-24,0.9999999995028439
RJP_0307,29.125,73.125,100333.88482709228,1,0.9999999414185811,3,0.8272520491132644,50,9.973145854475062e-72,0.9999999414185811,5.8581419332571266e-08
RJP_0308,23.875,73.375,100329.71384835245,0,1.0,3,0.8272520491132644,50,1.0,8.216345465635671e-67,5.791837615038391e-47
RJP_0309,25.875,72.625,100176.37689721584,1,1.0,3,0.8272520491132644,50,1.324037420118221e-62,1.0,4.084856538030429e-61
RJP_0310,29.125,75.375,100126.33227413891,2,1.0,3,0.8272520491132644,50,2.0947787180036695e-64,1.2181533992516235e-20,1.0
RJP_0311,24.875,71.375,99528.65527665617,1,1.0,3,0.8272520491132644,50,1.8158517951824278e-52,1.0,8.511307448231874e-71
RJP_0312,26.125,72.625,97742.38838359714,1,1.0,3,0.8272520491132644,50,6.615411840481805e-93,1.0,6.932574683632025e-72
RJP_0313,25.125,71.625,97730.9967173338,1,1.0,3,0.8272520491132644,50,1.2411642419009632e-82,1.0,2.409816765933846e-80
RJP_0314,27.875,77.125,96506.67255330086,2,1.0,3,0.8272520491132644,50,3.1513677873982224e-45,2.1088612389380244e-36,1.0
RJP_0315,25.375,73.125,96435.93085709214,1,0.9981406212435394,3,0.8272520491132644,50,0.0018114224310539727,0.9981406212435394,4.795632540461804e-05
RJP_0316,24.625,71.875,96208.7529872656,1,1.0,3,0.8272520491132644,50,4.1586077411843164e-16,1.0,8.602337507408672e-22
RJP_0317,28.875,72.875,95832.78838596492,1,1.0,3,0.8272520491132644,50,2.2338810672427098e-108,1.0,3.1236306556229435e-57
RJP_0318,27.375,74.125,95652.30440628529,1,1.0,3,0.8272520491132644,50,7.274904077266563e-57,1.0,2.1697596528787467e-31
RJP_0319,28.625,75.125,95600.10913795231,1,1.0,3,0.8272520491132644,50,7.052140721455046e-58,1.0,2.3259990350215137e-22
RJP_0320,25.625,72.125,95022.032027781,1,1.0,3,0.8272520491132644,50,7.2673753701538485e-75,1.0,1.188781256734453e-75
